# Log file created at 2025-04-03T01:27:44.870013671
BOARD_NAME	WIDTH	HEIGHT
Board #0	32	17
COL_0	COL_1	COL_2	COL_3	COL_4	COL_5	COL_6	COL_7	COL_8	COL_9	COL_10	COL_11	COL_12	COL_13	COL_14	COL_15	COL_16	COL_17	COL_18	COL_19	COL_20	COL_21	COL_22	COL_23	COL_24	COL_25	COL_26	COL_27	COL_28	COL_29	COL_30	COL_31	
ROW_0	Level: 0  Features: 	Level: 0  Features: 	Level: 0  Features: 	Level: 0  Features: Light Woods; foliage_elev(2, 0); 	Level: 0  Features: 	Level: 0  Features: incline_bottom(1, 0); 	Level: 1  Features: incline_top(1, 0); 	Level: 1  Features: incline_top(1, 0); 	Level: 0  Features: incline_bottom(1, 0); 	Level: 0  Features: incline_bottom(1, 0); 	Level: 0  Features: Light Woods; foliage_elev(2, 0); 	Level: 0  Features: 	Level: 0  Features: 	Level: 0  Features: 	Level: 0  Features: 	Level: 0  Features: 	Level: 0  Features: 
ROW_1	Level: 0  Features: incline_bottom(1, 0); 	Level: 0  Features: Light Woods; foliage_elev(2, 0); incline_bottom(1, 0); 	Level: 0  Features: Light Woods; foliage_elev(2, 0); incline_bottom(1, 0); 	Level: 0  Features: incline_bottom(1, 0); 	Level: 0  Features: incline_bottom(1, 0); 	Level: 1  Features: incline_top(1, 0); 	Level: 1  Features: incline_bottom(1, 0); 	Level: 1  Features: incline_top(1, 0); incline_bottom(1, 0); 	Level: 1  Features: incline_top(1, 0); incline_bottom(1, 0); 	Level: 0  Features: incline_bottom(1, 0); 	Level: 0  Features: 	Level: 0  Features: 	Level: 0  Features: 	Level: 0  Features: 	Level: 0  Features: 	Level: 0  Features: 	Level: 0  Features: 
ROW_2	Level: 0  Features: incline_bottom(1, 0); 	Level: 1  Features: incline_top(1, 0); incline_bottom(1, 0); 	Level: 2  Features: Light Woods; foliage_elev(2, 0); incline_top(1, 0); 	Level: 1  Features: incline_top(1, 0); incline_bottom(1, 0); 	Level: 0  Features: incline_bottom(1, 0); 	Level: 0  Features: incline_bottom(1, 0); 	Level: 1  Features: incline_top(1, 0); incline_bottom(1, 0); 	Level: 2  Features: incline_top(1, 0); 	Level: 2  Features: incline_top(1, 0); 	Level: 1  Features: Light Woods; incline_top(1, 0); incline_bottom(1, 0); foliage_elev(2, 0); 	Level: 0  Features: Light Woods; foliage_elev(2, 0); incline_bottom(1, 0); 	Level: 0  Features: 	Level: 0  Features: 	Level: 0  Features: 	Level: 0  Features: incline_bottom(1, 0); 	Level: 0  Features: incline_bottom(1, 0); 	Level: 0  Features: 
ROW_3	Level: 0  Features: incline_bottom(1, 0); 	Level: 2  Features: incline_top(1, 0); 	Level: 2  Features: incline_top(1, 0); 	Level: 1  Features: incline_top(1, 0); incline_bottom(1, 0); 	Level: 0  Features: incline_bottom(1, 0); 	Level: 0  Features: incline_bottom(1, 0); 	Level: 1  Features: incline_top(1, 0); incline_bottom(1, 0); 	Level: 2  Features: Light Woods; foliage_elev(2, 0); incline_top(1, 0); 	Level: 2  Features: Light Woods; foliage_elev(2, 0); incline_top(1, 0); 	Level: 1  Features: incline_top(1, 0); incline_bottom(1, 0); 	Level: 0  Features: incline_bottom(1, 0); 	Level: 0  Features: 	Level: 0  Features: Light Woods; foliage_elev(2, 0); 	Level: 0  Features: incline_bottom(1, 0); 	Level: 1  Features: incline_top(1, 0); 	Level: 0  Features: incline_bottom(1, 0); 	Level: 0  Features: 
ROW_4	Level: 0  Features: 	Level: 0  Features: incline_bottom(1, 0); 	Level: 0  Features: incline_bottom(1, 0); 	Level: 1  Features: incline_top(1, 0); incline_bottom(1, 0); 	Level: 0  Features: Light Woods; foliage_elev(2, 0); incline_bottom(1, 0); 	Level: 0  Features: 	Level: 0  Features: incline_bottom(1, 0); 	Level: 2  Features: incline_top(1, 0); 	Level: 2  Features: Light Woods; foliage_elev(2, 0); 	Level: 2  Features: incline_top(1, 0); 	Level: 2  Features: incline_top(1, 0); 	Level: 0  Features: incline_bottom(1, 0); 	Level: 0  Features: Light Woods; foliage_elev(2, 0); incline_bottom(1, 0); 	Level: 0  Features: Light Woods; foliage_elev(2, 0); incline_bottom(1, 0); 	Level: 1  Features: incline_top(1, 0); incline_bottom(1, 0); 	Level: 1  Features: incline_top(1, 0); incline_bottom(1, 0); 	Level: 0  Features: incline_bottom(1, 0); 
ROW_5	Level: 0  Features: 	Level: 0  Features: 	Level: 0  Features: incline_bottom(1, 0); 	Level: 1  Features: Light Woods; foliage_elev(2, 0); incline_top(1, 0); 	Level: 0  Features: Light Woods; foliage_elev(2, 0); incline_bottom(1, 0); 	Level: 0  Features: incline_bottom(1, 0); 	Level: 1  Features: incline_top(1, 0); incline_bottom(1, 0); 	Level: 2  Features: incline_top(1, 0); 	Level: 2  Features: incline_top(1, 0); 	Level: 2  Features: incline_top(1, 0); 	Level: 1  Features: incline_top(1, 0); incline_bottom(1, 0); 	Level: 0  Features: incline_bottom(1, 0); 	Level: 1  Features: Light Woods; incline_top(1, 0); incline_bottom(1, 0); foliage_elev(2, 0); 	Level: 2  Features: incline_top(1, 0); 	Level: 2  Features: incline_top(1, 0); 	Level: 0  Features: Rough; incline_bottom(1, 0); 	Level: 0  Features: incline_bottom(1, 0); 
ROW_6	Level: 0  Features: 	Level: 0  Features: 	Level: 0  Features: 	Level: 0  Features: incline_bottom(1, 0); 	Level: 0  Features: incline_bottom(1, 0); 	Level: 0  Features: Light Woods; foliage_elev(2, 0); incline_bottom(1, 0); 	Level: 1  Features: incline_top(1, 0); 	Level: 1  Features: incline_bottom(1, 0); 	Level: 2  Features: Heavy Woods; foliage_elev(2, 0); incline_top(1, 0); 	Level: 1  Features: Light Woods; foliage_elev(2, 0); incline_bottom(1, 0); 	Level: 1  Features: incline_top(1, 0); incline_bottom(1, 0); 	Level: 0  Features: incline_bottom(1, 0); 	Level: 0  Features: incline_bottom(1, 0); 	Level: 2  Features: Light Woods; foliage_elev(2, 0); incline_top(1, 0); 	Level: 2  Features: incline_top(1, 0); 	Level: 1  Features: incline_top(1, 0); incline_bottom(1, 0); 	Level: 1  Features: incline_top(1, 0); 
ROW_7	Level: 0  Features: incline_bottom(1, 0); 	Level: 0  Features: incline_bottom(1, 0); 	Level: 0  Features: incline_bottom(1, 0); 	Level: 1  Features: incline_top(1, 0); incline_bottom(1, 0); 	Level: 1  Features: incline_top(1, 0); incline_bottom(1, 0); 	Level: 1  Features: incline_top(1, 0); incline_bottom(1, 0); 	Level: 1  Features: 	Level: 1  Features: Light Woods; foliage_elev(2, 0); incline_bottom(1, 0); 	Level: 1  Features: Light Woods; incline_top(1, 0); incline_bottom(1, 0); foliage_elev(2, 0); 	Level: 1  Features: incline_top(1, 0); 	Level: 0  Features: incline_bottom(1, 0); 	Level: 0  Features: 	Level: 0  Features: incline_bottom(1, 0); 	Level: 1  Features: incline_top(1, 0); incline_bottom(1, 0); 	Level: 1  Features: incline_top(1, 0); incline_bottom(1, 0); 	Level: 1  Features: incline_top(1, 0); 	Level: 0  Features: incline_bottom(1, 0); 
ROW_8	Level: 1  Features: incline_top(1, 0); 	Level: 0  Features: Rough; incline_bottom(1, 0); 	Level: 1  Features: incline_top(1, 0); 	Level: 1  Features: incline_top(1, 0); incline_bottom(1, 0); 	Level: 2  Features: incline_top(1, 0); 	Level: 2  Features: incline_top(1, 0); 	Level: 1  Features: incline_bottom(1, 0); 	Level: 1  Features: 	Level: 1  Features: incline_top(1, 0); 	Level: 0  Features: Rough; incline_bottom(1, 0); 	Level: 0  Features: incline_bottom(1, 0); 	Level: 0  Features: 	Level: 0  Features: Light Woods; foliage_elev(2, 0); incline_bottom(1, 0); 	Level: 0  Features: incline_bottom(1, 0); 	Level: 0  Features: incline_bottom(1, 0); 	Level: 1  Features: incline_top(1, 0); 	Level: 0  Features: incline_bottom(1, 0); 
ROW_9	Level: 1  Features: incline_top(1, 0); 	Level: 1  Features: incline_top(1, 0); 	Level: 1  Features: incline_bottom(1, 0); 	Level: 2  Features: incline_top(1, 0); 	Level: 2  Features: Heavy Woods; foliage_elev(2, 0); 	Level: 2  Features: incline_top(1, 0); 	Level: 1  Features: incline_bottom(1, 0); 	Level: 1  Features: incline_top(1, 0); 	Level: 0  Features: incline_bottom(1, 0); 	Level: 0  Features: 	Level: 0  Features: Light Woods; foliage_elev(2, 0); 	Level: 0  Features: Heavy Woods; foliage_elev(2, 0); incline_bottom(1, 0); 	Level: 2  Features: incline_top(1, 0); 	Level: 0  Features: incline_bottom(1, 0); 	Level: 0  Features: incline_bottom(1, 0); 	Level: 0  Features: incline_bottom(1, 0); 	Level: 0  Features: 
ROW_10	Level: 0  Features: incline_bottom(1, 0); 	Level: 1  Features: incline_top(1, 0); 	Level: 1  Features: incline_bottom(1, 0); 	Level: 2  Features: incline_top(1, 0); 	Level: 2  Features: Heavy Woods; foliage_elev(2, 0); incline_top(1, 0); 	Level: 2  Features: 	Level: 2  Features: incline_top(1, 0); 	Level: 1  Features: incline_top(1, 0); incline_bottom(1, 0); 	Level: 0  Features: incline_bottom(1, 0); 	Level: 0  Features: 	Level: 0  Features: 	Level: 0  Features: incline_bottom(1, 0); 	Level: 2  Features: Light Woods; foliage_elev(2, 0); incline_top(1, 0); 	Level: 2  Features: incline_top(1, 0); 	Level: 0  Features: incline_bottom(1, 0); 	Level: 0  Features: 	Level: 0  Features: 
ROW_11	Level: 0  Features: incline_bottom(1, 0); 	Level: 1  Features: Light Woods; foliage_elev(2, 0); incline_top(1, 0); 	Level: 1  Features: incline_top(1, 0); incline_bottom(1, 0); 	Level: 1  Features: incline_top(1, 0); incline_bottom(1, 0); 	Level: 2  Features: incline_top(1, 0); 	Level: 2  Features: incline_top(1, 0); 	Level: 1  Features: incline_bottom(1, 0); 	Level: 1  Features: incline_top(1, 0); 	Level: 0  Features: incline_bottom(1, 0); 	Level: 0  Features: incline_bottom(1, 0); 	Level: 0  Features: incline_bottom(1, 0); 	Level: 2  Features: Light Woods; foliage_elev(2, 0); incline_top(1, 0); 	Level: 1  Features: incline_top(1, 0); incline_bottom(1, 0); 	Level: 0  Features: incline_bottom(1, 0); 	Level: 0  Features: 	Level: 0  Features: 	Level: 0  Features: 
ROW_12	Level: 0  Features: incline_bottom(1, 0); 	Level: 1  Features: Light Woods; foliage_elev(2, 0); incline_top(1, 0); 	Level: 1  Features: Heavy Woods; foliage_elev(2, 0); incline_top(1, 0); 	Level: 0  Features: Light Woods; foliage_elev(2, 0); incline_bottom(1, 0); 	Level: 1  Features: incline_top(1, 0); incline_bottom(1, 0); 	Level: 1  Features: incline_top(1, 0); incline_bottom(1, 0); 	Level: 1  Features: incline_bottom(1, 0); 	Level: 1  Features: Light Woods; foliage_elev(2, 0); incline_bottom(1, 0); 	Level: 1  Features: Light Woods; incline_top(1, 0); incline_bottom(1, 0); foliage_elev(2, 0); 	Level: 1  Features: incline_top(1, 0); incline_bottom(1, 0); 	Level: 1  Features: incline_top(1, 0); 	Level: 0  Features: incline_bottom(1, 0); 	Level: 1  Features: incline_top(1, 0); incline_bottom(1, 0); 	Level: 1  Features: incline_top(1, 0); incline_bottom(1, 0); 	Level: 0  Features: incline_bottom(1, 0); 	Level: 0  Features: incline_bottom(1, 0); 	Level: 0  Features: 
ROW_13	Level: 0  Features: incline_bottom(1, 0); 	Level: 1  Features: incline_top(1, 0); 	Level: 0  Features: incline_bottom(1, 0); 	Level: 0  Features: incline_bottom(1, 0); 	Level: 0  Features: incline_bottom(1, 0); 	Level: 1  Features: incline_top(1, 0); 	Level: 1  Features: incline_top(1, 0); incline_bottom(1, 0); 	Level: 2  Features: Light Woods; foliage_elev(2, 0); incline_top(1, 0); 	Level: 2  Features: incline_top(1, 0); 	Level: 1  Features: incline_top(1, 0); incline_bottom(1, 0); 	Level: 1  Features: incline_top(1, 0); 	Level: 0  Features: incline_bottom(1, 0); 	Level: 2  Features: incline_top(1, 0); 	Level: 2  Features: incline_top(1, 0); 	Level: 1  Features: incline_top(1, 0); incline_bottom(1, 0); 	Level: 0  Features: incline_bottom(1, 0); 	Level: 0  Features: 
ROW_14	Level: 0  Features: 	Level: 0  Features: incline_bottom(1, 0); 	Level: 0  Features: incline_bottom(1, 0); 	Level: 0  Features: 	Level: 0  Features: Light Woods; foliage_elev(2, 0); 	Level: 0  Features: incline_bottom(1, 0); 	Level: 0  Features: incline_bottom(1, 0); 	Level: 0  Features: incline_bottom(1, 0); 	Level: 1  Features: incline_top(1, 0); incline_bottom(1, 0); 	Level: 1  Features: incline_top(1, 0); incline_bottom(1, 0); 	Level: 0  Features: incline_bottom(1, 0); 	Level: 0  Features: incline_bottom(1, 0); 	Level: 0  Features: incline_bottom(1, 0); 	Level: 2  Features: incline_top(1, 0); 	Level: 2  Features: incline_top(1, 0); 	Level: 0  Features: incline_bottom(1, 0); 	Level: 0  Features: 
ROW_15	Level: 0  Features: 	Level: 0  Features: 	Level: 0  Features: 	Level: 0  Features: 	Level: 0  Features: 	Level: 0  Features: 	Level: 0  Features: 	Level: 0  Features: incline_bottom(1, 0); 	Level: 0  Features: incline_bottom(1, 0); 	Level: 0  Features: incline_bottom(1, 0); 	Level: 0  Features: incline_bottom(1, 0); 	Level: 0  Features: incline_bottom(1, 0); 	Level: 0  Features: incline_bottom(1, 0); 	Level: 0  Features: incline_bottom(1, 0); 	Level: 0  Features: incline_bottom(1, 0); 	Level: 0  Features: 	Level: 0  Features: 
ROW_16	Level: 0  Features: 	Level: 0  Features: 	Level: 0  Features: 	Level: 0  Features: 	Level: 0  Features: 	Level: 0  Features: Light Woods; foliage_elev(2, 0); incline_bottom(1, 0); 	Level: 0  Features: incline_bottom(1, 0); 	Level: 0  Features: 	Level: 0  Features: 	Level: 0  Features: 	Level: 0  Features: incline_bottom(1, 0); 	Level: 1  Features: Light Woods; incline_top(1, 0); incline_bottom(1, 0); foliage_elev(2, 0); 	Level: 0  Features: Light Woods; foliage_elev(2, 0); incline_bottom(1, 0); 	Level: 0  Features: incline_bottom(1, 0); 	Level: 0  Features: incline_bottom(1, 0); 	Level: 0  Features: incline_bottom(1, 0); 	Level: 0  Features: 
ROW_17	Level: 0  Features: Light Woods; foliage_elev(2, 0); 	Level: 0  Features: Light Woods; foliage_elev(2, 0); 	Level: 0  Features: 	Level: 0  Features: incline_bottom(1, 0); 	Level: 0  Features: incline_bottom(1, 0); 	Level: 1  Features: Light Woods; foliage_elev(2, 0); incline_top(1, 0); 	Level: 0  Features: Light Woods; foliage_elev(2, 0); incline_bottom(1, 0); 	Level: 0  Features: 	Level: 0  Features: 	Level: 0  Features: 	Level: 0  Features: incline_bottom(1, 0); 	Level: 2  Features: Heavy Woods; foliage_elev(2, 0); incline_top(1, 0); 	Level: 1  Features: incline_top(1, 0); incline_bottom(1, 0); 	Level: 1  Features: incline_top(1, 0); incline_bottom(1, 0); 	Level: 1  Features: incline_top(1, 0); incline_bottom(1, 0); 	Level: 0  Features: incline_bottom(1, 0); 	Level: 0  Features: 
ROW_18	Level: 0  Features: 	Level: 0  Features: Light Woods; foliage_elev(2, 0); 	Level: 0  Features: 	Level: 0  Features: incline_bottom(1, 0); 	Level: 1  Features: incline_top(1, 0); incline_bottom(1, 0); 	Level: 1  Features: incline_top(1, 0); incline_bottom(1, 0); 	Level: 1  Features: incline_top(1, 0); 	Level: 0  Features: incline_bottom(1, 0); 	Level: 0  Features: 	Level: 0  Features: incline_bottom(1, 0); 	Level: 0  Features: incline_bottom(1, 0); 	Level: 0  Features: incline_bottom(1, 0); 	Level: 2  Features: incline_top(1, 0); incline_bottom(1, 0); 	Level: 3  Features: Heavy Woods; foliage_elev(2, 0); incline_top(1, 0); 	Level: 2  Features: incline_top(1, 0); incline_bottom(1, 0); 	Level: 1  Features: incline_top(1, 0); incline_bottom(1, 0); 	Level: 0  Features: incline_bottom(1, 0); 
ROW_19	Level: 0  Features: 	Level: 0  Features: incline_bottom(1, 0); 	Level: 0  Features: incline_bottom(1, 0); 	Level: 1  Features: incline_top(1, 0); incline_bottom(1, 0); 	Level: 2  Features: incline_top(1, 0); 	Level: 1  Features: incline_top(1, 0); incline_bottom(1, 0); 	Level: 0  Features: incline_bottom(1, 0); 	Level: 0  Features: 	Level: 0  Features: Light Woods; foliage_elev(2, 0); incline_bottom(1, 0); 	Level: 1  Features: incline_top(1, 0); 	Level: 0  Features: incline_bottom(1, 0); 	Level: 0  Features: incline_bottom(1, 0); 	Level: 2  Features: Heavy Woods; incline_top(1, 0); incline_bottom(1, 0); foliage_elev(2, 0); 	Level: 3  Features: Heavy Woods; foliage_elev(2, 0); incline_top(1, 0); 	Level: 2  Features: incline_top(1, 0); incline_bottom(1, 0); 	Level: 1  Features: incline_top(1, 0); incline_bottom(1, 0); 	Level: 0  Features: incline_bottom(1, 0); 
ROW_20	Level: 0  Features: 	Level: 0  Features: incline_bottom(1, 0); 	Level: 1  Features: incline_top(1, 0); 	Level: 1  Features: incline_top(1, 0); incline_bottom(1, 0); 	Level: 2  Features: incline_top(1, 0); 	Level: 1  Features: Light Woods; foliage_elev(2, 0); incline_bottom(1, 0); 	Level: 1  Features: incline_top(1, 0); 	Level: 0  Features: incline_bottom(1, 0); 	Level: 0  Features: incline_bottom(1, 0); 	Level: 1  Features: incline_top(1, 0); 	Level: 1  Features: incline_top(1, 0); 	Level: 0  Features: incline_bottom(1, 0); 	Level: 0  Features: Light Woods; foliage_elev(2, 0); incline_bottom(1, 0); 	Level: 1  Features: incline_top(1, 0); incline_bottom(1, 0); 	Level: 2  Features: incline_top(1, 0); incline_bottom(1, 0); 	Level: 1  Features: incline_top(1, 0); incline_bottom(1, 0); 	Level: 0  Features: incline_bottom(1, 0); 
ROW_21	Level: 0  Features: incline_bottom(1, 0); 	Level: 1  Features: incline_top(1, 0); 	Level: 1  Features: incline_bottom(1, 0); 	Level: 2  Features: incline_top(1, 0); 	Level: 2  Features: Heavy Woods; foliage_elev(2, 0); incline_top(1, 0); 	Level: 1  Features: Light Woods; foliage_elev(2, 0); incline_bottom(1, 0); 	Level: 1  Features: incline_top(1, 0); incline_bottom(1, 0); 	Level: 1  Features: incline_top(1, 0); 	Level: 0  Features: incline_bottom(1, 0); 	Level: 1  Features: incline_top(1, 0); 	Level: 0  Features: incline_bottom(1, 0); 	Level: 0  Features: incline_bottom(1, 0); 	Level: 1  Features: incline_top(1, 0); 	Level: 1  Features: incline_top(1, 0); incline_bottom(1, 0); 	Level: 1  Features: incline_top(1, 0); incline_bottom(1, 0); 	Level: 0  Features: incline_bottom(1, 0); 	Level: 0  Features: 
ROW_22	Level: 0  Features: 	Level: 0  Features: incline_bottom(1, 0); 	Level: 1  Features: incline_top(1, 0); 	Level: 1  Features: incline_bottom(1, 0); 	Level: 2  Features: incline_top(1, 0); 	Level: 2  Features: incline_top(1, 0); 	Level: 2  Features: incline_top(1, 0); 	Level: 1  Features: incline_top(1, 0); incline_bottom(1, 0); 	Level: 0  Features: incline_bottom(1, 0); 	Level: 0  Features: incline_bottom(1, 0); 	Level: 1  Features: incline_top(1, 0); 	Level: 0  Features: incline_bottom(1, 0); 	Level: 1  Features: incline_top(1, 0); 	Level: 1  Features: Light Woods; foliage_elev(2, 0); incline_top(1, 0); 	Level: 0  Features: incline_bottom(1, 0); 	Level: 0  Features: incline_bottom(1, 0); 	Level: 0  Features: 
ROW_23	Level: 0  Features: 	Level: 0  Features: incline_bottom(1, 0); 	Level: 1  Features: incline_top(1, 0); 	Level: 1  Features: incline_top(1, 0); incline_bottom(1, 0); 	Level: 1  Features: Light Woods; foliage_elev(2, 0); incline_bottom(1, 0); 	Level: 1  Features: incline_bottom(1, 0); 	Level: 1  Features: incline_top(1, 0); incline_bottom(1, 0); 	Level: 0  Features: incline_bottom(1, 0); 	Level: 1  Features: Light Woods; foliage_elev(2, 0); incline_top(1, 0); 	Level: 1  Features: Light Woods; foliage_elev(2, 0); incline_top(1, 0); 	Level: 0  Features: incline_bottom(1, 0); 	Level: 0  Features: incline_bottom(1, 0); 	Level: 1  Features: incline_top(1, 0); 	Level: 0  Features: Light Woods; foliage_elev(2, 0); incline_bottom(1, 0); 	Level: 0  Features: Light Woods; foliage_elev(2, 0); 	Level: 0  Features: 	Level: 0  Features: 
ROW_24	Level: 0  Features: incline_bottom(1, 0); 	Level: 0  Features: Light Woods; foliage_elev(2, 0); incline_bottom(1, 0); 	Level: 0  Features: incline_bottom(1, 0); 	Level: 0  Features: incline_bottom(1, 0); 	Level: 1  Features: incline_top(1, 0); 	Level: 1  Features: incline_top(1, 0); 	Level: 1  Features: incline_top(1, 0); 	Level: 0  Features: incline_bottom(1, 0); 	Level: 1  Features: incline_top(1, 0); 	Level: 1  Features: Light Woods; foliage_elev(2, 0); incline_top(1, 0); 	Level: 0  Features: Light Woods; foliage_elev(2, 0); incline_bottom(1, 0); 	Level: 0  Features: 	Level: 0  Features: incline_bottom(1, 0); 	Level: 0  Features: incline_bottom(1, 0); 	Level: 0  Features: incline_bottom(1, 0); 	Level: 0  Features: incline_bottom(1, 0); 	Level: 0  Features: incline_bottom(1, 0); 
ROW_25	Level: 1  Features: incline_top(1, 0); incline_bottom(1, 0); 	Level: 0  Features: incline_bottom(1, 0); 	Level: 0  Features: incline_bottom(1, 0); 	Level: 0  Features: incline_bottom(1, 0); 	Level: 0  Features: incline_bottom(1, 0); 	Level: 0  Features: incline_bottom(1, 0); 	Level: 0  Features: incline_bottom(1, 0); 	Level: 1  Features: incline_top(1, 0); 	Level: 0  Features: Light Woods; foliage_elev(2, 0); incline_bottom(1, 0); 	Level: 0  Features: incline_bottom(1, 0); 	Level: 0  Features: 	Level: 0  Features: 	Level: 0  Features: Light Woods; foliage_elev(2, 0); incline_bottom(1, 0); 	Level: 0  Features: incline_bottom(1, 0); 	Level: 1  Features: incline_top(1, 0); 	Level: 1  Features: incline_top(1, 0); 	Level: 0  Features: incline_bottom(1, 0); 
ROW_26	Level: 0  Features: incline_bottom(1, 0); 	Level: 2  Features: incline_top(1, 0); 	Level: 2  Features: incline_top(1, 0); 	Level: 0  Features: incline_bottom(1, 0); 	Level: 0  Features: incline_bottom(1, 0); 	Level: 0  Features: Light Woods; foliage_elev(2, 0); incline_bottom(1, 0); 	Level: 0  Features: incline_bottom(1, 0); 	Level: 1  Features: incline_top(1, 0); 	Level: 0  Features: incline_bottom(1, 0); 	Level: 0  Features: 	Level: 0  Features: incline_bottom(1, 0); 	Level: 0  Features: incline_bottom(1, 0); 	Level: 0  Features: Light Woods; foliage_elev(2, 0); incline_bottom(1, 0); 	Level: 1  Features: Light Woods; incline_top(1, 0); incline_bottom(1, 0); foliage_elev(2, 0); 	Level: 1  Features: incline_top(1, 0); incline_bottom(1, 0); 	Level: 1  Features: incline_top(1, 0); incline_bottom(1, 0); 	Level: 0  Features: incline_bottom(1, 0); 
ROW_27	Level: 1  Features: incline_top(1, 0); incline_bottom(1, 0); 	Level: 2  Features: Heavy Woods; foliage_elev(2, 0); incline_top(1, 0); 	Level: 1  Features: Light Woods; incline_top(1, 0); incline_bottom(1, 0); foliage_elev(2, 0); 	Level: 1  Features: incline_top(1, 0); incline_bottom(1, 0); 	Level: 1  Features: incline_top(1, 0); incline_bottom(1, 0); 	Level: 0  Features: Light Woods; foliage_elev(2, 0); incline_bottom(1, 0); 	Level: 0  Features: incline_bottom(1, 0); 	Level: 0  Features: incline_bottom(1, 0); 	Level: 0  Features: Light Woods; foliage_elev(2, 0); 	Level: 0  Features: incline_bottom(1, 0); 	Level: 1  Features: incline_top(1, 0); 	Level: 1  Features: incline_top(1, 0); incline_bottom(1, 0); 	Level: 2  Features: Heavy Woods; foliage_elev(2, 0); incline_top(1, 0); 	Level: 2  Features: incline_top(1, 0); 	Level: 2  Features: incline_top(1, 0); 	Level: 0  Features: incline_bottom(1, 0); 	Level: 0  Features: 
ROW_28	Level: 0  Features: incline_bottom(1, 0); 	Level: 1  Features: incline_top(1, 0); incline_bottom(1, 0); 	Level: 1  Features: Light Woods; incline_top(1, 0); incline_bottom(1, 0); foliage_elev(2, 0); 	Level: 1  Features: incline_top(1, 0); incline_bottom(1, 0); 	Level: 2  Features: Heavy Woods; foliage_elev(2, 0); incline_top(1, 0); 	Level: 2  Features: incline_top(1, 0); 	Level: 1  Features: incline_top(1, 0); incline_bottom(1, 0); 	Level: 0  Features: incline_bottom(1, 0); 	Level: 0  Features: 	Level: 0  Features: 	Level: 0  Features: incline_bottom(1, 0); 	Level: 1  Features: incline_top(1, 0); incline_bottom(1, 0); 	Level: 2  Features: incline_top(1, 0); 	Level: 2  Features: Heavy Woods; foliage_elev(2, 0); incline_top(1, 0); 	Level: 1  Features: incline_top(1, 0); incline_bottom(1, 0); 	Level: 0  Features: incline_bottom(1, 0); 	Level: 0  Features: 
ROW_29	Level: 0  Features: incline_bottom(1, 0); 	Level: 1  Features: incline_top(1, 0); 	Level: 0  Features: incline_bottom(1, 0); 	Level: 0  Features: Light Woods; foliage_elev(2, 0); incline_bottom(1, 0); 	Level: 2  Features: incline_top(1, 0); 	Level: 1  Features: incline_top(1, 0); incline_bottom(1, 0); 	Level: 0  Features: incline_bottom(1, 0); 	Level: 0  Features: 	Level: 0  Features: 	Level: 0  Features: Light Woods; foliage_elev(2, 0); 	Level: 0  Features: incline_bottom(1, 0); 	Level: 0  Features: incline_bottom(1, 0); 	Level: 1  Features: incline_top(1, 0); incline_bottom(1, 0); 	Level: 1  Features: incline_top(1, 0); incline_bottom(1, 0); 	Level: 0  Features: incline_bottom(1, 0); 	Level: 0  Features: 	Level: 0  Features: 
ROW_30	Level: 0  Features: 	Level: 0  Features: incline_bottom(1, 0); 	Level: 0  Features: incline_bottom(1, 0); 	Level: 0  Features: 	Level: 0  Features: incline_bottom(1, 0); 	Level: 1  Features: incline_top(1, 0); incline_bottom(1, 0); 	Level: 0  Features: incline_bottom(1, 0); 	Level: 0  Features: 	Level: 0  Features: 	Level: 0  Features: Light Woods; foliage_elev(2, 0); 	Level: 0  Features: Light Woods; foliage_elev(2, 0); 	Level: 0  Features: 	Level: 0  Features: incline_bottom(1, 0); 	Level: 0  Features: incline_bottom(1, 0); 	Level: 0  Features: incline_bottom(1, 0); 	Level: 0  Features: 	Level: 0  Features: 
ROW_31	Level: 0  Features: 	Level: 0  Features: 	Level: 0  Features: 	Level: 0  Features: 	Level: 0  Features: incline_bottom(1, 0); 	Level: 0  Features: incline_bottom(1, 0); 	Level: 0  Features: 	Level: 0  Features: 	Level: 0  Features: 	Level: 0  Features: 	Level: 0  Features: 	Level: 0  Features: 	Level: 0  Features: 	Level: 0  Features: 	Level: 0  Features: 	Level: 0  Features: 	Level: 0  Features: 
THEME	CITY_TYPE	MAP_SIZE	MAP_WIDTH	MAP_HEIGHT
	TOWN	1	1
TEMPERATURE	WEATHER	GRAVITY	WIND	ATMOSPHERE	FOG	LIGHT
25	CLEAR	1.0	Calm	Standard	None	Daylight
ROUND	PHASE	PLAYER_ID	ENTITY_ID	CHASSIS	MODEL	TYPE	ROLE	X	Y	FACING	MP	HEAT	PRONE	AIRBORNE	OFF_BOARD	CRIPPLED	DESTROYED	ARMOR_P	INTERNAL_P	DONE	MAX_RANGE	TOTAL_DAMAGE	TEAM_ID	ARMOR	INTERNAL	BV
0	DEPLOYMENT	44	9	Fafnir	FNR-5WB	BipedMek	JUGGERNAUT	-1	-1	0	0.00	0.00	0	0	0	0	0	1.00	1.00	0	15	50	2	307.00	152.00	3233.00
0	DEPLOYMENT	44	10	Spector	SPR-6F	BipedMek	STRIKER	-1	-1	0	0.00	0.00	0	0	0	0	0	1.00	1.00	0	9	23	2	119.00	58.00	1476.00
0	DEPLOYMENT	44	11	Viking IIC		BipedMek	MISSILE_BOAT	-1	-1	0	0.00	0.00	0	0	0	0	0	1.00	1.00	0	21	82	2	248.00	138.00	2780.00
0	DEPLOYMENT	44	12	Pike Support Vehicle	(Plasma)	Tank	SNIPER	-1	-1	0	0.00	0.00	0	0	0	0	0	1.00	1.00	0	18	10	2	163.00	30.00	1367.00
0	DEPLOYMENT	44	13	Piranha	5	BipedMek	STRIKER	-1	-1	0	0.00	0.00	0	0	0	0	0	1.00	1.00	0	9	49	2	67.00	33.00	1132.00
0	DEPLOYMENT	43	14	Tian-Zong	TNZ-N1	BipedMek	SNIPER	-1	-1	0	0.00	0.00	0	0	0	0	0	1.00	1.00	0	22	40	1	216.00	114.00	2860.00
0	DEPLOYMENT	43	15	Agrotera	AGT-1A	BipedMek	STRIKER	-1	-1	0	0.00	0.00	0	0	0	0	0	1.00	1.00	0	23	22	1	152.00	83.00	1736.00
0	DEPLOYMENT	43	16	Emperor	EMP-7L	BipedMek	JUGGERNAUT	-1	-1	0	0.00	0.00	0	0	0	0	0	1.00	1.00	0	19	40	1	279.00	138.00	2397.00
0	DEPLOYMENT	43	18	Shadow Hawk	SHD-8L	BipedMek	STRIKER	-1	-1	0	0.00	0.00	0	0	0	0	0	1.00	1.00	0	15	15	1	152.00	91.00	1690.00
0	DEPLOYMENT	43	19	Valkyrie	C	BipedMek	MISSILE_BOAT	2	8	1	0.00	0.00	0	0	0	0	0	1.00	1.00	1	21	17	1	96.00	51.00	1236.00
ROUND	PHASE	PLAYER_ID	ENTITY_ID	CHASSIS	MODEL	TYPE	ROLE	X	Y	FACING	MP	HEAT	PRONE	AIRBORNE	OFF_BOARD	CRIPPLED	DESTROYED	ARMOR_P	INTERNAL_P	DONE	MAX_RANGE	TOTAL_DAMAGE	TEAM_ID	ARMOR	INTERNAL	BV
0	DEPLOYMENT	44	9	Fafnir	FNR-5WB	BipedMek	JUGGERNAUT	-1	-1	0	0.00	0.00	0	0	0	0	0	1.00	1.00	0	15	50	2	307.00	152.00	3233.00
0	DEPLOYMENT	44	10	Spector	SPR-6F	BipedMek	STRIKER	-1	-1	0	0.00	0.00	0	0	0	0	0	1.00	1.00	0	9	23	2	119.00	58.00	1476.00
0	DEPLOYMENT	44	11	Viking IIC		BipedMek	MISSILE_BOAT	-1	-1	0	0.00	0.00	0	0	0	0	0	1.00	1.00	0	21	82	2	248.00	138.00	2780.00
0	DEPLOYMENT	44	12	Pike Support Vehicle	(Plasma)	Tank	SNIPER	29	6	4	0.00	0.00	0	0	0	0	0	1.00	1.00	1	18	10	2	163.00	30.00	1367.00
0	DEPLOYMENT	44	13	Piranha	5	BipedMek	STRIKER	-1	-1	0	0.00	0.00	0	0	0	0	0	1.00	1.00	0	9	49	2	67.00	33.00	1132.00
0	DEPLOYMENT	43	14	Tian-Zong	TNZ-N1	BipedMek	SNIPER	-1	-1	0	0.00	0.00	0	0	0	0	0	1.00	1.00	0	22	40	1	216.00	114.00	2860.00
0	DEPLOYMENT	43	15	Agrotera	AGT-1A	BipedMek	STRIKER	-1	-1	0	0.00	0.00	0	0	0	0	0	1.00	1.00	0	23	22	1	152.00	83.00	1736.00
0	DEPLOYMENT	43	16	Emperor	EMP-7L	BipedMek	JUGGERNAUT	-1	-1	0	0.00	0.00	0	0	0	0	0	1.00	1.00	0	19	40	1	279.00	138.00	2397.00
0	DEPLOYMENT	43	18	Shadow Hawk	SHD-8L	BipedMek	STRIKER	-1	-1	0	0.00	0.00	0	0	0	0	0	1.00	1.00	0	15	15	1	152.00	91.00	1690.00
0	DEPLOYMENT	43	19	Valkyrie	C	BipedMek	MISSILE_BOAT	2	8	1	0.00	0.00	0	0	0	0	0	1.00	1.00	1	21	17	1	96.00	51.00	1236.00
ROUND	PHASE	PLAYER_ID	ENTITY_ID	CHASSIS	MODEL	TYPE	ROLE	X	Y	FACING	MP	HEAT	PRONE	AIRBORNE	OFF_BOARD	CRIPPLED	DESTROYED	ARMOR_P	INTERNAL_P	DONE	MAX_RANGE	TOTAL_DAMAGE	TEAM_ID	ARMOR	INTERNAL	BV
0	DEPLOYMENT	44	9	Fafnir	FNR-5WB	BipedMek	JUGGERNAUT	-1	-1	0	0.00	0.00	0	0	0	0	0	1.00	1.00	0	15	50	2	307.00	152.00	3233.00
0	DEPLOYMENT	44	10	Spector	SPR-6F	BipedMek	STRIKER	-1	-1	0	0.00	0.00	0	0	0	0	0	1.00	1.00	0	9	23	2	119.00	58.00	1476.00
0	DEPLOYMENT	44	11	Viking IIC		BipedMek	MISSILE_BOAT	-1	-1	0	0.00	0.00	0	0	0	0	0	1.00	1.00	0	21	82	2	248.00	138.00	2780.00
0	DEPLOYMENT	44	12	Pike Support Vehicle	(Plasma)	Tank	SNIPER	29	6	4	0.00	0.00	0	0	0	0	0	1.00	1.00	1	18	10	2	163.00	30.00	1367.00
0	DEPLOYMENT	44	13	Piranha	5	BipedMek	STRIKER	-1	-1	0	0.00	0.00	0	0	0	0	0	1.00	1.00	0	9	49	2	67.00	33.00	1132.00
0	DEPLOYMENT	43	14	Tian-Zong	TNZ-N1	BipedMek	SNIPER	2	10	1	0.00	0.00	0	0	0	0	0	1.00	1.00	1	22	40	1	216.00	114.00	2860.00
0	DEPLOYMENT	43	15	Agrotera	AGT-1A	BipedMek	STRIKER	-1	-1	0	0.00	0.00	0	0	0	0	0	1.00	1.00	0	23	22	1	152.00	83.00	1736.00
0	DEPLOYMENT	43	16	Emperor	EMP-7L	BipedMek	JUGGERNAUT	-1	-1	0	0.00	0.00	0	0	0	0	0	1.00	1.00	0	19	40	1	279.00	138.00	2397.00
0	DEPLOYMENT	43	18	Shadow Hawk	SHD-8L	BipedMek	STRIKER	-1	-1	0	0.00	0.00	0	0	0	0	0	1.00	1.00	0	15	15	1	152.00	91.00	1690.00
0	DEPLOYMENT	43	19	Valkyrie	C	BipedMek	MISSILE_BOAT	2	8	1	0.00	0.00	0	0	0	0	0	1.00	1.00	1	21	17	1	96.00	51.00	1236.00
ROUND	PHASE	PLAYER_ID	ENTITY_ID	CHASSIS	MODEL	TYPE	ROLE	X	Y	FACING	MP	HEAT	PRONE	AIRBORNE	OFF_BOARD	CRIPPLED	DESTROYED	ARMOR_P	INTERNAL_P	DONE	MAX_RANGE	TOTAL_DAMAGE	TEAM_ID	ARMOR	INTERNAL	BV
0	DEPLOYMENT	44	9	Fafnir	FNR-5WB	BipedMek	JUGGERNAUT	-1	-1	0	0.00	0.00	0	0	0	0	0	1.00	1.00	0	15	50	2	307.00	152.00	3233.00
0	DEPLOYMENT	44	10	Spector	SPR-6F	BipedMek	STRIKER	-1	-1	0	0.00	0.00	0	0	0	0	0	1.00	1.00	0	9	23	2	119.00	58.00	1476.00
0	DEPLOYMENT	44	11	Viking IIC		BipedMek	MISSILE_BOAT	29	6	4	0.00	0.00	0	0	0	0	0	1.00	1.00	1	21	82	2	248.00	138.00	2780.00
0	DEPLOYMENT	44	12	Pike Support Vehicle	(Plasma)	Tank	SNIPER	29	6	4	0.00	0.00	0	0	0	0	0	1.00	1.00	1	18	10	2	163.00	30.00	1367.00
0	DEPLOYMENT	44	13	Piranha	5	BipedMek	STRIKER	-1	-1	0	0.00	0.00	0	0	0	0	0	1.00	1.00	0	9	49	2	67.00	33.00	1132.00
0	DEPLOYMENT	43	14	Tian-Zong	TNZ-N1	BipedMek	SNIPER	2	10	1	0.00	0.00	0	0	0	0	0	1.00	1.00	1	22	40	1	216.00	114.00	2860.00
0	DEPLOYMENT	43	15	Agrotera	AGT-1A	BipedMek	STRIKER	-1	-1	0	0.00	0.00	0	0	0	0	0	1.00	1.00	0	23	22	1	152.00	83.00	1736.00
0	DEPLOYMENT	43	16	Emperor	EMP-7L	BipedMek	JUGGERNAUT	-1	-1	0	0.00	0.00	0	0	0	0	0	1.00	1.00	0	19	40	1	279.00	138.00	2397.00
0	DEPLOYMENT	43	18	Shadow Hawk	SHD-8L	BipedMek	STRIKER	-1	-1	0	0.00	0.00	0	0	0	0	0	1.00	1.00	0	15	15	1	152.00	91.00	1690.00
0	DEPLOYMENT	43	19	Valkyrie	C	BipedMek	MISSILE_BOAT	2	8	1	0.00	0.00	0	0	0	0	0	1.00	1.00	1	21	17	1	96.00	51.00	1236.00
ROUND	PHASE	PLAYER_ID	ENTITY_ID	CHASSIS	MODEL	TYPE	ROLE	X	Y	FACING	MP	HEAT	PRONE	AIRBORNE	OFF_BOARD	CRIPPLED	DESTROYED	ARMOR_P	INTERNAL_P	DONE	MAX_RANGE	TOTAL_DAMAGE	TEAM_ID	ARMOR	INTERNAL	BV
0	DEPLOYMENT	44	9	Fafnir	FNR-5WB	BipedMek	JUGGERNAUT	-1	-1	0	0.00	0.00	0	0	0	0	0	1.00	1.00	0	15	50	2	307.00	152.00	3233.00
0	DEPLOYMENT	44	10	Spector	SPR-6F	BipedMek	STRIKER	-1	-1	0	0.00	0.00	0	0	0	0	0	1.00	1.00	0	9	23	2	119.00	58.00	1476.00
0	DEPLOYMENT	44	11	Viking IIC		BipedMek	MISSILE_BOAT	29	6	4	0.00	0.00	0	0	0	0	0	1.00	1.00	1	21	82	2	248.00	138.00	2780.00
0	DEPLOYMENT	44	12	Pike Support Vehicle	(Plasma)	Tank	SNIPER	29	6	4	0.00	0.00	0	0	0	0	0	1.00	1.00	1	18	10	2	163.00	30.00	1367.00
0	DEPLOYMENT	44	13	Piranha	5	BipedMek	STRIKER	-1	-1	0	0.00	0.00	0	0	0	0	0	1.00	1.00	0	9	49	2	67.00	33.00	1132.00
0	DEPLOYMENT	43	14	Tian-Zong	TNZ-N1	BipedMek	SNIPER	2	10	1	0.00	0.00	0	0	0	0	0	1.00	1.00	1	22	40	1	216.00	114.00	2860.00
0	DEPLOYMENT	43	15	Agrotera	AGT-1A	BipedMek	STRIKER	-1	-1	0	0.00	0.00	0	0	0	0	0	1.00	1.00	0	23	22	1	152.00	83.00	1736.00
0	DEPLOYMENT	43	16	Emperor	EMP-7L	BipedMek	JUGGERNAUT	-1	-1	0	0.00	0.00	0	0	0	0	0	1.00	1.00	0	19	40	1	279.00	138.00	2397.00
0	DEPLOYMENT	43	18	Shadow Hawk	SHD-8L	BipedMek	STRIKER	2	13	1	0.00	0.00	0	0	0	0	0	1.00	1.00	1	15	15	1	152.00	91.00	1690.00
0	DEPLOYMENT	43	19	Valkyrie	C	BipedMek	MISSILE_BOAT	2	8	1	0.00	0.00	0	0	0	0	0	1.00	1.00	1	21	17	1	96.00	51.00	1236.00
ROUND	PHASE	PLAYER_ID	ENTITY_ID	CHASSIS	MODEL	TYPE	ROLE	X	Y	FACING	MP	HEAT	PRONE	AIRBORNE	OFF_BOARD	CRIPPLED	DESTROYED	ARMOR_P	INTERNAL_P	DONE	MAX_RANGE	TOTAL_DAMAGE	TEAM_ID	ARMOR	INTERNAL	BV
0	DEPLOYMENT	44	9	Fafnir	FNR-5WB	BipedMek	JUGGERNAUT	29	7	4	0.00	0.00	0	0	0	0	0	1.00	1.00	1	15	50	2	307.00	152.00	3233.00
0	DEPLOYMENT	44	10	Spector	SPR-6F	BipedMek	STRIKER	-1	-1	0	0.00	0.00	0	0	0	0	0	1.00	1.00	0	9	23	2	119.00	58.00	1476.00
0	DEPLOYMENT	44	11	Viking IIC		BipedMek	MISSILE_BOAT	29	6	4	0.00	0.00	0	0	0	0	0	1.00	1.00	1	21	82	2	248.00	138.00	2780.00
0	DEPLOYMENT	44	12	Pike Support Vehicle	(Plasma)	Tank	SNIPER	29	6	4	0.00	0.00	0	0	0	0	0	1.00	1.00	1	18	10	2	163.00	30.00	1367.00
0	DEPLOYMENT	44	13	Piranha	5	BipedMek	STRIKER	-1	-1	0	0.00	0.00	0	0	0	0	0	1.00	1.00	0	9	49	2	67.00	33.00	1132.00
0	DEPLOYMENT	43	14	Tian-Zong	TNZ-N1	BipedMek	SNIPER	2	10	1	0.00	0.00	0	0	0	0	0	1.00	1.00	1	22	40	1	216.00	114.00	2860.00
0	DEPLOYMENT	43	15	Agrotera	AGT-1A	BipedMek	STRIKER	-1	-1	0	0.00	0.00	0	0	0	0	0	1.00	1.00	0	23	22	1	152.00	83.00	1736.00
0	DEPLOYMENT	43	16	Emperor	EMP-7L	BipedMek	JUGGERNAUT	-1	-1	0	0.00	0.00	0	0	0	0	0	1.00	1.00	0	19	40	1	279.00	138.00	2397.00
0	DEPLOYMENT	43	18	Shadow Hawk	SHD-8L	BipedMek	STRIKER	2	13	1	0.00	0.00	0	0	0	0	0	1.00	1.00	1	15	15	1	152.00	91.00	1690.00
0	DEPLOYMENT	43	19	Valkyrie	C	BipedMek	MISSILE_BOAT	2	8	1	0.00	0.00	0	0	0	0	0	1.00	1.00	1	21	17	1	96.00	51.00	1236.00
ROUND	PHASE	PLAYER_ID	ENTITY_ID	CHASSIS	MODEL	TYPE	ROLE	X	Y	FACING	MP	HEAT	PRONE	AIRBORNE	OFF_BOARD	CRIPPLED	DESTROYED	ARMOR_P	INTERNAL_P	DONE	MAX_RANGE	TOTAL_DAMAGE	TEAM_ID	ARMOR	INTERNAL	BV
0	DEPLOYMENT	44	9	Fafnir	FNR-5WB	BipedMek	JUGGERNAUT	29	7	4	0.00	0.00	0	0	0	0	0	1.00	1.00	1	15	50	2	307.00	152.00	3233.00
0	DEPLOYMENT	44	10	Spector	SPR-6F	BipedMek	STRIKER	-1	-1	0	0.00	0.00	0	0	0	0	0	1.00	1.00	0	9	23	2	119.00	58.00	1476.00
0	DEPLOYMENT	44	11	Viking IIC		BipedMek	MISSILE_BOAT	29	6	4	0.00	0.00	0	0	0	0	0	1.00	1.00	1	21	82	2	248.00	138.00	2780.00
0	DEPLOYMENT	44	12	Pike Support Vehicle	(Plasma)	Tank	SNIPER	29	6	4	0.00	0.00	0	0	0	0	0	1.00	1.00	1	18	10	2	163.00	30.00	1367.00
0	DEPLOYMENT	44	13	Piranha	5	BipedMek	STRIKER	-1	-1	0	0.00	0.00	0	0	0	0	0	1.00	1.00	0	9	49	2	67.00	33.00	1132.00
0	DEPLOYMENT	43	14	Tian-Zong	TNZ-N1	BipedMek	SNIPER	2	10	1	0.00	0.00	0	0	0	0	0	1.00	1.00	1	22	40	1	216.00	114.00	2860.00
0	DEPLOYMENT	43	15	Agrotera	AGT-1A	BipedMek	STRIKER	-1	-1	0	0.00	0.00	0	0	0	0	0	1.00	1.00	0	23	22	1	152.00	83.00	1736.00
0	DEPLOYMENT	43	16	Emperor	EMP-7L	BipedMek	JUGGERNAUT	2	4	2	0.00	0.00	0	0	0	0	0	1.00	1.00	1	19	40	1	279.00	138.00	2397.00
0	DEPLOYMENT	43	18	Shadow Hawk	SHD-8L	BipedMek	STRIKER	2	13	1	0.00	0.00	0	0	0	0	0	1.00	1.00	1	15	15	1	152.00	91.00	1690.00
0	DEPLOYMENT	43	19	Valkyrie	C	BipedMek	MISSILE_BOAT	2	8	1	0.00	0.00	0	0	0	0	0	1.00	1.00	1	21	17	1	96.00	51.00	1236.00
ROUND	PHASE	PLAYER_ID	ENTITY_ID	CHASSIS	MODEL	TYPE	ROLE	X	Y	FACING	MP	HEAT	PRONE	AIRBORNE	OFF_BOARD	CRIPPLED	DESTROYED	ARMOR_P	INTERNAL_P	DONE	MAX_RANGE	TOTAL_DAMAGE	TEAM_ID	ARMOR	INTERNAL	BV
0	DEPLOYMENT	44	9	Fafnir	FNR-5WB	BipedMek	JUGGERNAUT	29	7	4	0.00	0.00	0	0	0	0	0	1.00	1.00	1	15	50	2	307.00	152.00	3233.00
0	DEPLOYMENT	44	10	Spector	SPR-6F	BipedMek	STRIKER	29	13	5	0.00	0.00	0	0	0	0	0	1.00	1.00	1	9	23	2	119.00	58.00	1476.00
0	DEPLOYMENT	44	11	Viking IIC		BipedMek	MISSILE_BOAT	29	6	4	0.00	0.00	0	0	0	0	0	1.00	1.00	1	21	82	2	248.00	138.00	2780.00
0	DEPLOYMENT	44	12	Pike Support Vehicle	(Plasma)	Tank	SNIPER	29	6	4	0.00	0.00	0	0	0	0	0	1.00	1.00	1	18	10	2	163.00	30.00	1367.00
0	DEPLOYMENT	44	13	Piranha	5	BipedMek	STRIKER	-1	-1	0	0.00	0.00	0	0	0	0	0	1.00	1.00	0	9	49	2	67.00	33.00	1132.00
0	DEPLOYMENT	43	14	Tian-Zong	TNZ-N1	BipedMek	SNIPER	2	10	1	0.00	0.00	0	0	0	0	0	1.00	1.00	1	22	40	1	216.00	114.00	2860.00
0	DEPLOYMENT	43	15	Agrotera	AGT-1A	BipedMek	STRIKER	-1	-1	0	0.00	0.00	0	0	0	0	0	1.00	1.00	0	23	22	1	152.00	83.00	1736.00
0	DEPLOYMENT	43	16	Emperor	EMP-7L	BipedMek	JUGGERNAUT	2	4	2	0.00	0.00	0	0	0	0	0	1.00	1.00	1	19	40	1	279.00	138.00	2397.00
0	DEPLOYMENT	43	18	Shadow Hawk	SHD-8L	BipedMek	STRIKER	2	13	1	0.00	0.00	0	0	0	0	0	1.00	1.00	1	15	15	1	152.00	91.00	1690.00
0	DEPLOYMENT	43	19	Valkyrie	C	BipedMek	MISSILE_BOAT	2	8	1	0.00	0.00	0	0	0	0	0	1.00	1.00	1	21	17	1	96.00	51.00	1236.00
ROUND	PHASE	PLAYER_ID	ENTITY_ID	CHASSIS	MODEL	TYPE	ROLE	X	Y	FACING	MP	HEAT	PRONE	AIRBORNE	OFF_BOARD	CRIPPLED	DESTROYED	ARMOR_P	INTERNAL_P	DONE	MAX_RANGE	TOTAL_DAMAGE	TEAM_ID	ARMOR	INTERNAL	BV
0	DEPLOYMENT	44	9	Fafnir	FNR-5WB	BipedMek	JUGGERNAUT	29	7	4	0.00	0.00	0	0	0	0	0	1.00	1.00	1	15	50	2	307.00	152.00	3233.00
0	DEPLOYMENT	44	10	Spector	SPR-6F	BipedMek	STRIKER	29	13	5	0.00	0.00	0	0	0	0	0	1.00	1.00	1	9	23	2	119.00	58.00	1476.00
0	DEPLOYMENT	44	11	Viking IIC		BipedMek	MISSILE_BOAT	29	6	4	0.00	0.00	0	0	0	0	0	1.00	1.00	1	21	82	2	248.00	138.00	2780.00
0	DEPLOYMENT	44	12	Pike Support Vehicle	(Plasma)	Tank	SNIPER	29	6	4	0.00	0.00	0	0	0	0	0	1.00	1.00	1	18	10	2	163.00	30.00	1367.00
0	DEPLOYMENT	44	13	Piranha	5	BipedMek	STRIKER	-1	-1	0	0.00	0.00	0	0	0	0	0	1.00	1.00	0	9	49	2	67.00	33.00	1132.00
0	DEPLOYMENT	43	14	Tian-Zong	TNZ-N1	BipedMek	SNIPER	2	10	1	0.00	0.00	0	0	0	0	0	1.00	1.00	1	22	40	1	216.00	114.00	2860.00
0	DEPLOYMENT	43	15	Agrotera	AGT-1A	BipedMek	STRIKER	2	7	1	0.00	0.00	0	0	0	0	0	1.00	1.00	1	23	22	1	152.00	83.00	1736.00
0	DEPLOYMENT	43	16	Emperor	EMP-7L	BipedMek	JUGGERNAUT	2	4	2	0.00	0.00	0	0	0	0	0	1.00	1.00	1	19	40	1	279.00	138.00	2397.00
0	DEPLOYMENT	43	18	Shadow Hawk	SHD-8L	BipedMek	STRIKER	2	13	1	0.00	0.00	0	0	0	0	0	1.00	1.00	1	15	15	1	152.00	91.00	1690.00
0	DEPLOYMENT	43	19	Valkyrie	C	BipedMek	MISSILE_BOAT	2	8	1	0.00	0.00	0	0	0	0	0	1.00	1.00	1	21	17	1	96.00	51.00	1236.00
ROUND	PHASE	PLAYER_ID	ENTITY_ID	CHASSIS	MODEL	TYPE	ROLE	X	Y	FACING	MP	HEAT	PRONE	AIRBORNE	OFF_BOARD	CRIPPLED	DESTROYED	ARMOR_P	INTERNAL_P	DONE	MAX_RANGE	TOTAL_DAMAGE	TEAM_ID	ARMOR	INTERNAL	BV
0	DEPLOYMENT	44	9	Fafnir	FNR-5WB	BipedMek	JUGGERNAUT	29	7	4	0.00	0.00	0	0	0	0	0	1.00	1.00	1	15	50	2	307.00	152.00	3233.00
0	DEPLOYMENT	44	10	Spector	SPR-6F	BipedMek	STRIKER	29	13	5	0.00	0.00	0	0	0	0	0	1.00	1.00	1	9	23	2	119.00	58.00	1476.00
0	DEPLOYMENT	44	11	Viking IIC		BipedMek	MISSILE_BOAT	29	6	4	0.00	0.00	0	0	0	0	0	1.00	1.00	1	21	82	2	248.00	138.00	2780.00
0	DEPLOYMENT	44	12	Pike Support Vehicle	(Plasma)	Tank	SNIPER	29	6	4	0.00	0.00	0	0	0	0	0	1.00	1.00	1	18	10	2	163.00	30.00	1367.00
0	DEPLOYMENT	44	13	Piranha	5	BipedMek	STRIKER	29	14	4	0.00	0.00	0	0	0	0	0	1.00	1.00	1	9	49	2	67.00	33.00	1132.00
0	DEPLOYMENT	43	14	Tian-Zong	TNZ-N1	BipedMek	SNIPER	2	10	1	0.00	0.00	0	0	0	0	0	1.00	1.00	1	22	40	1	216.00	114.00	2860.00
0	DEPLOYMENT	43	15	Agrotera	AGT-1A	BipedMek	STRIKER	2	7	1	0.00	0.00	0	0	0	0	0	1.00	1.00	1	23	22	1	152.00	83.00	1736.00
0	DEPLOYMENT	43	16	Emperor	EMP-7L	BipedMek	JUGGERNAUT	2	4	2	0.00	0.00	0	0	0	0	0	1.00	1.00	1	19	40	1	279.00	138.00	2397.00
0	DEPLOYMENT	43	18	Shadow Hawk	SHD-8L	BipedMek	STRIKER	2	13	1	0.00	0.00	0	0	0	0	0	1.00	1.00	1	15	15	1	152.00	91.00	1690.00
0	DEPLOYMENT	43	19	Valkyrie	C	BipedMek	MISSILE_BOAT	2	8	1	0.00	0.00	0	0	0	0	0	1.00	1.00	1	21	17	1	96.00	51.00	1236.00
ROUND	PHASE	PLAYER_ID	ENTITY_ID	CHASSIS	MODEL	TYPE	ROLE	X	Y	FACING	MP	HEAT	PRONE	AIRBORNE	OFF_BOARD	CRIPPLED	DESTROYED	ARMOR_P	INTERNAL_P	DONE	MAX_RANGE	TOTAL_DAMAGE	TEAM_ID	ARMOR	INTERNAL	BV
1	TARGETING	44	9	Fafnir	FNR-5WB	BipedMek	JUGGERNAUT	29	7	4	0.00	0.00	0	0	0	0	0	1.00	1.00	1	15	50	2	307.00	152.00	3233.00
1	TARGETING	44	10	Spector	SPR-6F	BipedMek	STRIKER	29	13	5	0.00	0.00	0	0	0	0	0	1.00	1.00	1	9	23	2	119.00	58.00	1476.00
1	TARGETING	44	11	Viking IIC		BipedMek	MISSILE_BOAT	29	6	4	0.00	0.00	0	0	0	0	0	1.00	1.00	1	21	82	2	248.00	138.00	2780.00
1	TARGETING	44	12	Pike Support Vehicle	(Plasma)	Tank	SNIPER	29	6	4	0.00	0.00	0	0	0	0	0	1.00	1.00	1	18	10	2	163.00	30.00	1367.00
1	TARGETING	44	13	Piranha	5	BipedMek	STRIKER	29	14	4	0.00	0.00	0	0	0	0	0	1.00	1.00	1	9	49	2	67.00	33.00	1132.00
1	TARGETING	43	14	Tian-Zong	TNZ-N1	BipedMek	SNIPER	2	10	1	0.00	0.00	0	0	0	0	0	1.00	1.00	1	22	40	1	216.00	114.00	2860.00
1	TARGETING	43	15	Agrotera	AGT-1A	BipedMek	STRIKER	2	7	1	0.00	0.00	0	0	0	0	0	1.00	1.00	1	23	22	1	152.00	83.00	1736.00
1	TARGETING	43	16	Emperor	EMP-7L	BipedMek	JUGGERNAUT	2	4	2	0.00	0.00	0	0	0	0	0	1.00	1.00	1	19	40	1	279.00	138.00	2397.00
1	TARGETING	43	18	Shadow Hawk	SHD-8L	BipedMek	STRIKER	2	13	1	0.00	0.00	0	0	0	0	0	1.00	1.00	1	15	15	1	152.00	91.00	1690.00
1	TARGETING	43	19	Valkyrie	C	BipedMek	MISSILE_BOAT	2	8	1	0.00	0.00	0	0	0	0	0	1.00	1.00	1	21	17	1	96.00	51.00	1236.00
PLAYER_ID	ENTITY_ID	CHASSIS	MODEL	FACING	FROM_X	FROM_Y	TO_X	TO_Y	HEXES_MOVED	DISTANCE	MP_USED	MAX_MP	MP_P	HEAT_P	ARMOR_P	INTERNAL_P	JUMPING	PRONE	LEGAL	STEPS	TEAM_ID	CHANCE_OF_FAILURE	IS_BOT
44	12	Pike Support Vehicle	(Plasma)	4	28	7	25	8	4	0	5	5	1.00	0.00	1.00	1.00	0	0	1	FORWARDS FORWARDS FORWARDS FORWARDS	2	0.00	0
ROUND	PHASE	PLAYER_ID	ENTITY_ID	CHASSIS	MODEL	TYPE	ROLE	X	Y	FACING	MP	HEAT	PRONE	AIRBORNE	OFF_BOARD	CRIPPLED	DESTROYED	ARMOR_P	INTERNAL_P	DONE	MAX_RANGE	TOTAL_DAMAGE	TEAM_ID	ARMOR	INTERNAL	BV
1	MOVEMENT	44	9	Fafnir	FNR-5WB	BipedMek	JUGGERNAUT	29	7	4	0.00	0.00	0	0	0	0	0	1.00	1.00	0	15	50	2	307.00	152.00	3233.00
1	MOVEMENT	44	10	Spector	SPR-6F	BipedMek	STRIKER	29	13	5	0.00	0.00	0	0	0	0	0	1.00	1.00	0	9	23	2	119.00	58.00	1476.00
1	MOVEMENT	44	11	Viking IIC		BipedMek	MISSILE_BOAT	29	6	4	0.00	0.00	0	0	0	0	0	1.00	1.00	0	21	82	2	248.00	138.00	2780.00
1	MOVEMENT	44	12	Pike Support Vehicle	(Plasma)	Tank	SNIPER	25	8	4	0.00	0.00	0	0	0	0	0	1.00	1.00	1	18	10	2	163.00	30.00	1367.00
1	MOVEMENT	44	13	Piranha	5	BipedMek	STRIKER	29	14	4	0.00	0.00	0	0	0	0	0	1.00	1.00	0	9	49	2	67.00	33.00	1132.00
1	MOVEMENT	43	14	Tian-Zong	TNZ-N1	BipedMek	SNIPER	2	10	1	0.00	0.00	0	0	0	0	0	1.00	1.00	0	22	40	1	216.00	114.00	2860.00
1	MOVEMENT	43	15	Agrotera	AGT-1A	BipedMek	STRIKER	2	7	1	0.00	0.00	0	0	0	0	0	1.00	1.00	0	23	22	1	152.00	83.00	1736.00
1	MOVEMENT	43	16	Emperor	EMP-7L	BipedMek	JUGGERNAUT	2	4	2	0.00	0.00	0	0	0	0	0	1.00	1.00	0	19	40	1	279.00	138.00	2397.00
1	MOVEMENT	43	18	Shadow Hawk	SHD-8L	BipedMek	STRIKER	2	13	1	0.00	0.00	0	0	0	0	0	1.00	1.00	0	15	15	1	152.00	91.00	1690.00
1	MOVEMENT	43	19	Valkyrie	C	BipedMek	MISSILE_BOAT	2	8	1	0.00	0.00	0	0	0	0	0	1.00	1.00	0	21	17	1	96.00	51.00	1236.00
PLAYER_ID	ENTITY_ID	CHASSIS	MODEL	FACING	FROM_X	FROM_Y	TO_X	TO_Y	HEXES_MOVED	DISTANCE	MP_USED	MAX_MP	MP_P	HEAT_P	ARMOR_P	INTERNAL_P	JUMPING	PRONE	LEGAL	STEPS	TEAM_ID	CHANCE_OF_FAILURE	IS_BOT
43	18	Shadow Hawk	SHD-8L	1	2	13	9	11	7	0	7	7	1.00	0.00	1.00	1.00	1	0	1	START_JUMP FORWARDS FORWARDS FORWARDS FORWARDS TURN_RIGHT FORWARDS FORWARDS TURN_LEFT FORWARDS	1	0.00	0
ROUND	PHASE	PLAYER_ID	ENTITY_ID	CHASSIS	MODEL	TYPE	ROLE	X	Y	FACING	MP	HEAT	PRONE	AIRBORNE	OFF_BOARD	CRIPPLED	DESTROYED	ARMOR_P	INTERNAL_P	DONE	MAX_RANGE	TOTAL_DAMAGE	TEAM_ID	ARMOR	INTERNAL	BV
1	MOVEMENT	44	9	Fafnir	FNR-5WB	BipedMek	JUGGERNAUT	29	7	4	0.00	0.00	0	0	0	0	0	1.00	1.00	0	15	50	2	307.00	152.00	3233.00
1	MOVEMENT	44	10	Spector	SPR-6F	BipedMek	STRIKER	29	13	5	0.00	0.00	0	0	0	0	0	1.00	1.00	0	9	23	2	119.00	58.00	1476.00
1	MOVEMENT	44	11	Viking IIC		BipedMek	MISSILE_BOAT	29	6	4	0.00	0.00	0	0	0	0	0	1.00	1.00	0	21	82	2	248.00	138.00	2780.00
1	MOVEMENT	44	12	Pike Support Vehicle	(Plasma)	Tank	SNIPER	25	8	4	0.00	0.00	0	0	0	0	0	1.00	1.00	1	18	10	2	163.00	30.00	1367.00
1	MOVEMENT	44	13	Piranha	5	BipedMek	STRIKER	29	14	4	0.00	0.00	0	0	0	0	0	1.00	1.00	0	9	49	2	67.00	33.00	1132.00
1	MOVEMENT	43	14	Tian-Zong	TNZ-N1	BipedMek	SNIPER	2	10	1	0.00	0.00	0	0	0	0	0	1.00	1.00	0	22	40	1	216.00	114.00	2860.00
1	MOVEMENT	43	15	Agrotera	AGT-1A	BipedMek	STRIKER	2	7	1	0.00	0.00	0	0	0	0	0	1.00	1.00	0	23	22	1	152.00	83.00	1736.00
1	MOVEMENT	43	16	Emperor	EMP-7L	BipedMek	JUGGERNAUT	2	4	2	0.00	0.00	0	0	0	0	0	1.00	1.00	0	19	40	1	279.00	138.00	2397.00
1	MOVEMENT	43	18	Shadow Hawk	SHD-8L	BipedMek	STRIKER	9	11	1	0.00	0.00	0	0	0	0	0	1.00	1.00	1	15	15	1	152.00	91.00	1690.00
1	MOVEMENT	43	19	Valkyrie	C	BipedMek	MISSILE_BOAT	2	8	1	0.00	0.00	0	0	0	0	0	1.00	1.00	0	21	17	1	96.00	51.00	1236.00
PLAYER_ID	ENTITY_ID	CHASSIS	MODEL	FACING	FROM_X	FROM_Y	TO_X	TO_Y	HEXES_MOVED	DISTANCE	MP_USED	MAX_MP	MP_P	HEAT_P	ARMOR_P	INTERNAL_P	JUMPING	PRONE	LEGAL	STEPS	TEAM_ID	CHANCE_OF_FAILURE	IS_BOT
44	9	Fafnir	FNR-5WB	4	28	8	25	9	4	0	5	5	1.00	0.00	1.00	1.00	0	0	1	FORWARDS FORWARDS FORWARDS FORWARDS	2	0.00	0
ROUND	PHASE	PLAYER_ID	ENTITY_ID	CHASSIS	MODEL	TYPE	ROLE	X	Y	FACING	MP	HEAT	PRONE	AIRBORNE	OFF_BOARD	CRIPPLED	DESTROYED	ARMOR_P	INTERNAL_P	DONE	MAX_RANGE	TOTAL_DAMAGE	TEAM_ID	ARMOR	INTERNAL	BV
1	MOVEMENT	44	9	Fafnir	FNR-5WB	BipedMek	JUGGERNAUT	25	9	4	0.00	0.00	0	0	0	0	0	1.00	1.00	1	15	50	2	307.00	152.00	3233.00
1	MOVEMENT	44	10	Spector	SPR-6F	BipedMek	STRIKER	29	13	5	0.00	0.00	0	0	0	0	0	1.00	1.00	0	9	23	2	119.00	58.00	1476.00
1	MOVEMENT	44	11	Viking IIC		BipedMek	MISSILE_BOAT	29	6	4	0.00	0.00	0	0	0	0	0	1.00	1.00	0	21	82	2	248.00	138.00	2780.00
1	MOVEMENT	44	12	Pike Support Vehicle	(Plasma)	Tank	SNIPER	25	8	4	0.00	0.00	0	0	0	0	0	1.00	1.00	1	18	10	2	163.00	30.00	1367.00
1	MOVEMENT	44	13	Piranha	5	BipedMek	STRIKER	29	14	4	0.00	0.00	0	0	0	0	0	1.00	1.00	0	9	49	2	67.00	33.00	1132.00
1	MOVEMENT	43	14	Tian-Zong	TNZ-N1	BipedMek	SNIPER	2	10	1	0.00	0.00	0	0	0	0	0	1.00	1.00	0	22	40	1	216.00	114.00	2860.00
1	MOVEMENT	43	15	Agrotera	AGT-1A	BipedMek	STRIKER	2	7	1	0.00	0.00	0	0	0	0	0	1.00	1.00	0	23	22	1	152.00	83.00	1736.00
1	MOVEMENT	43	16	Emperor	EMP-7L	BipedMek	JUGGERNAUT	2	4	2	0.00	0.00	0	0	0	0	0	1.00	1.00	0	19	40	1	279.00	138.00	2397.00
1	MOVEMENT	43	18	Shadow Hawk	SHD-8L	BipedMek	STRIKER	9	11	1	0.00	0.00	0	0	0	0	0	1.00	1.00	1	15	15	1	152.00	91.00	1690.00
1	MOVEMENT	43	19	Valkyrie	C	BipedMek	MISSILE_BOAT	2	8	1	0.00	0.00	0	0	0	0	0	1.00	1.00	0	21	17	1	96.00	51.00	1236.00
PLAYER_ID	ENTITY_ID	CHASSIS	MODEL	FACING	FROM_X	FROM_Y	TO_X	TO_Y	HEXES_MOVED	DISTANCE	MP_USED	MAX_MP	MP_P	HEAT_P	ARMOR_P	INTERNAL_P	JUMPING	PRONE	LEGAL	STEPS	TEAM_ID	CHANCE_OF_FAILURE	IS_BOT
43	19	Valkyrie	C	1	2	8	10	4	8	0	8	8	1.00	0.00	1.00	1.00	1	0	1	START_JUMP FORWARDS FORWARDS FORWARDS FORWARDS FORWARDS FORWARDS FORWARDS FORWARDS	1	0.00	0
ROUND	PHASE	PLAYER_ID	ENTITY_ID	CHASSIS	MODEL	TYPE	ROLE	X	Y	FACING	MP	HEAT	PRONE	AIRBORNE	OFF_BOARD	CRIPPLED	DESTROYED	ARMOR_P	INTERNAL_P	DONE	MAX_RANGE	TOTAL_DAMAGE	TEAM_ID	ARMOR	INTERNAL	BV
1	MOVEMENT	44	9	Fafnir	FNR-5WB	BipedMek	JUGGERNAUT	25	9	4	0.00	0.00	0	0	0	0	0	1.00	1.00	1	15	50	2	307.00	152.00	3233.00
1	MOVEMENT	44	10	Spector	SPR-6F	BipedMek	STRIKER	29	13	5	0.00	0.00	0	0	0	0	0	1.00	1.00	0	9	23	2	119.00	58.00	1476.00
1	MOVEMENT	44	11	Viking IIC		BipedMek	MISSILE_BOAT	29	6	4	0.00	0.00	0	0	0	0	0	1.00	1.00	0	21	82	2	248.00	138.00	2780.00
1	MOVEMENT	44	12	Pike Support Vehicle	(Plasma)	Tank	SNIPER	25	8	4	0.00	0.00	0	0	0	0	0	1.00	1.00	1	18	10	2	163.00	30.00	1367.00
1	MOVEMENT	44	13	Piranha	5	BipedMek	STRIKER	29	14	4	0.00	0.00	0	0	0	0	0	1.00	1.00	0	9	49	2	67.00	33.00	1132.00
1	MOVEMENT	43	14	Tian-Zong	TNZ-N1	BipedMek	SNIPER	2	10	1	0.00	0.00	0	0	0	0	0	1.00	1.00	0	22	40	1	216.00	114.00	2860.00
1	MOVEMENT	43	15	Agrotera	AGT-1A	BipedMek	STRIKER	2	7	1	0.00	0.00	0	0	0	0	0	1.00	1.00	0	23	22	1	152.00	83.00	1736.00
1	MOVEMENT	43	16	Emperor	EMP-7L	BipedMek	JUGGERNAUT	2	4	2	0.00	0.00	0	0	0	0	0	1.00	1.00	0	19	40	1	279.00	138.00	2397.00
1	MOVEMENT	43	18	Shadow Hawk	SHD-8L	BipedMek	STRIKER	9	11	1	0.00	0.00	0	0	0	0	0	1.00	1.00	1	15	15	1	152.00	91.00	1690.00
1	MOVEMENT	43	19	Valkyrie	C	BipedMek	MISSILE_BOAT	10	4	1	0.00	0.00	0	0	0	0	0	1.00	1.00	1	21	17	1	96.00	51.00	1236.00
PLAYER_ID	ENTITY_ID	CHASSIS	MODEL	FACING	FROM_X	FROM_Y	TO_X	TO_Y	HEXES_MOVED	DISTANCE	MP_USED	MAX_MP	MP_P	HEAT_P	ARMOR_P	INTERNAL_P	JUMPING	PRONE	LEGAL	STEPS	TEAM_ID	CHANCE_OF_FAILURE	IS_BOT
44	10	Spector	SPR-6F	5	29	13	21	14	8	0	8	8	1.00	0.00	1.00	1.00	1	0	1	START_JUMP TURN_LEFT FORWARDS FORWARDS FORWARDS FORWARDS FORWARDS TURN_RIGHT FORWARDS FORWARDS FORWARDS	2	0.00	0
ROUND	PHASE	PLAYER_ID	ENTITY_ID	CHASSIS	MODEL	TYPE	ROLE	X	Y	FACING	MP	HEAT	PRONE	AIRBORNE	OFF_BOARD	CRIPPLED	DESTROYED	ARMOR_P	INTERNAL_P	DONE	MAX_RANGE	TOTAL_DAMAGE	TEAM_ID	ARMOR	INTERNAL	BV
1	MOVEMENT	44	9	Fafnir	FNR-5WB	BipedMek	JUGGERNAUT	25	9	4	0.00	0.00	0	0	0	0	0	1.00	1.00	1	15	50	2	307.00	152.00	3233.00
1	MOVEMENT	44	10	Spector	SPR-6F	BipedMek	STRIKER	21	14	5	0.00	0.00	0	0	0	0	0	1.00	1.00	1	9	23	2	119.00	58.00	1476.00
1	MOVEMENT	44	11	Viking IIC		BipedMek	MISSILE_BOAT	29	6	4	0.00	0.00	0	0	0	0	0	1.00	1.00	0	21	82	2	248.00	138.00	2780.00
1	MOVEMENT	44	12	Pike Support Vehicle	(Plasma)	Tank	SNIPER	25	8	4	0.00	0.00	0	0	0	0	0	1.00	1.00	1	18	10	2	163.00	30.00	1367.00
1	MOVEMENT	44	13	Piranha	5	BipedMek	STRIKER	29	14	4	0.00	0.00	0	0	0	0	0	1.00	1.00	0	9	49	2	67.00	33.00	1132.00
1	MOVEMENT	43	14	Tian-Zong	TNZ-N1	BipedMek	SNIPER	2	10	1	0.00	0.00	0	0	0	0	0	1.00	1.00	0	22	40	1	216.00	114.00	2860.00
1	MOVEMENT	43	15	Agrotera	AGT-1A	BipedMek	STRIKER	2	7	1	0.00	0.00	0	0	0	0	0	1.00	1.00	0	23	22	1	152.00	83.00	1736.00
1	MOVEMENT	43	16	Emperor	EMP-7L	BipedMek	JUGGERNAUT	2	4	2	0.00	0.00	0	0	0	0	0	1.00	1.00	0	19	40	1	279.00	138.00	2397.00
1	MOVEMENT	43	18	Shadow Hawk	SHD-8L	BipedMek	STRIKER	9	11	1	0.00	0.00	0	0	0	0	0	1.00	1.00	1	15	15	1	152.00	91.00	1690.00
1	MOVEMENT	43	19	Valkyrie	C	BipedMek	MISSILE_BOAT	10	4	1	0.00	0.00	0	0	0	0	0	1.00	1.00	1	21	17	1	96.00	51.00	1236.00
PLAYER_ID	ENTITY_ID	CHASSIS	MODEL	FACING	FROM_X	FROM_Y	TO_X	TO_Y	HEXES_MOVED	DISTANCE	MP_USED	MAX_MP	MP_P	HEAT_P	ARMOR_P	INTERNAL_P	JUMPING	PRONE	LEGAL	STEPS	TEAM_ID	CHANCE_OF_FAILURE	IS_BOT
43	16	Emperor	EMP-7L	2	3	4	6	6	4	0	5	5	1.00	0.00	1.00	1.00	0	0	1	FORWARDS FORWARDS FORWARDS FORWARDS	1	0.00	0
ROUND	PHASE	PLAYER_ID	ENTITY_ID	CHASSIS	MODEL	TYPE	ROLE	X	Y	FACING	MP	HEAT	PRONE	AIRBORNE	OFF_BOARD	CRIPPLED	DESTROYED	ARMOR_P	INTERNAL_P	DONE	MAX_RANGE	TOTAL_DAMAGE	TEAM_ID	ARMOR	INTERNAL	BV
1	MOVEMENT	44	9	Fafnir	FNR-5WB	BipedMek	JUGGERNAUT	25	9	4	0.00	0.00	0	0	0	0	0	1.00	1.00	1	15	50	2	307.00	152.00	3233.00
1	MOVEMENT	44	10	Spector	SPR-6F	BipedMek	STRIKER	21	14	5	0.00	0.00	0	0	0	0	0	1.00	1.00	1	9	23	2	119.00	58.00	1476.00
1	MOVEMENT	44	11	Viking IIC		BipedMek	MISSILE_BOAT	29	6	4	0.00	0.00	0	0	0	0	0	1.00	1.00	0	21	82	2	248.00	138.00	2780.00
1	MOVEMENT	44	12	Pike Support Vehicle	(Plasma)	Tank	SNIPER	25	8	4	0.00	0.00	0	0	0	0	0	1.00	1.00	1	18	10	2	163.00	30.00	1367.00
1	MOVEMENT	44	13	Piranha	5	BipedMek	STRIKER	29	14	4	0.00	0.00	0	0	0	0	0	1.00	1.00	0	9	49	2	67.00	33.00	1132.00
1	MOVEMENT	43	14	Tian-Zong	TNZ-N1	BipedMek	SNIPER	2	10	1	0.00	0.00	0	0	0	0	0	1.00	1.00	0	22	40	1	216.00	114.00	2860.00
1	MOVEMENT	43	15	Agrotera	AGT-1A	BipedMek	STRIKER	2	7	1	0.00	0.00	0	0	0	0	0	1.00	1.00	0	23	22	1	152.00	83.00	1736.00
1	MOVEMENT	43	16	Emperor	EMP-7L	BipedMek	JUGGERNAUT	6	6	2	0.00	0.00	0	0	0	0	0	1.00	1.00	1	19	40	1	279.00	138.00	2397.00
1	MOVEMENT	43	18	Shadow Hawk	SHD-8L	BipedMek	STRIKER	9	11	1	0.00	0.00	0	0	0	0	0	1.00	1.00	1	15	15	1	152.00	91.00	1690.00
1	MOVEMENT	43	19	Valkyrie	C	BipedMek	MISSILE_BOAT	10	4	1	0.00	0.00	0	0	0	0	0	1.00	1.00	1	21	17	1	96.00	51.00	1236.00
PLAYER_ID	ENTITY_ID	CHASSIS	MODEL	FACING	FROM_X	FROM_Y	TO_X	TO_Y	HEXES_MOVED	DISTANCE	MP_USED	MAX_MP	MP_P	HEAT_P	ARMOR_P	INTERNAL_P	JUMPING	PRONE	LEGAL	STEPS	TEAM_ID	CHANCE_OF_FAILURE	IS_BOT
44	11	Viking IIC		4	28	7	26	8	3	0	3	4	0.75	0.00	1.00	1.00	0	0	1	FORWARDS FORWARDS FORWARDS	2	0.00	0
ROUND	PHASE	PLAYER_ID	ENTITY_ID	CHASSIS	MODEL	TYPE	ROLE	X	Y	FACING	MP	HEAT	PRONE	AIRBORNE	OFF_BOARD	CRIPPLED	DESTROYED	ARMOR_P	INTERNAL_P	DONE	MAX_RANGE	TOTAL_DAMAGE	TEAM_ID	ARMOR	INTERNAL	BV
1	MOVEMENT	44	9	Fafnir	FNR-5WB	BipedMek	JUGGERNAUT	25	9	4	0.00	0.00	0	0	0	0	0	1.00	1.00	1	15	50	2	307.00	152.00	3233.00
1	MOVEMENT	44	10	Spector	SPR-6F	BipedMek	STRIKER	21	14	5	0.00	0.00	0	0	0	0	0	1.00	1.00	1	9	23	2	119.00	58.00	1476.00
1	MOVEMENT	44	11	Viking IIC		BipedMek	MISSILE_BOAT	26	8	4	0.00	0.00	0	0	0	0	0	1.00	1.00	1	21	82	2	248.00	138.00	2780.00
1	MOVEMENT	44	12	Pike Support Vehicle	(Plasma)	Tank	SNIPER	25	8	4	0.00	0.00	0	0	0	0	0	1.00	1.00	1	18	10	2	163.00	30.00	1367.00
1	MOVEMENT	44	13	Piranha	5	BipedMek	STRIKER	29	14	4	0.00	0.00	0	0	0	0	0	1.00	1.00	0	9	49	2	67.00	33.00	1132.00
1	MOVEMENT	43	14	Tian-Zong	TNZ-N1	BipedMek	SNIPER	2	10	1	0.00	0.00	0	0	0	0	0	1.00	1.00	0	22	40	1	216.00	114.00	2860.00
1	MOVEMENT	43	15	Agrotera	AGT-1A	BipedMek	STRIKER	2	7	1	0.00	0.00	0	0	0	0	0	1.00	1.00	0	23	22	1	152.00	83.00	1736.00
1	MOVEMENT	43	16	Emperor	EMP-7L	BipedMek	JUGGERNAUT	6	6	2	0.00	0.00	0	0	0	0	0	1.00	1.00	1	19	40	1	279.00	138.00	2397.00
1	MOVEMENT	43	18	Shadow Hawk	SHD-8L	BipedMek	STRIKER	9	11	1	0.00	0.00	0	0	0	0	0	1.00	1.00	1	15	15	1	152.00	91.00	1690.00
1	MOVEMENT	43	19	Valkyrie	C	BipedMek	MISSILE_BOAT	10	4	1	0.00	0.00	0	0	0	0	0	1.00	1.00	1	21	17	1	96.00	51.00	1236.00
PLAYER_ID	ENTITY_ID	CHASSIS	MODEL	FACING	FROM_X	FROM_Y	TO_X	TO_Y	HEXES_MOVED	DISTANCE	MP_USED	MAX_MP	MP_P	HEAT_P	ARMOR_P	INTERNAL_P	JUMPING	PRONE	LEGAL	STEPS	TEAM_ID	CHANCE_OF_FAILURE	IS_BOT
43	14	Tian-Zong	TNZ-N1	1	3	9	5	8	3	0	5	6	0.83	0.00	1.00	1.00	0	0	1	FORWARDS FORWARDS FORWARDS	1	0.00	0
ROUND	PHASE	PLAYER_ID	ENTITY_ID	CHASSIS	MODEL	TYPE	ROLE	X	Y	FACING	MP	HEAT	PRONE	AIRBORNE	OFF_BOARD	CRIPPLED	DESTROYED	ARMOR_P	INTERNAL_P	DONE	MAX_RANGE	TOTAL_DAMAGE	TEAM_ID	ARMOR	INTERNAL	BV
1	MOVEMENT	44	9	Fafnir	FNR-5WB	BipedMek	JUGGERNAUT	25	9	4	0.00	0.00	0	0	0	0	0	1.00	1.00	1	15	50	2	307.00	152.00	3233.00
1	MOVEMENT	44	10	Spector	SPR-6F	BipedMek	STRIKER	21	14	5	0.00	0.00	0	0	0	0	0	1.00	1.00	1	9	23	2	119.00	58.00	1476.00
1	MOVEMENT	44	11	Viking IIC		BipedMek	MISSILE_BOAT	26	8	4	0.00	0.00	0	0	0	0	0	1.00	1.00	1	21	82	2	248.00	138.00	2780.00
1	MOVEMENT	44	12	Pike Support Vehicle	(Plasma)	Tank	SNIPER	25	8	4	0.00	0.00	0	0	0	0	0	1.00	1.00	1	18	10	2	163.00	30.00	1367.00
1	MOVEMENT	44	13	Piranha	5	BipedMek	STRIKER	29	14	4	0.00	0.00	0	0	0	0	0	1.00	1.00	0	9	49	2	67.00	33.00	1132.00
1	MOVEMENT	43	14	Tian-Zong	TNZ-N1	BipedMek	SNIPER	5	8	1	0.00	0.00	0	0	0	0	0	1.00	1.00	1	22	40	1	216.00	114.00	2860.00
1	MOVEMENT	43	15	Agrotera	AGT-1A	BipedMek	STRIKER	2	7	1	0.00	0.00	0	0	0	0	0	1.00	1.00	0	23	22	1	152.00	83.00	1736.00
1	MOVEMENT	43	16	Emperor	EMP-7L	BipedMek	JUGGERNAUT	6	6	2	0.00	0.00	0	0	0	0	0	1.00	1.00	1	19	40	1	279.00	138.00	2397.00
1	MOVEMENT	43	18	Shadow Hawk	SHD-8L	BipedMek	STRIKER	9	11	1	0.00	0.00	0	0	0	0	0	1.00	1.00	1	15	15	1	152.00	91.00	1690.00
1	MOVEMENT	43	19	Valkyrie	C	BipedMek	MISSILE_BOAT	10	4	1	0.00	0.00	0	0	0	0	0	1.00	1.00	1	21	17	1	96.00	51.00	1236.00
PLAYER_ID	ENTITY_ID	CHASSIS	MODEL	FACING	FROM_X	FROM_Y	TO_X	TO_Y	HEXES_MOVED	DISTANCE	MP_USED	MAX_MP	MP_P	HEAT_P	ARMOR_P	INTERNAL_P	JUMPING	PRONE	LEGAL	STEPS	TEAM_ID	CHANCE_OF_FAILURE	IS_BOT
44	13	Piranha	5	4	28	15	19	16	10	0	12	18	0.67	0.00	1.00	1.00	0	0	1	FORWARDS FORWARDS FORWARDS FORWARDS TURN_RIGHT FORWARDS FORWARDS FORWARDS TURN_LEFT FORWARDS FORWARDS FORWARDS	2	0.00	0
ROUND	PHASE	PLAYER_ID	ENTITY_ID	CHASSIS	MODEL	TYPE	ROLE	X	Y	FACING	MP	HEAT	PRONE	AIRBORNE	OFF_BOARD	CRIPPLED	DESTROYED	ARMOR_P	INTERNAL_P	DONE	MAX_RANGE	TOTAL_DAMAGE	TEAM_ID	ARMOR	INTERNAL	BV
1	MOVEMENT	44	9	Fafnir	FNR-5WB	BipedMek	JUGGERNAUT	25	9	4	0.00	0.00	0	0	0	0	0	1.00	1.00	1	15	50	2	307.00	152.00	3233.00
1	MOVEMENT	44	10	Spector	SPR-6F	BipedMek	STRIKER	21	14	5	0.00	0.00	0	0	0	0	0	1.00	1.00	1	9	23	2	119.00	58.00	1476.00
1	MOVEMENT	44	11	Viking IIC		BipedMek	MISSILE_BOAT	26	8	4	0.00	0.00	0	0	0	0	0	1.00	1.00	1	21	82	2	248.00	138.00	2780.00
1	MOVEMENT	44	12	Pike Support Vehicle	(Plasma)	Tank	SNIPER	25	8	4	0.00	0.00	0	0	0	0	0	1.00	1.00	1	18	10	2	163.00	30.00	1367.00
1	MOVEMENT	44	13	Piranha	5	BipedMek	STRIKER	19	16	4	0.00	0.00	0	0	0	0	0	1.00	1.00	1	9	49	2	67.00	33.00	1132.00
1	MOVEMENT	43	14	Tian-Zong	TNZ-N1	BipedMek	SNIPER	5	8	1	0.00	0.00	0	0	0	0	0	1.00	1.00	1	22	40	1	216.00	114.00	2860.00
1	MOVEMENT	43	15	Agrotera	AGT-1A	BipedMek	STRIKER	2	7	1	0.00	0.00	0	0	0	0	0	1.00	1.00	0	23	22	1	152.00	83.00	1736.00
1	MOVEMENT	43	16	Emperor	EMP-7L	BipedMek	JUGGERNAUT	6	6	2	0.00	0.00	0	0	0	0	0	1.00	1.00	1	19	40	1	279.00	138.00	2397.00
1	MOVEMENT	43	18	Shadow Hawk	SHD-8L	BipedMek	STRIKER	9	11	1	0.00	0.00	0	0	0	0	0	1.00	1.00	1	15	15	1	152.00	91.00	1690.00
1	MOVEMENT	43	19	Valkyrie	C	BipedMek	MISSILE_BOAT	10	4	1	0.00	0.00	0	0	0	0	0	1.00	1.00	1	21	17	1	96.00	51.00	1236.00
PLAYER_ID	ENTITY_ID	CHASSIS	MODEL	FACING	FROM_X	FROM_Y	TO_X	TO_Y	HEXES_MOVED	DISTANCE	MP_USED	MAX_MP	MP_P	HEAT_P	ARMOR_P	INTERNAL_P	JUMPING	PRONE	LEGAL	STEPS	TEAM_ID	CHANCE_OF_FAILURE	IS_BOT
43	15	Agrotera	AGT-1A	2	2	7	6	13	8	0	8	8	1.00	0.00	1.00	1.00	1	0	1	START_JUMP TURN_RIGHT TURN_RIGHT FORWARDS FORWARDS FORWARDS FORWARDS TURN_LEFT FORWARDS FORWARDS FORWARDS FORWARDS	1	0.00	0
ROUND	PHASE	PLAYER_ID	ENTITY_ID	CHASSIS	MODEL	TYPE	ROLE	X	Y	FACING	MP	HEAT	PRONE	AIRBORNE	OFF_BOARD	CRIPPLED	DESTROYED	ARMOR_P	INTERNAL_P	DONE	MAX_RANGE	TOTAL_DAMAGE	TEAM_ID	ARMOR	INTERNAL	BV
1	MOVEMENT	44	9	Fafnir	FNR-5WB	BipedMek	JUGGERNAUT	25	9	4	0.00	0.00	0	0	0	0	0	1.00	1.00	1	15	50	2	307.00	152.00	3233.00
1	MOVEMENT	44	10	Spector	SPR-6F	BipedMek	STRIKER	21	14	5	0.00	0.00	0	0	0	0	0	1.00	1.00	1	9	23	2	119.00	58.00	1476.00
1	MOVEMENT	44	11	Viking IIC		BipedMek	MISSILE_BOAT	26	8	4	0.00	0.00	0	0	0	0	0	1.00	1.00	1	21	82	2	248.00	138.00	2780.00
1	MOVEMENT	44	12	Pike Support Vehicle	(Plasma)	Tank	SNIPER	25	8	4	0.00	0.00	0	0	0	0	0	1.00	1.00	1	18	10	2	163.00	30.00	1367.00
1	MOVEMENT	44	13	Piranha	5	BipedMek	STRIKER	19	16	4	0.00	0.00	0	0	0	0	0	1.00	1.00	1	9	49	2	67.00	33.00	1132.00
1	MOVEMENT	43	14	Tian-Zong	TNZ-N1	BipedMek	SNIPER	5	8	1	0.00	0.00	0	0	0	0	0	1.00	1.00	1	22	40	1	216.00	114.00	2860.00
1	MOVEMENT	43	15	Agrotera	AGT-1A	BipedMek	STRIKER	6	13	2	0.00	0.00	0	0	0	0	0	1.00	1.00	1	23	22	1	152.00	83.00	1736.00
1	MOVEMENT	43	16	Emperor	EMP-7L	BipedMek	JUGGERNAUT	6	6	2	0.00	0.00	0	0	0	0	0	1.00	1.00	1	19	40	1	279.00	138.00	2397.00
1	MOVEMENT	43	18	Shadow Hawk	SHD-8L	BipedMek	STRIKER	9	11	1	0.00	0.00	0	0	0	0	0	1.00	1.00	1	15	15	1	152.00	91.00	1690.00
1	MOVEMENT	43	19	Valkyrie	C	BipedMek	MISSILE_BOAT	10	4	1	0.00	0.00	0	0	0	0	0	1.00	1.00	1	21	17	1	96.00	51.00	1236.00
ROUND	PHASE	PLAYER_ID	ENTITY_ID	CHASSIS	MODEL	TYPE	ROLE	X	Y	FACING	MP	HEAT	PRONE	AIRBORNE	OFF_BOARD	CRIPPLED	DESTROYED	ARMOR_P	INTERNAL_P	DONE	MAX_RANGE	TOTAL_DAMAGE	TEAM_ID	ARMOR	INTERNAL	BV
1	OFFBOARD	44	9	Fafnir	FNR-5WB	BipedMek	JUGGERNAUT	25	9	4	0.00	0.00	0	0	0	0	0	1.00	1.00	1	15	50	2	307.00	152.00	3233.00
1	OFFBOARD	44	10	Spector	SPR-6F	BipedMek	STRIKER	21	14	5	0.00	0.00	0	0	0	0	0	1.00	1.00	1	9	23	2	119.00	58.00	1476.00
1	OFFBOARD	44	11	Viking IIC		BipedMek	MISSILE_BOAT	26	8	4	0.00	0.00	0	0	0	0	0	1.00	1.00	1	21	82	2	248.00	138.00	2780.00
1	OFFBOARD	44	12	Pike Support Vehicle	(Plasma)	Tank	SNIPER	25	8	4	0.00	0.00	0	0	0	0	0	1.00	1.00	1	18	10	2	163.00	30.00	1367.00
1	OFFBOARD	44	13	Piranha	5	BipedMek	STRIKER	19	16	4	0.00	0.00	0	0	0	0	0	1.00	1.00	1	9	49	2	67.00	33.00	1132.00
1	OFFBOARD	43	14	Tian-Zong	TNZ-N1	BipedMek	SNIPER	5	8	1	0.00	0.00	0	0	0	0	0	1.00	1.00	1	22	40	1	216.00	114.00	2860.00
1	OFFBOARD	43	15	Agrotera	AGT-1A	BipedMek	STRIKER	6	13	2	0.00	0.00	0	0	0	0	0	1.00	1.00	1	23	22	1	152.00	83.00	1736.00
1	OFFBOARD	43	16	Emperor	EMP-7L	BipedMek	JUGGERNAUT	6	6	2	0.00	0.00	0	0	0	0	0	1.00	1.00	1	19	40	1	279.00	138.00	2397.00
1	OFFBOARD	43	18	Shadow Hawk	SHD-8L	BipedMek	STRIKER	9	11	1	0.00	0.00	0	0	0	0	0	1.00	1.00	1	15	15	1	152.00	91.00	1690.00
1	OFFBOARD	43	19	Valkyrie	C	BipedMek	MISSILE_BOAT	10	4	1	0.00	0.00	0	0	0	0	0	1.00	1.00	1	21	17	1	96.00	51.00	1236.00
ROUND	PLAYER_ID	ENTITY_ID	TYPE	ROLE	X	Y	FACING	TARGET_PLAYER_ID	TARGET_ID	TARGET_TYPE	TARGET_ROLE	TARGET_X	TARGET_Y	TARGET_FACING	AIMING_LOC	AIMING_MODE	WEAPON_ID	AMMO_ID	ATA	ATG	GTG	GTA	TO_HIT	TURNS_TO_HIT	SPOTTER_ID
1	43	14	BipedMek	SNIPER	5	8	1	44	9	BipedMek	JUGGERNAUT	25	9	4	-1	NONE	8	2	0	0	1	0	11.00	0	-1
1	43	14	BipedMek	SNIPER	5	8	1	44	9	BipedMek	JUGGERNAUT	25	9	4	-1	NONE	9	2	0	0	1	0	11.00	0	-1
ROUND	PLAYER_ID	ENTITY_ID	TYPE	ROLE	X	Y	FACING	TARGET_PLAYER_ID	TARGET_ID	TARGET_TYPE	TARGET_ROLE	TARGET_X	TARGET_Y	TARGET_FACING	AIMING_LOC	AIMING_MODE	WEAPON_ID	AMMO_ID	ATA	ATG	GTG	GTA	TO_HIT	TURNS_TO_HIT	SPOTTER_ID
1	44	9	BipedMek	JUGGERNAUT	25	9	4	-1	700013	HexTarget	NONE	13	7	-1	-1	NONE	12	14	0	0	1	0	7.00	0	-1
1	44	9	BipedMek	JUGGERNAUT	25	9	4	-1	700013	HexTarget	NONE	13	7	-1	-1	NONE	13	14	0	0	1	0	7.00	0	-1
1	44	9	BipedMek	JUGGERNAUT	25	9	4	-1	700013	HexTarget	NONE	13	7	-1	-1	NONE	18	14	0	0	1	0	7.00	0	-1
1	44	9	BipedMek	JUGGERNAUT	25	9	4	-1	700013	HexTarget	NONE	13	7	-1	-1	NONE	19	14	0	0	1	0	7.00	0	-1
ROUND	PLAYER_ID	ENTITY_ID	TYPE	ROLE	X	Y	FACING	TARGET_PLAYER_ID	TARGET_ID	TARGET_TYPE	TARGET_ROLE	TARGET_X	TARGET_Y	TARGET_FACING	AIMING_LOC	AIMING_MODE	WEAPON_ID	AMMO_ID	ATA	ATG	GTG	GTA	TO_HIT	TURNS_TO_HIT	SPOTTER_ID
1	43	15	BipedMek	STRIKER	6	13	2	44	13	BipedMek	STRIKER	19	16	4	-1	NONE	5	-1	0	0	1	0	12.00	0	-1
ROUND	PHASE	PLAYER_ID	ENTITY_ID	CHASSIS	MODEL	TYPE	ROLE	X	Y	FACING	MP	HEAT	PRONE	AIRBORNE	OFF_BOARD	CRIPPLED	DESTROYED	ARMOR_P	INTERNAL_P	DONE	MAX_RANGE	TOTAL_DAMAGE	TEAM_ID	ARMOR	INTERNAL	BV
1	FIRING	44	9	Fafnir	FNR-5WB	BipedMek	JUGGERNAUT	25	9	4	0.00	0.00	0	0	0	0	0	1.00	1.00	1	12	50	2	307.00	152.00	3233.00
1	FIRING	44	10	Spector	SPR-6F	BipedMek	STRIKER	21	14	5	0.00	0.00	0	0	0	0	0	1.00	1.00	1	9	23	2	119.00	58.00	1476.00
1	FIRING	44	11	Viking IIC		BipedMek	MISSILE_BOAT	26	8	4	0.00	0.00	0	0	0	0	0	1.00	1.00	1	21	82	2	248.00	138.00	2780.00
1	FIRING	44	12	Pike Support Vehicle	(Plasma)	Tank	SNIPER	25	8	4	0.00	0.00	0	0	0	0	0	1.00	1.00	1	18	10	2	163.00	30.00	1367.00
1	FIRING	44	13	Piranha	5	BipedMek	STRIKER	19	16	4	0.00	0.00	0	0	0	0	0	1.00	1.00	1	9	49	2	67.00	33.00	1132.00
1	FIRING	43	14	Tian-Zong	TNZ-N1	BipedMek	SNIPER	5	8	1	0.00	0.00	0	0	0	0	0	1.00	1.00	1	12	40	1	216.00	114.00	2860.00
1	FIRING	43	15	Agrotera	AGT-1A	BipedMek	STRIKER	6	13	2	0.00	0.00	0	0	0	0	0	1.00	1.00	1	15	22	1	152.00	83.00	1736.00
1	FIRING	43	16	Emperor	EMP-7L	BipedMek	JUGGERNAUT	6	6	2	0.00	0.00	0	0	0	0	0	1.00	1.00	1	19	40	1	279.00	138.00	2397.00
1	FIRING	43	18	Shadow Hawk	SHD-8L	BipedMek	STRIKER	9	11	1	0.00	0.00	0	0	0	0	0	1.00	1.00	1	15	15	1	152.00	91.00	1690.00
1	FIRING	43	19	Valkyrie	C	BipedMek	MISSILE_BOAT	10	4	1	0.00	0.00	0	0	0	0	0	1.00	1.00	1	21	17	1	96.00	51.00	1236.00
ROUND	PHASE	PLAYER_ID	ENTITY_ID	CHASSIS	MODEL	TYPE	ROLE	X	Y	FACING	MP	HEAT	PRONE	AIRBORNE	OFF_BOARD	CRIPPLED	DESTROYED	ARMOR_P	INTERNAL_P	DONE	MAX_RANGE	TOTAL_DAMAGE	TEAM_ID	ARMOR	INTERNAL	BV
2	TARGETING	44	9	Fafnir	FNR-5WB	BipedMek	JUGGERNAUT	25	9	4	5.00	0.00	0	0	0	0	0	1.00	1.00	1	15	50	2	307.00	152.00	3233.00
2	TARGETING	44	10	Spector	SPR-6F	BipedMek	STRIKER	21	14	5	8.00	0.00	0	0	0	0	0	1.00	1.00	1	9	23	2	119.00	58.00	1476.00
2	TARGETING	44	11	Viking IIC		BipedMek	MISSILE_BOAT	26	8	4	3.00	0.00	0	0	0	0	0	1.00	1.00	1	21	82	2	248.00	138.00	2780.00
2	TARGETING	44	12	Pike Support Vehicle	(Plasma)	Tank	SNIPER	25	8	4	5.00	0.00	0	0	0	0	0	1.00	1.00	1	18	10	2	163.00	30.00	1367.00
2	TARGETING	44	13	Piranha	5	BipedMek	STRIKER	19	16	4	12.00	0.00	0	0	0	0	0	1.00	1.00	1	9	49	2	67.00	33.00	1132.00
2	TARGETING	43	14	Tian-Zong	TNZ-N1	BipedMek	SNIPER	5	8	1	5.00	0.00	0	0	0	0	0	1.00	1.00	1	22	40	1	216.00	114.00	2860.00
2	TARGETING	43	15	Agrotera	AGT-1A	BipedMek	STRIKER	6	13	2	8.00	0.00	0	0	0	0	0	1.00	1.00	1	23	22	1	152.00	83.00	1736.00
2	TARGETING	43	16	Emperor	EMP-7L	BipedMek	JUGGERNAUT	6	6	2	5.00	0.00	0	0	0	0	0	1.00	1.00	1	19	40	1	279.00	138.00	2397.00
2	TARGETING	43	18	Shadow Hawk	SHD-8L	BipedMek	STRIKER	9	11	1	7.00	0.00	0	0	0	0	0	1.00	1.00	1	15	15	1	152.00	91.00	1690.00
2	TARGETING	43	19	Valkyrie	C	BipedMek	MISSILE_BOAT	10	4	1	8.00	0.00	0	0	0	0	0	1.00	1.00	1	21	17	1	96.00	51.00	1236.00
PLAYER_ID	ENTITY_ID	CHASSIS	MODEL	FACING	FROM_X	FROM_Y	TO_X	TO_Y	HEXES_MOVED	DISTANCE	MP_USED	MAX_MP	MP_P	HEAT_P	ARMOR_P	INTERNAL_P	JUMPING	PRONE	LEGAL	STEPS	TEAM_ID	CHANCE_OF_FAILURE	IS_BOT
44	12	Pike Support Vehicle	(Plasma)	4	24	9	24	9	1	0	4	5	0.80	0.00	1.00	1.00	0	0	1	FORWARDS	2	0.00	0
ROUND	PHASE	PLAYER_ID	ENTITY_ID	CHASSIS	MODEL	TYPE	ROLE	X	Y	FACING	MP	HEAT	PRONE	AIRBORNE	OFF_BOARD	CRIPPLED	DESTROYED	ARMOR_P	INTERNAL_P	DONE	MAX_RANGE	TOTAL_DAMAGE	TEAM_ID	ARMOR	INTERNAL	BV
2	MOVEMENT	44	9	Fafnir	FNR-5WB	BipedMek	JUGGERNAUT	25	9	4	5.00	0.00	0	0	0	0	0	1.00	1.00	0	15	50	2	307.00	152.00	3233.00
2	MOVEMENT	44	10	Spector	SPR-6F	BipedMek	STRIKER	21	14	5	8.00	0.00	0	0	0	0	0	1.00	1.00	0	9	23	2	119.00	58.00	1476.00
2	MOVEMENT	44	11	Viking IIC		BipedMek	MISSILE_BOAT	26	8	4	3.00	0.00	0	0	0	0	0	1.00	1.00	0	21	82	2	248.00	138.00	2780.00
2	MOVEMENT	44	12	Pike Support Vehicle	(Plasma)	Tank	SNIPER	24	9	4	5.00	0.00	0	0	0	0	0	1.00	1.00	1	18	10	2	163.00	30.00	1367.00
2	MOVEMENT	44	13	Piranha	5	BipedMek	STRIKER	19	16	4	12.00	0.00	0	0	0	0	0	1.00	1.00	0	9	49	2	67.00	33.00	1132.00
2	MOVEMENT	43	14	Tian-Zong	TNZ-N1	BipedMek	SNIPER	5	8	1	5.00	0.00	0	0	0	0	0	1.00	1.00	0	22	40	1	216.00	114.00	2860.00
2	MOVEMENT	43	15	Agrotera	AGT-1A	BipedMek	STRIKER	6	13	2	8.00	0.00	0	0	0	0	0	1.00	1.00	0	23	22	1	152.00	83.00	1736.00
2	MOVEMENT	43	16	Emperor	EMP-7L	BipedMek	JUGGERNAUT	6	6	2	5.00	0.00	0	0	0	0	0	1.00	1.00	0	19	40	1	279.00	138.00	2397.00
2	MOVEMENT	43	18	Shadow Hawk	SHD-8L	BipedMek	STRIKER	9	11	1	7.00	0.00	0	0	0	0	0	1.00	1.00	0	15	15	1	152.00	91.00	1690.00
2	MOVEMENT	43	19	Valkyrie	C	BipedMek	MISSILE_BOAT	10	4	1	8.00	0.00	0	0	0	0	0	1.00	1.00	0	21	17	1	96.00	51.00	1236.00
PLAYER_ID	ENTITY_ID	CHASSIS	MODEL	FACING	FROM_X	FROM_Y	TO_X	TO_Y	HEXES_MOVED	DISTANCE	MP_USED	MAX_MP	MP_P	HEAT_P	ARMOR_P	INTERNAL_P	JUMPING	PRONE	LEGAL	STEPS	TEAM_ID	CHANCE_OF_FAILURE	IS_BOT
43	14	Tian-Zong	TNZ-N1	1	6	8	6	8	1	0	3	6	0.50	0.00	1.00	1.00	0	0	1	FORWARDS	1	0.00	0
ROUND	PHASE	PLAYER_ID	ENTITY_ID	CHASSIS	MODEL	TYPE	ROLE	X	Y	FACING	MP	HEAT	PRONE	AIRBORNE	OFF_BOARD	CRIPPLED	DESTROYED	ARMOR_P	INTERNAL_P	DONE	MAX_RANGE	TOTAL_DAMAGE	TEAM_ID	ARMOR	INTERNAL	BV
2	MOVEMENT	44	9	Fafnir	FNR-5WB	BipedMek	JUGGERNAUT	25	9	4	5.00	0.00	0	0	0	0	0	1.00	1.00	0	15	50	2	307.00	152.00	3233.00
2	MOVEMENT	44	10	Spector	SPR-6F	BipedMek	STRIKER	21	14	5	8.00	0.00	0	0	0	0	0	1.00	1.00	0	9	23	2	119.00	58.00	1476.00
2	MOVEMENT	44	11	Viking IIC		BipedMek	MISSILE_BOAT	26	8	4	3.00	0.00	0	0	0	0	0	1.00	1.00	0	21	82	2	248.00	138.00	2780.00
2	MOVEMENT	44	12	Pike Support Vehicle	(Plasma)	Tank	SNIPER	24	9	4	5.00	0.00	0	0	0	0	0	1.00	1.00	1	18	10	2	163.00	30.00	1367.00
2	MOVEMENT	44	13	Piranha	5	BipedMek	STRIKER	19	16	4	12.00	0.00	0	0	0	0	0	1.00	1.00	0	9	49	2	67.00	33.00	1132.00
2	MOVEMENT	43	14	Tian-Zong	TNZ-N1	BipedMek	SNIPER	6	8	1	5.00	0.00	0	0	0	0	0	1.00	1.00	1	22	40	1	216.00	114.00	2860.00
2	MOVEMENT	43	15	Agrotera	AGT-1A	BipedMek	STRIKER	6	13	2	8.00	0.00	0	0	0	0	0	1.00	1.00	0	23	22	1	152.00	83.00	1736.00
2	MOVEMENT	43	16	Emperor	EMP-7L	BipedMek	JUGGERNAUT	6	6	2	5.00	0.00	0	0	0	0	0	1.00	1.00	0	19	40	1	279.00	138.00	2397.00
2	MOVEMENT	43	18	Shadow Hawk	SHD-8L	BipedMek	STRIKER	9	11	1	7.00	0.00	0	0	0	0	0	1.00	1.00	0	15	15	1	152.00	91.00	1690.00
2	MOVEMENT	43	19	Valkyrie	C	BipedMek	MISSILE_BOAT	10	4	1	8.00	0.00	0	0	0	0	0	1.00	1.00	0	21	17	1	96.00	51.00	1236.00
PLAYER_ID	ENTITY_ID	CHASSIS	MODEL	FACING	FROM_X	FROM_Y	TO_X	TO_Y	HEXES_MOVED	DISTANCE	MP_USED	MAX_MP	MP_P	HEAT_P	ARMOR_P	INTERNAL_P	JUMPING	PRONE	LEGAL	STEPS	TEAM_ID	CHANCE_OF_FAILURE	IS_BOT
44	9	Fafnir	FNR-5WB	4	24	10	21	11	4	0	5	5	1.00	0.00	1.00	1.00	0	0	1	FORWARDS FORWARDS FORWARDS FORWARDS	2	0.00	0
ROUND	PHASE	PLAYER_ID	ENTITY_ID	CHASSIS	MODEL	TYPE	ROLE	X	Y	FACING	MP	HEAT	PRONE	AIRBORNE	OFF_BOARD	CRIPPLED	DESTROYED	ARMOR_P	INTERNAL_P	DONE	MAX_RANGE	TOTAL_DAMAGE	TEAM_ID	ARMOR	INTERNAL	BV
2	MOVEMENT	44	9	Fafnir	FNR-5WB	BipedMek	JUGGERNAUT	21	11	4	5.00	0.00	0	0	0	0	0	1.00	1.00	1	15	50	2	307.00	152.00	3233.00
2	MOVEMENT	44	10	Spector	SPR-6F	BipedMek	STRIKER	21	14	5	8.00	0.00	0	0	0	0	0	1.00	1.00	0	9	23	2	119.00	58.00	1476.00
2	MOVEMENT	44	11	Viking IIC		BipedMek	MISSILE_BOAT	26	8	4	3.00	0.00	0	0	0	0	0	1.00	1.00	0	21	82	2	248.00	138.00	2780.00
2	MOVEMENT	44	12	Pike Support Vehicle	(Plasma)	Tank	SNIPER	24	9	4	5.00	0.00	0	0	0	0	0	1.00	1.00	1	18	10	2	163.00	30.00	1367.00
2	MOVEMENT	44	13	Piranha	5	BipedMek	STRIKER	19	16	4	12.00	0.00	0	0	0	0	0	1.00	1.00	0	9	49	2	67.00	33.00	1132.00
2	MOVEMENT	43	14	Tian-Zong	TNZ-N1	BipedMek	SNIPER	6	8	1	5.00	0.00	0	0	0	0	0	1.00	1.00	1	22	40	1	216.00	114.00	2860.00
2	MOVEMENT	43	15	Agrotera	AGT-1A	BipedMek	STRIKER	6	13	2	8.00	0.00	0	0	0	0	0	1.00	1.00	0	23	22	1	152.00	83.00	1736.00
2	MOVEMENT	43	16	Emperor	EMP-7L	BipedMek	JUGGERNAUT	6	6	2	5.00	0.00	0	0	0	0	0	1.00	1.00	0	19	40	1	279.00	138.00	2397.00
2	MOVEMENT	43	18	Shadow Hawk	SHD-8L	BipedMek	STRIKER	9	11	1	7.00	0.00	0	0	0	0	0	1.00	1.00	0	15	15	1	152.00	91.00	1690.00
2	MOVEMENT	43	19	Valkyrie	C	BipedMek	MISSILE_BOAT	10	4	1	8.00	0.00	0	0	0	0	0	1.00	1.00	0	21	17	1	96.00	51.00	1236.00
PLAYER_ID	ENTITY_ID	CHASSIS	MODEL	FACING	FROM_X	FROM_Y	TO_X	TO_Y	HEXES_MOVED	DISTANCE	MP_USED	MAX_MP	MP_P	HEAT_P	ARMOR_P	INTERNAL_P	JUMPING	PRONE	LEGAL	STEPS	TEAM_ID	CHANCE_OF_FAILURE	IS_BOT
43	19	Valkyrie	C	2	10	4	11	11	8	0	8	8	1.00	0.00	1.00	1.00	1	0	1	START_JUMP TURN_RIGHT TURN_RIGHT FORWARDS FORWARDS FORWARDS FORWARDS FORWARDS FORWARDS FORWARDS TURN_LEFT FORWARDS	1	0.00	0
ROUND	PHASE	PLAYER_ID	ENTITY_ID	CHASSIS	MODEL	TYPE	ROLE	X	Y	FACING	MP	HEAT	PRONE	AIRBORNE	OFF_BOARD	CRIPPLED	DESTROYED	ARMOR_P	INTERNAL_P	DONE	MAX_RANGE	TOTAL_DAMAGE	TEAM_ID	ARMOR	INTERNAL	BV
2	MOVEMENT	44	9	Fafnir	FNR-5WB	BipedMek	JUGGERNAUT	21	11	4	5.00	0.00	0	0	0	0	0	1.00	1.00	1	15	50	2	307.00	152.00	3233.00
2	MOVEMENT	44	10	Spector	SPR-6F	BipedMek	STRIKER	21	14	5	8.00	0.00	0	0	0	0	0	1.00	1.00	0	9	23	2	119.00	58.00	1476.00
2	MOVEMENT	44	11	Viking IIC		BipedMek	MISSILE_BOAT	26	8	4	3.00	0.00	0	0	0	0	0	1.00	1.00	0	21	82	2	248.00	138.00	2780.00
2	MOVEMENT	44	12	Pike Support Vehicle	(Plasma)	Tank	SNIPER	24	9	4	5.00	0.00	0	0	0	0	0	1.00	1.00	1	18	10	2	163.00	30.00	1367.00
2	MOVEMENT	44	13	Piranha	5	BipedMek	STRIKER	19	16	4	12.00	0.00	0	0	0	0	0	1.00	1.00	0	9	49	2	67.00	33.00	1132.00
2	MOVEMENT	43	14	Tian-Zong	TNZ-N1	BipedMek	SNIPER	6	8	1	5.00	0.00	0	0	0	0	0	1.00	1.00	1	22	40	1	216.00	114.00	2860.00
2	MOVEMENT	43	15	Agrotera	AGT-1A	BipedMek	STRIKER	6	13	2	8.00	0.00	0	0	0	0	0	1.00	1.00	0	23	22	1	152.00	83.00	1736.00
2	MOVEMENT	43	16	Emperor	EMP-7L	BipedMek	JUGGERNAUT	6	6	2	5.00	0.00	0	0	0	0	0	1.00	1.00	0	19	40	1	279.00	138.00	2397.00
2	MOVEMENT	43	18	Shadow Hawk	SHD-8L	BipedMek	STRIKER	9	11	1	7.00	0.00	0	0	0	0	0	1.00	1.00	0	15	15	1	152.00	91.00	1690.00
2	MOVEMENT	43	19	Valkyrie	C	BipedMek	MISSILE_BOAT	11	11	2	8.00	0.00	0	0	0	0	0	1.00	1.00	1	21	17	1	96.00	51.00	1236.00
PLAYER_ID	ENTITY_ID	CHASSIS	MODEL	FACING	FROM_X	FROM_Y	TO_X	TO_Y	HEXES_MOVED	DISTANCE	MP_USED	MAX_MP	MP_P	HEAT_P	ARMOR_P	INTERNAL_P	JUMPING	PRONE	LEGAL	STEPS	TEAM_ID	CHANCE_OF_FAILURE	IS_BOT
44	11	Viking IIC		4	25	8	25	8	1	0	2	4	0.50	0.00	1.00	1.00	0	0	1	FORWARDS	2	0.00	0
ROUND	PHASE	PLAYER_ID	ENTITY_ID	CHASSIS	MODEL	TYPE	ROLE	X	Y	FACING	MP	HEAT	PRONE	AIRBORNE	OFF_BOARD	CRIPPLED	DESTROYED	ARMOR_P	INTERNAL_P	DONE	MAX_RANGE	TOTAL_DAMAGE	TEAM_ID	ARMOR	INTERNAL	BV
2	MOVEMENT	44	9	Fafnir	FNR-5WB	BipedMek	JUGGERNAUT	21	11	4	5.00	0.00	0	0	0	0	0	1.00	1.00	1	15	50	2	307.00	152.00	3233.00
2	MOVEMENT	44	10	Spector	SPR-6F	BipedMek	STRIKER	21	14	5	8.00	0.00	0	0	0	0	0	1.00	1.00	0	9	23	2	119.00	58.00	1476.00
2	MOVEMENT	44	11	Viking IIC		BipedMek	MISSILE_BOAT	25	8	4	3.00	0.00	0	0	0	0	0	1.00	1.00	1	21	82	2	248.00	138.00	2780.00
2	MOVEMENT	44	12	Pike Support Vehicle	(Plasma)	Tank	SNIPER	24	9	4	5.00	0.00	0	0	0	0	0	1.00	1.00	1	18	10	2	163.00	30.00	1367.00
2	MOVEMENT	44	13	Piranha	5	BipedMek	STRIKER	19	16	4	12.00	0.00	0	0	0	0	0	1.00	1.00	0	9	49	2	67.00	33.00	1132.00
2	MOVEMENT	43	14	Tian-Zong	TNZ-N1	BipedMek	SNIPER	6	8	1	5.00	0.00	0	0	0	0	0	1.00	1.00	1	22	40	1	216.00	114.00	2860.00
2	MOVEMENT	43	15	Agrotera	AGT-1A	BipedMek	STRIKER	6	13	2	8.00	0.00	0	0	0	0	0	1.00	1.00	0	23	22	1	152.00	83.00	1736.00
2	MOVEMENT	43	16	Emperor	EMP-7L	BipedMek	JUGGERNAUT	6	6	2	5.00	0.00	0	0	0	0	0	1.00	1.00	0	19	40	1	279.00	138.00	2397.00
2	MOVEMENT	43	18	Shadow Hawk	SHD-8L	BipedMek	STRIKER	9	11	1	7.00	0.00	0	0	0	0	0	1.00	1.00	0	15	15	1	152.00	91.00	1690.00
2	MOVEMENT	43	19	Valkyrie	C	BipedMek	MISSILE_BOAT	11	11	2	8.00	0.00	0	0	0	0	0	1.00	1.00	1	21	17	1	96.00	51.00	1236.00
PLAYER_ID	ENTITY_ID	CHASSIS	MODEL	FACING	FROM_X	FROM_Y	TO_X	TO_Y	HEXES_MOVED	DISTANCE	MP_USED	MAX_MP	MP_P	HEAT_P	ARMOR_P	INTERNAL_P	JUMPING	PRONE	LEGAL	STEPS	TEAM_ID	CHANCE_OF_FAILURE	IS_BOT
43	16	Emperor	EMP-7L	2	7	6	9	7	3	0	3	5	0.60	0.00	1.00	1.00	0	0	1	FORWARDS FORWARDS FORWARDS	1	0.00	0
ROUND	PHASE	PLAYER_ID	ENTITY_ID	CHASSIS	MODEL	TYPE	ROLE	X	Y	FACING	MP	HEAT	PRONE	AIRBORNE	OFF_BOARD	CRIPPLED	DESTROYED	ARMOR_P	INTERNAL_P	DONE	MAX_RANGE	TOTAL_DAMAGE	TEAM_ID	ARMOR	INTERNAL	BV
2	MOVEMENT	44	9	Fafnir	FNR-5WB	BipedMek	JUGGERNAUT	21	11	4	5.00	0.00	0	0	0	0	0	1.00	1.00	1	15	50	2	307.00	152.00	3233.00
2	MOVEMENT	44	10	Spector	SPR-6F	BipedMek	STRIKER	21	14	5	8.00	0.00	0	0	0	0	0	1.00	1.00	0	9	23	2	119.00	58.00	1476.00
2	MOVEMENT	44	11	Viking IIC		BipedMek	MISSILE_BOAT	25	8	4	3.00	0.00	0	0	0	0	0	1.00	1.00	1	21	82	2	248.00	138.00	2780.00
2	MOVEMENT	44	12	Pike Support Vehicle	(Plasma)	Tank	SNIPER	24	9	4	5.00	0.00	0	0	0	0	0	1.00	1.00	1	18	10	2	163.00	30.00	1367.00
2	MOVEMENT	44	13	Piranha	5	BipedMek	STRIKER	19	16	4	12.00	0.00	0	0	0	0	0	1.00	1.00	0	9	49	2	67.00	33.00	1132.00
2	MOVEMENT	43	14	Tian-Zong	TNZ-N1	BipedMek	SNIPER	6	8	1	5.00	0.00	0	0	0	0	0	1.00	1.00	1	22	40	1	216.00	114.00	2860.00
2	MOVEMENT	43	15	Agrotera	AGT-1A	BipedMek	STRIKER	6	13	2	8.00	0.00	0	0	0	0	0	1.00	1.00	0	23	22	1	152.00	83.00	1736.00
2	MOVEMENT	43	16	Emperor	EMP-7L	BipedMek	JUGGERNAUT	9	7	2	5.00	0.00	0	0	0	0	0	1.00	1.00	1	19	40	1	279.00	138.00	2397.00
2	MOVEMENT	43	18	Shadow Hawk	SHD-8L	BipedMek	STRIKER	9	11	1	7.00	0.00	0	0	0	0	0	1.00	1.00	0	15	15	1	152.00	91.00	1690.00
2	MOVEMENT	43	19	Valkyrie	C	BipedMek	MISSILE_BOAT	11	11	2	8.00	0.00	0	0	0	0	0	1.00	1.00	1	21	17	1	96.00	51.00	1236.00
PLAYER_ID	ENTITY_ID	CHASSIS	MODEL	FACING	FROM_X	FROM_Y	TO_X	TO_Y	HEXES_MOVED	DISTANCE	MP_USED	MAX_MP	MP_P	HEAT_P	ARMOR_P	INTERNAL_P	JUMPING	PRONE	LEGAL	STEPS	TEAM_ID	CHANCE_OF_FAILURE	IS_BOT
44	10	Spector	SPR-6F	5	21	14	19	8	7	0	7	8	0.88	0.00	1.00	1.00	1	0	1	START_JUMP TURN_RIGHT FORWARDS FORWARDS FORWARDS FORWARDS FORWARDS TURN_LEFT FORWARDS FORWARDS	2	0.00	0
ROUND	PHASE	PLAYER_ID	ENTITY_ID	CHASSIS	MODEL	TYPE	ROLE	X	Y	FACING	MP	HEAT	PRONE	AIRBORNE	OFF_BOARD	CRIPPLED	DESTROYED	ARMOR_P	INTERNAL_P	DONE	MAX_RANGE	TOTAL_DAMAGE	TEAM_ID	ARMOR	INTERNAL	BV
2	MOVEMENT	44	9	Fafnir	FNR-5WB	BipedMek	JUGGERNAUT	21	11	4	5.00	0.00	0	0	0	0	0	1.00	1.00	1	15	50	2	307.00	152.00	3233.00
2	MOVEMENT	44	10	Spector	SPR-6F	BipedMek	STRIKER	19	8	5	8.00	0.00	0	0	0	0	0	1.00	1.00	1	9	23	2	119.00	58.00	1476.00
2	MOVEMENT	44	11	Viking IIC		BipedMek	MISSILE_BOAT	25	8	4	3.00	0.00	0	0	0	0	0	1.00	1.00	1	21	82	2	248.00	138.00	2780.00
2	MOVEMENT	44	12	Pike Support Vehicle	(Plasma)	Tank	SNIPER	24	9	4	5.00	0.00	0	0	0	0	0	1.00	1.00	1	18	10	2	163.00	30.00	1367.00
2	MOVEMENT	44	13	Piranha	5	BipedMek	STRIKER	19	16	4	12.00	0.00	0	0	0	0	0	1.00	1.00	0	9	49	2	67.00	33.00	1132.00
2	MOVEMENT	43	14	Tian-Zong	TNZ-N1	BipedMek	SNIPER	6	8	1	5.00	0.00	0	0	0	0	0	1.00	1.00	1	22	40	1	216.00	114.00	2860.00
2	MOVEMENT	43	15	Agrotera	AGT-1A	BipedMek	STRIKER	6	13	2	8.00	0.00	0	0	0	0	0	1.00	1.00	0	23	22	1	152.00	83.00	1736.00
2	MOVEMENT	43	16	Emperor	EMP-7L	BipedMek	JUGGERNAUT	9	7	2	5.00	0.00	0	0	0	0	0	1.00	1.00	1	19	40	1	279.00	138.00	2397.00
2	MOVEMENT	43	18	Shadow Hawk	SHD-8L	BipedMek	STRIKER	9	11	1	7.00	0.00	0	0	0	0	0	1.00	1.00	0	15	15	1	152.00	91.00	1690.00
2	MOVEMENT	43	19	Valkyrie	C	BipedMek	MISSILE_BOAT	11	11	2	8.00	0.00	0	0	0	0	0	1.00	1.00	1	21	17	1	96.00	51.00	1236.00
PLAYER_ID	ENTITY_ID	CHASSIS	MODEL	FACING	FROM_X	FROM_Y	TO_X	TO_Y	HEXES_MOVED	DISTANCE	MP_USED	MAX_MP	MP_P	HEAT_P	ARMOR_P	INTERNAL_P	JUMPING	PRONE	LEGAL	STEPS	TEAM_ID	CHANCE_OF_FAILURE	IS_BOT
43	18	Shadow Hawk	SHD-8L	2	9	11	16	11	7	0	7	7	1.00	0.00	1.00	1.00	1	0	1	START_JUMP FORWARDS FORWARDS FORWARDS FORWARDS TURN_RIGHT FORWARDS FORWARDS FORWARDS	1	0.00	0
ROUND	PHASE	PLAYER_ID	ENTITY_ID	CHASSIS	MODEL	TYPE	ROLE	X	Y	FACING	MP	HEAT	PRONE	AIRBORNE	OFF_BOARD	CRIPPLED	DESTROYED	ARMOR_P	INTERNAL_P	DONE	MAX_RANGE	TOTAL_DAMAGE	TEAM_ID	ARMOR	INTERNAL	BV
2	MOVEMENT	44	9	Fafnir	FNR-5WB	BipedMek	JUGGERNAUT	21	11	4	5.00	0.00	0	0	0	0	0	1.00	1.00	1	15	50	2	307.00	152.00	3233.00
2	MOVEMENT	44	10	Spector	SPR-6F	BipedMek	STRIKER	19	8	5	8.00	0.00	0	0	0	0	0	1.00	1.00	1	9	23	2	119.00	58.00	1476.00
2	MOVEMENT	44	11	Viking IIC		BipedMek	MISSILE_BOAT	25	8	4	3.00	0.00	0	0	0	0	0	1.00	1.00	1	21	82	2	248.00	138.00	2780.00
2	MOVEMENT	44	12	Pike Support Vehicle	(Plasma)	Tank	SNIPER	24	9	4	5.00	0.00	0	0	0	0	0	1.00	1.00	1	18	10	2	163.00	30.00	1367.00
2	MOVEMENT	44	13	Piranha	5	BipedMek	STRIKER	19	16	4	12.00	0.00	0	0	0	0	0	1.00	1.00	0	9	49	2	67.00	33.00	1132.00
2	MOVEMENT	43	14	Tian-Zong	TNZ-N1	BipedMek	SNIPER	6	8	1	5.00	0.00	0	0	0	0	0	1.00	1.00	1	22	40	1	216.00	114.00	2860.00
2	MOVEMENT	43	15	Agrotera	AGT-1A	BipedMek	STRIKER	6	13	2	8.00	0.00	0	0	0	0	0	1.00	1.00	0	23	22	1	152.00	83.00	1736.00
2	MOVEMENT	43	16	Emperor	EMP-7L	BipedMek	JUGGERNAUT	9	7	2	5.00	0.00	0	0	0	0	0	1.00	1.00	1	19	40	1	279.00	138.00	2397.00
2	MOVEMENT	43	18	Shadow Hawk	SHD-8L	BipedMek	STRIKER	16	11	2	7.00	0.00	0	0	0	0	0	1.00	1.00	1	15	15	1	152.00	91.00	1690.00
2	MOVEMENT	43	19	Valkyrie	C	BipedMek	MISSILE_BOAT	11	11	2	8.00	0.00	0	0	0	0	0	1.00	1.00	1	21	17	1	96.00	51.00	1236.00
PLAYER_ID	ENTITY_ID	CHASSIS	MODEL	FACING	FROM_X	FROM_Y	TO_X	TO_Y	HEXES_MOVED	DISTANCE	MP_USED	MAX_MP	MP_P	HEAT_P	ARMOR_P	INTERNAL_P	JUMPING	PRONE	LEGAL	STEPS	TEAM_ID	CHANCE_OF_FAILURE	IS_BOT
44	13	Piranha	5	5	19	16	14	7	12	0	16	18	0.89	0.00	1.00	1.00	0	1	1	TURN_RIGHT FORWARDS FORWARDS FORWARDS FORWARDS TURN_RIGHT FORWARDS FORWARDS FORWARDS FORWARDS FORWARDS FORWARDS FORWARDS TURN_LEFT FORWARDS GO_PRONE	2	0.00	0
ROUND	PHASE	PLAYER_ID	ENTITY_ID	CHASSIS	MODEL	TYPE	ROLE	X	Y	FACING	MP	HEAT	PRONE	AIRBORNE	OFF_BOARD	CRIPPLED	DESTROYED	ARMOR_P	INTERNAL_P	DONE	MAX_RANGE	TOTAL_DAMAGE	TEAM_ID	ARMOR	INTERNAL	BV
2	MOVEMENT	44	9	Fafnir	FNR-5WB	BipedMek	JUGGERNAUT	21	11	4	5.00	0.00	0	0	0	0	0	1.00	1.00	1	15	50	2	307.00	152.00	3233.00
2	MOVEMENT	44	10	Spector	SPR-6F	BipedMek	STRIKER	19	8	5	8.00	0.00	0	0	0	0	0	1.00	1.00	1	9	23	2	119.00	58.00	1476.00
2	MOVEMENT	44	11	Viking IIC		BipedMek	MISSILE_BOAT	25	8	4	3.00	0.00	0	0	0	0	0	1.00	1.00	1	21	82	2	248.00	138.00	2780.00
2	MOVEMENT	44	12	Pike Support Vehicle	(Plasma)	Tank	SNIPER	24	9	4	5.00	0.00	0	0	0	0	0	1.00	1.00	1	18	10	2	163.00	30.00	1367.00
2	MOVEMENT	44	13	Piranha	5	BipedMek	STRIKER	14	7	5	12.00	0.00	1	0	0	0	0	1.00	1.00	1	9	49	2	67.00	33.00	1132.00
2	MOVEMENT	43	14	Tian-Zong	TNZ-N1	BipedMek	SNIPER	6	8	1	5.00	0.00	0	0	0	0	0	1.00	1.00	1	22	40	1	216.00	114.00	2860.00
2	MOVEMENT	43	15	Agrotera	AGT-1A	BipedMek	STRIKER	6	13	2	8.00	0.00	0	0	0	0	0	1.00	1.00	0	23	22	1	152.00	83.00	1736.00
2	MOVEMENT	43	16	Emperor	EMP-7L	BipedMek	JUGGERNAUT	9	7	2	5.00	0.00	0	0	0	0	0	1.00	1.00	1	19	40	1	279.00	138.00	2397.00
2	MOVEMENT	43	18	Shadow Hawk	SHD-8L	BipedMek	STRIKER	16	11	2	7.00	0.00	0	0	0	0	0	1.00	1.00	1	15	15	1	152.00	91.00	1690.00
2	MOVEMENT	43	19	Valkyrie	C	BipedMek	MISSILE_BOAT	11	11	2	8.00	0.00	0	0	0	0	0	1.00	1.00	1	21	17	1	96.00	51.00	1236.00
PLAYER_ID	ENTITY_ID	CHASSIS	MODEL	FACING	FROM_X	FROM_Y	TO_X	TO_Y	HEXES_MOVED	DISTANCE	MP_USED	MAX_MP	MP_P	HEAT_P	ARMOR_P	INTERNAL_P	JUMPING	PRONE	LEGAL	STEPS	TEAM_ID	CHANCE_OF_FAILURE	IS_BOT
43	15	Agrotera	AGT-1A	2	6	13	12	8	8	0	8	8	1.00	0.00	1.00	1.00	1	0	1	START_JUMP TURN_LEFT FORWARDS FORWARDS FORWARDS FORWARDS FORWARDS FORWARDS TURN_LEFT FORWARDS FORWARDS TURN_RIGHT TURN_RIGHT	1	0.00	0
ROUND	PHASE	PLAYER_ID	ENTITY_ID	CHASSIS	MODEL	TYPE	ROLE	X	Y	FACING	MP	HEAT	PRONE	AIRBORNE	OFF_BOARD	CRIPPLED	DESTROYED	ARMOR_P	INTERNAL_P	DONE	MAX_RANGE	TOTAL_DAMAGE	TEAM_ID	ARMOR	INTERNAL	BV
2	MOVEMENT	44	9	Fafnir	FNR-5WB	BipedMek	JUGGERNAUT	21	11	4	5.00	0.00	0	0	0	0	0	1.00	1.00	1	15	50	2	307.00	152.00	3233.00
2	MOVEMENT	44	10	Spector	SPR-6F	BipedMek	STRIKER	19	8	5	8.00	0.00	0	0	0	0	0	1.00	1.00	1	9	23	2	119.00	58.00	1476.00
2	MOVEMENT	44	11	Viking IIC		BipedMek	MISSILE_BOAT	25	8	4	3.00	0.00	0	0	0	0	0	1.00	1.00	1	21	82	2	248.00	138.00	2780.00
2	MOVEMENT	44	12	Pike Support Vehicle	(Plasma)	Tank	SNIPER	24	9	4	5.00	0.00	0	0	0	0	0	1.00	1.00	1	18	10	2	163.00	30.00	1367.00
2	MOVEMENT	44	13	Piranha	5	BipedMek	STRIKER	14	7	5	12.00	0.00	1	0	0	0	0	1.00	1.00	1	9	49	2	67.00	33.00	1132.00
2	MOVEMENT	43	14	Tian-Zong	TNZ-N1	BipedMek	SNIPER	6	8	1	5.00	0.00	0	0	0	0	0	1.00	1.00	1	22	40	1	216.00	114.00	2860.00
2	MOVEMENT	43	15	Agrotera	AGT-1A	BipedMek	STRIKER	12	8	2	8.00	0.00	0	0	0	0	0	1.00	1.00	1	23	22	1	152.00	83.00	1736.00
2	MOVEMENT	43	16	Emperor	EMP-7L	BipedMek	JUGGERNAUT	9	7	2	5.00	0.00	0	0	0	0	0	1.00	1.00	1	19	40	1	279.00	138.00	2397.00
2	MOVEMENT	43	18	Shadow Hawk	SHD-8L	BipedMek	STRIKER	16	11	2	7.00	0.00	0	0	0	0	0	1.00	1.00	1	15	15	1	152.00	91.00	1690.00
2	MOVEMENT	43	19	Valkyrie	C	BipedMek	MISSILE_BOAT	11	11	2	8.00	0.00	0	0	0	0	0	1.00	1.00	1	21	17	1	96.00	51.00	1236.00
ROUND	PHASE	PLAYER_ID	ENTITY_ID	CHASSIS	MODEL	TYPE	ROLE	X	Y	FACING	MP	HEAT	PRONE	AIRBORNE	OFF_BOARD	CRIPPLED	DESTROYED	ARMOR_P	INTERNAL_P	DONE	MAX_RANGE	TOTAL_DAMAGE	TEAM_ID	ARMOR	INTERNAL	BV
2	OFFBOARD	44	9	Fafnir	FNR-5WB	BipedMek	JUGGERNAUT	21	11	4	5.00	0.00	0	0	0	0	0	1.00	1.00	1	15	50	2	307.00	152.00	3233.00
2	OFFBOARD	44	10	Spector	SPR-6F	BipedMek	STRIKER	19	8	5	8.00	0.00	0	0	0	0	0	1.00	1.00	1	9	23	2	119.00	58.00	1476.00
2	OFFBOARD	44	11	Viking IIC		BipedMek	MISSILE_BOAT	25	8	4	3.00	0.00	0	0	0	0	0	1.00	1.00	1	21	82	2	248.00	138.00	2780.00
2	OFFBOARD	44	12	Pike Support Vehicle	(Plasma)	Tank	SNIPER	24	9	4	5.00	0.00	0	0	0	0	0	1.00	1.00	1	18	10	2	163.00	30.00	1367.00
2	OFFBOARD	44	13	Piranha	5	BipedMek	STRIKER	14	7	5	12.00	0.00	1	0	0	0	0	1.00	1.00	1	9	49	2	67.00	33.00	1132.00
2	OFFBOARD	43	14	Tian-Zong	TNZ-N1	BipedMek	SNIPER	6	8	1	5.00	0.00	0	0	0	0	0	1.00	1.00	1	22	40	1	216.00	114.00	2860.00
2	OFFBOARD	43	15	Agrotera	AGT-1A	BipedMek	STRIKER	12	8	2	8.00	0.00	0	0	0	0	0	1.00	1.00	1	23	22	1	152.00	83.00	1736.00
2	OFFBOARD	43	16	Emperor	EMP-7L	BipedMek	JUGGERNAUT	9	7	2	5.00	0.00	0	0	0	0	0	1.00	1.00	1	19	40	1	279.00	138.00	2397.00
2	OFFBOARD	43	18	Shadow Hawk	SHD-8L	BipedMek	STRIKER	16	11	2	7.00	0.00	0	0	0	0	0	1.00	1.00	1	15	15	1	152.00	91.00	1690.00
2	OFFBOARD	43	19	Valkyrie	C	BipedMek	MISSILE_BOAT	11	11	2	8.00	0.00	0	0	0	0	0	1.00	1.00	1	21	17	1	96.00	51.00	1236.00
ROUND	PLAYER_ID	ENTITY_ID	TYPE	ROLE	X	Y	FACING	TARGET_PLAYER_ID	TARGET_ID	TARGET_TYPE	TARGET_ROLE	TARGET_X	TARGET_Y	TARGET_FACING	AIMING_LOC	AIMING_MODE	WEAPON_ID	AMMO_ID	ATA	ATG	GTG	GTA	TO_HIT	TURNS_TO_HIT	SPOTTER_ID
2	43	16	BipedMek	JUGGERNAUT	9	7	2	44	9	BipedMek	JUGGERNAUT	21	11	4	-1	NONE	2	11	0	0	1	0	10.00	0	-1
2	43	16	BipedMek	JUGGERNAUT	9	7	2	44	9	BipedMek	JUGGERNAUT	21	11	4	-1	NONE	4	11	0	0	1	0	10.00	0	-1
ROUND	PLAYER_ID	ENTITY_ID	TYPE	ROLE	X	Y	FACING	TARGET_PLAYER_ID	TARGET_ID	TARGET_TYPE	TARGET_ROLE	TARGET_X	TARGET_Y	TARGET_FACING	AIMING_LOC	AIMING_MODE	WEAPON_ID	AMMO_ID	ATA	ATG	GTG	GTA	TO_HIT	TURNS_TO_HIT	SPOTTER_ID
2	44	9	BipedMek	JUGGERNAUT	21	11	4	-1	800006	HexTarget	NONE	6	8	-1	-1	NONE	12	14	0	0	1	0	6.00	0	-1
2	44	9	BipedMek	JUGGERNAUT	21	11	4	-1	800006	HexTarget	NONE	6	8	-1	-1	NONE	13	14	0	0	1	0	6.00	0	-1
2	44	9	BipedMek	JUGGERNAUT	21	11	4	-1	800006	HexTarget	NONE	6	8	-1	-1	NONE	18	14	0	0	1	0	6.00	0	-1
2	44	9	BipedMek	JUGGERNAUT	21	11	4	-1	800006	HexTarget	NONE	6	8	-1	-1	NONE	19	14	0	0	1	0	6.00	0	-1
ROUND	PLAYER_ID	ENTITY_ID	TYPE	ROLE	X	Y	FACING	TARGET_PLAYER_ID	TARGET_ID	TARGET_TYPE	TARGET_ROLE	TARGET_X	TARGET_Y	TARGET_FACING	AIMING_LOC	AIMING_MODE	WEAPON_ID	AMMO_ID	ATA	ATG	GTG	GTA	TO_HIT	TURNS_TO_HIT	SPOTTER_ID
2	43	19	BipedMek	MISSILE_BOAT	11	11	2	44	10	BipedMek	STRIKER	19	8	5	-1	NONE	8	-1	0	0	1	0	11.00	0	-1
2	43	14	BipedMek	SNIPER	6	8	1	44	9	BipedMek	JUGGERNAUT	21	11	4	-1	NONE	8	2	0	0	1	0	7.00	0	-1
2	43	14	BipedMek	SNIPER	6	8	1	44	9	BipedMek	JUGGERNAUT	21	11	4	-1	NONE	9	2	0	0	1	0	7.00	0	-1
ROUND	PLAYER_ID	ENTITY_ID	TYPE	ROLE	X	Y	FACING	TARGET_PLAYER_ID	TARGET_ID	TARGET_TYPE	TARGET_ROLE	TARGET_X	TARGET_Y	TARGET_FACING	AIMING_LOC	AIMING_MODE	WEAPON_ID	AMMO_ID	ATA	ATG	GTG	GTA	TO_HIT	TURNS_TO_HIT	SPOTTER_ID
2	43	18	BipedMek	STRIKER	16	11	2	44	9	BipedMek	JUGGERNAUT	21	11	4	-1	NONE	9	10	0	0	1	0	10.00	0	-1
ROUND	PLAYER_ID	ENTITY_ID	TYPE	ROLE	X	Y	FACING	TARGET_PLAYER_ID	TARGET_ID	TARGET_TYPE	TARGET_ROLE	TARGET_X	TARGET_Y	TARGET_FACING	AIMING_LOC	AIMING_MODE	WEAPON_ID	AMMO_ID	ATA	ATG	GTG	GTA	TO_HIT	TURNS_TO_HIT	SPOTTER_ID
2	43	15	BipedMek	STRIKER	12	8	2	44	9	BipedMek	JUGGERNAUT	21	11	4	-1	NONE	5	-1	0	0	1	0	9.00	0	-1
ROUND	PLAYER_ID	ENTITY_ID	TYPE	ROLE	X	Y	FACING	TARGET_PLAYER_ID	TARGET_ID	TARGET_TYPE	TARGET_ROLE	TARGET_X	TARGET_Y	TARGET_FACING	AIMING_LOC	AIMING_MODE	WEAPON_ID	AMMO_ID	ATA	ATG	GTG	GTA	TO_HIT	TURNS_TO_HIT	SPOTTER_ID
2	44	12	Tank	SNIPER	24	9	4	-1	1100016	HexTarget	NONE	16	11	-1	-1	NONE	2	7	0	0	1	0	4.00	0	-1
2	44	12	Tank	SNIPER	24	9	4	-1	1100016	HexTarget	NONE	16	11	-1	-1	NONE	3	7	0	0	1	0	4.00	0	-1
2	44	12	Tank	SNIPER	24	9	4	-1	1100016	HexTarget	NONE	16	11	-1	-1	NONE	4	7	0	0	1	0	4.00	0	-1
2	44	12	Tank	SNIPER	24	9	4	-1	1100016	HexTarget	NONE	16	11	-1	-1	NONE	0	6	0	0	1	0	5.00	0	-1
2	44	12	Tank	SNIPER	24	9	4	-1	1100016	HexTarget	NONE	16	11	-1	-1	NONE	1	6	0	0	1	0	5.00	0	-1
2	44	10	BipedMek	STRIKER	19	8	5	-1	1100016	HexTarget	NONE	16	11	-1	-1	NONE	3	-1	0	0	1	0	4.00	0	-1
2	44	10	BipedMek	STRIKER	19	8	5	-1	1100016	HexTarget	NONE	16	11	-1	-1	NONE	6	-1	0	0	1	0	2147483647.00	0	-1
ROUND	PHASE	PLAYER_ID	ENTITY_ID	CHASSIS	MODEL	TYPE	ROLE	X	Y	FACING	MP	HEAT	PRONE	AIRBORNE	OFF_BOARD	CRIPPLED	DESTROYED	ARMOR_P	INTERNAL_P	DONE	MAX_RANGE	TOTAL_DAMAGE	TEAM_ID	ARMOR	INTERNAL	BV
2	FIRING	44	9	Fafnir	FNR-5WB	BipedMek	JUGGERNAUT	21	11	4	5.00	0.00	0	0	0	0	0	0.90	1.00	1	12	50	2	277.00	152.00	3233.00
2	FIRING	44	10	Spector	SPR-6F	BipedMek	STRIKER	19	8	5	8.00	0.00	0	0	0	0	0	1.00	1.00	1	9	23	2	119.00	58.00	1476.00
2	FIRING	44	11	Viking IIC		BipedMek	MISSILE_BOAT	25	8	4	3.00	0.00	0	0	0	0	0	1.00	1.00	1	21	82	2	248.00	138.00	2780.00
2	FIRING	44	12	Pike Support Vehicle	(Plasma)	Tank	SNIPER	24	9	4	5.00	0.00	0	0	0	0	0	1.00	1.00	1	0	10	2	163.00	30.00	1367.00
2	FIRING	44	13	Piranha	5	BipedMek	STRIKER	14	7	5	12.00	0.00	1	0	0	0	0	1.00	1.00	1	9	49	2	67.00	33.00	1132.00
2	FIRING	43	14	Tian-Zong	TNZ-N1	BipedMek	SNIPER	6	8	1	5.00	0.00	0	0	0	0	0	1.00	1.00	1	12	40	1	216.00	114.00	2860.00
2	FIRING	43	15	Agrotera	AGT-1A	BipedMek	STRIKER	12	8	2	8.00	0.00	0	0	0	0	0	1.00	1.00	1	15	22	1	152.00	83.00	1736.00
2	FIRING	43	16	Emperor	EMP-7L	BipedMek	JUGGERNAUT	9	7	2	5.00	0.00	0	0	0	0	0	1.00	1.00	1	19	40	1	279.00	138.00	2397.00
2	FIRING	43	18	Shadow Hawk	SHD-8L	BipedMek	STRIKER	16	11	2	7.00	0.00	0	0	0	0	0	1.00	1.00	1	9	15	1	152.00	91.00	1690.00
2	FIRING	43	19	Valkyrie	C	BipedMek	MISSILE_BOAT	11	11	2	8.00	0.00	0	0	0	0	0	1.00	1.00	1	21	17	1	96.00	51.00	1236.00
ROUND	PHASE	PLAYER_ID	ENTITY_ID	CHASSIS	MODEL	TYPE	ROLE	X	Y	FACING	MP	HEAT	PRONE	AIRBORNE	OFF_BOARD	CRIPPLED	DESTROYED	ARMOR_P	INTERNAL_P	DONE	MAX_RANGE	TOTAL_DAMAGE	TEAM_ID	ARMOR	INTERNAL	BV
3	TARGETING	44	9	Fafnir	FNR-5WB	BipedMek	JUGGERNAUT	21	11	4	5.00	2.00	0	0	0	0	0	0.90	1.00	1	15	50	2	277.00	152.00	3233.00
3	TARGETING	44	10	Spector	SPR-6F	BipedMek	STRIKER	19	8	5	7.00	1.00	0	0	0	0	0	1.00	1.00	1	9	23	2	119.00	58.00	1476.00
3	TARGETING	44	11	Viking IIC		BipedMek	MISSILE_BOAT	25	8	4	2.00	0.00	0	0	0	0	0	1.00	1.00	1	21	82	2	248.00	138.00	2780.00
3	TARGETING	44	12	Pike Support Vehicle	(Plasma)	Tank	SNIPER	24	9	4	4.00	0.00	0	0	0	0	0	1.00	1.00	1	18	10	2	163.00	30.00	1367.00
3	TARGETING	44	13	Piranha	5	BipedMek	STRIKER	14	7	5	16.00	0.00	1	0	0	0	0	1.00	1.00	1	9	49	2	67.00	33.00	1132.00
3	TARGETING	43	14	Tian-Zong	TNZ-N1	BipedMek	SNIPER	6	8	1	3.00	0.00	0	0	0	0	0	1.00	1.00	1	22	40	1	216.00	114.00	2860.00
3	TARGETING	43	15	Agrotera	AGT-1A	BipedMek	STRIKER	12	8	2	8.00	0.00	0	0	0	0	0	1.00	1.00	1	23	22	1	152.00	83.00	1736.00
3	TARGETING	43	16	Emperor	EMP-7L	BipedMek	JUGGERNAUT	9	7	2	3.00	0.00	0	0	0	0	0	1.00	1.00	1	19	40	1	279.00	138.00	2397.00
3	TARGETING	43	18	Shadow Hawk	SHD-8L	BipedMek	STRIKER	16	11	2	7.00	0.00	0	0	0	0	0	1.00	1.00	1	15	15	1	152.00	91.00	1690.00
3	TARGETING	43	19	Valkyrie	C	BipedMek	MISSILE_BOAT	11	11	2	8.00	0.00	0	0	0	0	0	1.00	1.00	1	21	17	1	96.00	51.00	1236.00
PLAYER_ID	ENTITY_ID	CHASSIS	MODEL	FACING	FROM_X	FROM_Y	TO_X	TO_Y	HEXES_MOVED	DISTANCE	MP_USED	MAX_MP	MP_P	HEAT_P	ARMOR_P	INTERNAL_P	JUMPING	PRONE	LEGAL	STEPS	TEAM_ID	CHANCE_OF_FAILURE	IS_BOT
44	12	Pike Support Vehicle	(Plasma)	4	23	9	23	9	1	0	2	5	0.40	0.00	1.00	1.00	0	0	1	FORWARDS	2	0.00	0
ROUND	PHASE	PLAYER_ID	ENTITY_ID	CHASSIS	MODEL	TYPE	ROLE	X	Y	FACING	MP	HEAT	PRONE	AIRBORNE	OFF_BOARD	CRIPPLED	DESTROYED	ARMOR_P	INTERNAL_P	DONE	MAX_RANGE	TOTAL_DAMAGE	TEAM_ID	ARMOR	INTERNAL	BV
3	MOVEMENT	44	9	Fafnir	FNR-5WB	BipedMek	JUGGERNAUT	21	11	4	5.00	2.00	0	0	0	0	0	0.90	1.00	0	15	50	2	277.00	152.00	3233.00
3	MOVEMENT	44	10	Spector	SPR-6F	BipedMek	STRIKER	19	8	5	7.00	1.00	0	0	0	0	0	1.00	1.00	0	9	23	2	119.00	58.00	1476.00
3	MOVEMENT	44	11	Viking IIC		BipedMek	MISSILE_BOAT	25	8	4	2.00	0.00	0	0	0	0	0	1.00	1.00	0	21	82	2	248.00	138.00	2780.00
3	MOVEMENT	44	12	Pike Support Vehicle	(Plasma)	Tank	SNIPER	23	9	4	4.00	0.00	0	0	0	0	0	1.00	1.00	1	18	10	2	163.00	30.00	1367.00
3	MOVEMENT	44	13	Piranha	5	BipedMek	STRIKER	14	7	5	16.00	0.00	1	0	0	0	0	1.00	1.00	0	9	49	2	67.00	33.00	1132.00
3	MOVEMENT	43	14	Tian-Zong	TNZ-N1	BipedMek	SNIPER	6	8	1	3.00	0.00	0	0	0	0	0	1.00	1.00	0	22	40	1	216.00	114.00	2860.00
3	MOVEMENT	43	15	Agrotera	AGT-1A	BipedMek	STRIKER	12	8	2	8.00	0.00	0	0	0	0	0	1.00	1.00	0	23	22	1	152.00	83.00	1736.00
3	MOVEMENT	43	16	Emperor	EMP-7L	BipedMek	JUGGERNAUT	9	7	2	3.00	0.00	0	0	0	0	0	1.00	1.00	0	19	40	1	279.00	138.00	2397.00
3	MOVEMENT	43	18	Shadow Hawk	SHD-8L	BipedMek	STRIKER	16	11	2	7.00	0.00	0	0	0	0	0	1.00	1.00	0	15	15	1	152.00	91.00	1690.00
3	MOVEMENT	43	19	Valkyrie	C	BipedMek	MISSILE_BOAT	11	11	2	8.00	0.00	0	0	0	0	0	1.00	1.00	0	21	17	1	96.00	51.00	1236.00
PLAYER_ID	ENTITY_ID	CHASSIS	MODEL	FACING	FROM_X	FROM_Y	TO_X	TO_Y	HEXES_MOVED	DISTANCE	MP_USED	MAX_MP	MP_P	HEAT_P	ARMOR_P	INTERNAL_P	JUMPING	PRONE	LEGAL	STEPS	TEAM_ID	CHANCE_OF_FAILURE	IS_BOT
43	14	Tian-Zong	TNZ-N1	1	-1	-1	6	8	0	0	0	6	0.00	0.00	1.00	1.00	0	0	1		1	0.00	0
ROUND	PHASE	PLAYER_ID	ENTITY_ID	CHASSIS	MODEL	TYPE	ROLE	X	Y	FACING	MP	HEAT	PRONE	AIRBORNE	OFF_BOARD	CRIPPLED	DESTROYED	ARMOR_P	INTERNAL_P	DONE	MAX_RANGE	TOTAL_DAMAGE	TEAM_ID	ARMOR	INTERNAL	BV
3	MOVEMENT	44	9	Fafnir	FNR-5WB	BipedMek	JUGGERNAUT	21	11	4	5.00	2.00	0	0	0	0	0	0.90	1.00	0	15	50	2	277.00	152.00	3233.00
3	MOVEMENT	44	10	Spector	SPR-6F	BipedMek	STRIKER	19	8	5	7.00	1.00	0	0	0	0	0	1.00	1.00	0	9	23	2	119.00	58.00	1476.00
3	MOVEMENT	44	11	Viking IIC		BipedMek	MISSILE_BOAT	25	8	4	2.00	0.00	0	0	0	0	0	1.00	1.00	0	21	82	2	248.00	138.00	2780.00
3	MOVEMENT	44	12	Pike Support Vehicle	(Plasma)	Tank	SNIPER	23	9	4	4.00	0.00	0	0	0	0	0	1.00	1.00	1	18	10	2	163.00	30.00	1367.00
3	MOVEMENT	44	13	Piranha	5	BipedMek	STRIKER	14	7	5	16.00	0.00	1	0	0	0	0	1.00	1.00	0	9	49	2	67.00	33.00	1132.00
3	MOVEMENT	43	14	Tian-Zong	TNZ-N1	BipedMek	SNIPER	6	8	1	3.00	0.00	0	0	0	0	0	1.00	1.00	1	22	40	1	216.00	114.00	2860.00
3	MOVEMENT	43	15	Agrotera	AGT-1A	BipedMek	STRIKER	12	8	2	8.00	0.00	0	0	0	0	0	1.00	1.00	0	23	22	1	152.00	83.00	1736.00
3	MOVEMENT	43	16	Emperor	EMP-7L	BipedMek	JUGGERNAUT	9	7	2	3.00	0.00	0	0	0	0	0	1.00	1.00	0	19	40	1	279.00	138.00	2397.00
3	MOVEMENT	43	18	Shadow Hawk	SHD-8L	BipedMek	STRIKER	16	11	2	7.00	0.00	0	0	0	0	0	1.00	1.00	0	15	15	1	152.00	91.00	1690.00
3	MOVEMENT	43	19	Valkyrie	C	BipedMek	MISSILE_BOAT	11	11	2	8.00	0.00	0	0	0	0	0	1.00	1.00	0	21	17	1	96.00	51.00	1236.00
PLAYER_ID	ENTITY_ID	CHASSIS	MODEL	FACING	FROM_X	FROM_Y	TO_X	TO_Y	HEXES_MOVED	DISTANCE	MP_USED	MAX_MP	MP_P	HEAT_P	ARMOR_P	INTERNAL_P	JUMPING	PRONE	LEGAL	STEPS	TEAM_ID	CHANCE_OF_FAILURE	IS_BOT
44	11	Viking IIC		4	24	9	24	9	1	0	3	4	0.75	0.00	1.00	1.00	0	0	1	FORWARDS	2	0.00	0
ROUND	PHASE	PLAYER_ID	ENTITY_ID	CHASSIS	MODEL	TYPE	ROLE	X	Y	FACING	MP	HEAT	PRONE	AIRBORNE	OFF_BOARD	CRIPPLED	DESTROYED	ARMOR_P	INTERNAL_P	DONE	MAX_RANGE	TOTAL_DAMAGE	TEAM_ID	ARMOR	INTERNAL	BV
3	MOVEMENT	44	9	Fafnir	FNR-5WB	BipedMek	JUGGERNAUT	21	11	4	5.00	2.00	0	0	0	0	0	0.90	1.00	0	15	50	2	277.00	152.00	3233.00
3	MOVEMENT	44	10	Spector	SPR-6F	BipedMek	STRIKER	19	8	5	7.00	1.00	0	0	0	0	0	1.00	1.00	0	9	23	2	119.00	58.00	1476.00
3	MOVEMENT	44	11	Viking IIC		BipedMek	MISSILE_BOAT	24	9	4	2.00	0.00	0	0	0	0	0	1.00	1.00	1	21	82	2	248.00	138.00	2780.00
3	MOVEMENT	44	12	Pike Support Vehicle	(Plasma)	Tank	SNIPER	23	9	4	4.00	0.00	0	0	0	0	0	1.00	1.00	1	18	10	2	163.00	30.00	1367.00
3	MOVEMENT	44	13	Piranha	5	BipedMek	STRIKER	14	7	5	16.00	0.00	1	0	0	0	0	1.00	1.00	0	9	49	2	67.00	33.00	1132.00
3	MOVEMENT	43	14	Tian-Zong	TNZ-N1	BipedMek	SNIPER	6	8	1	3.00	0.00	0	0	0	0	0	1.00	1.00	1	22	40	1	216.00	114.00	2860.00
3	MOVEMENT	43	15	Agrotera	AGT-1A	BipedMek	STRIKER	12	8	2	8.00	0.00	0	0	0	0	0	1.00	1.00	0	23	22	1	152.00	83.00	1736.00
3	MOVEMENT	43	16	Emperor	EMP-7L	BipedMek	JUGGERNAUT	9	7	2	3.00	0.00	0	0	0	0	0	1.00	1.00	0	19	40	1	279.00	138.00	2397.00
3	MOVEMENT	43	18	Shadow Hawk	SHD-8L	BipedMek	STRIKER	16	11	2	7.00	0.00	0	0	0	0	0	1.00	1.00	0	15	15	1	152.00	91.00	1690.00
3	MOVEMENT	43	19	Valkyrie	C	BipedMek	MISSILE_BOAT	11	11	2	8.00	0.00	0	0	0	0	0	1.00	1.00	0	21	17	1	96.00	51.00	1236.00
PLAYER_ID	ENTITY_ID	CHASSIS	MODEL	FACING	FROM_X	FROM_Y	TO_X	TO_Y	HEXES_MOVED	DISTANCE	MP_USED	MAX_MP	MP_P	HEAT_P	ARMOR_P	INTERNAL_P	JUMPING	PRONE	LEGAL	STEPS	TEAM_ID	CHANCE_OF_FAILURE	IS_BOT
43	19	Valkyrie	C	1	11	11	19	13	8	0	8	8	1.00	0.00	1.00	1.00	1	0	1	START_JUMP FORWARDS FORWARDS FORWARDS FORWARDS TURN_LEFT FORWARDS FORWARDS TURN_RIGHT FORWARDS FORWARDS TURN_LEFT	1	0.00	0
ROUND	PHASE	PLAYER_ID	ENTITY_ID	CHASSIS	MODEL	TYPE	ROLE	X	Y	FACING	MP	HEAT	PRONE	AIRBORNE	OFF_BOARD	CRIPPLED	DESTROYED	ARMOR_P	INTERNAL_P	DONE	MAX_RANGE	TOTAL_DAMAGE	TEAM_ID	ARMOR	INTERNAL	BV
3	MOVEMENT	44	9	Fafnir	FNR-5WB	BipedMek	JUGGERNAUT	21	11	4	5.00	2.00	0	0	0	0	0	0.90	1.00	0	15	50	2	277.00	152.00	3233.00
3	MOVEMENT	44	10	Spector	SPR-6F	BipedMek	STRIKER	19	8	5	7.00	1.00	0	0	0	0	0	1.00	1.00	0	9	23	2	119.00	58.00	1476.00
3	MOVEMENT	44	11	Viking IIC		BipedMek	MISSILE_BOAT	24	9	4	2.00	0.00	0	0	0	0	0	1.00	1.00	1	21	82	2	248.00	138.00	2780.00
3	MOVEMENT	44	12	Pike Support Vehicle	(Plasma)	Tank	SNIPER	23	9	4	4.00	0.00	0	0	0	0	0	1.00	1.00	1	18	10	2	163.00	30.00	1367.00
3	MOVEMENT	44	13	Piranha	5	BipedMek	STRIKER	14	7	5	16.00	0.00	1	0	0	0	0	1.00	1.00	0	9	49	2	67.00	33.00	1132.00
3	MOVEMENT	43	14	Tian-Zong	TNZ-N1	BipedMek	SNIPER	6	8	1	3.00	0.00	0	0	0	0	0	1.00	1.00	1	22	40	1	216.00	114.00	2860.00
3	MOVEMENT	43	15	Agrotera	AGT-1A	BipedMek	STRIKER	12	8	2	8.00	0.00	0	0	0	0	0	1.00	1.00	0	23	22	1	152.00	83.00	1736.00
3	MOVEMENT	43	16	Emperor	EMP-7L	BipedMek	JUGGERNAUT	9	7	2	3.00	0.00	0	0	0	0	0	1.00	1.00	0	19	40	1	279.00	138.00	2397.00
3	MOVEMENT	43	18	Shadow Hawk	SHD-8L	BipedMek	STRIKER	16	11	2	7.00	0.00	0	0	0	0	0	1.00	1.00	0	15	15	1	152.00	91.00	1690.00
3	MOVEMENT	43	19	Valkyrie	C	BipedMek	MISSILE_BOAT	19	13	1	8.00	0.00	0	0	0	0	0	1.00	1.00	1	21	17	1	96.00	51.00	1236.00
PLAYER_ID	ENTITY_ID	CHASSIS	MODEL	FACING	FROM_X	FROM_Y	TO_X	TO_Y	HEXES_MOVED	DISTANCE	MP_USED	MAX_MP	MP_P	HEAT_P	ARMOR_P	INTERNAL_P	JUMPING	PRONE	LEGAL	STEPS	TEAM_ID	CHANCE_OF_FAILURE	IS_BOT
44	9	Fafnir	FNR-5WB	3	20	12	20	13	2	0	5	5	1.00	0.05	0.90	1.00	0	0	1	FORWARDS TURN_LEFT FORWARDS	2	0.00	0
ROUND	PHASE	PLAYER_ID	ENTITY_ID	CHASSIS	MODEL	TYPE	ROLE	X	Y	FACING	MP	HEAT	PRONE	AIRBORNE	OFF_BOARD	CRIPPLED	DESTROYED	ARMOR_P	INTERNAL_P	DONE	MAX_RANGE	TOTAL_DAMAGE	TEAM_ID	ARMOR	INTERNAL	BV
3	MOVEMENT	44	9	Fafnir	FNR-5WB	BipedMek	JUGGERNAUT	20	13	3	5.00	2.00	0	0	0	0	0	0.90	1.00	1	15	50	2	277.00	152.00	3233.00
3	MOVEMENT	44	10	Spector	SPR-6F	BipedMek	STRIKER	19	8	5	7.00	1.00	0	0	0	0	0	1.00	1.00	0	9	23	2	119.00	58.00	1476.00
3	MOVEMENT	44	11	Viking IIC		BipedMek	MISSILE_BOAT	24	9	4	2.00	0.00	0	0	0	0	0	1.00	1.00	1	21	82	2	248.00	138.00	2780.00
3	MOVEMENT	44	12	Pike Support Vehicle	(Plasma)	Tank	SNIPER	23	9	4	4.00	0.00	0	0	0	0	0	1.00	1.00	1	18	10	2	163.00	30.00	1367.00
3	MOVEMENT	44	13	Piranha	5	BipedMek	STRIKER	14	7	5	16.00	0.00	1	0	0	0	0	1.00	1.00	0	9	49	2	67.00	33.00	1132.00
3	MOVEMENT	43	14	Tian-Zong	TNZ-N1	BipedMek	SNIPER	6	8	1	3.00	0.00	0	0	0	0	0	1.00	1.00	1	22	40	1	216.00	114.00	2860.00
3	MOVEMENT	43	15	Agrotera	AGT-1A	BipedMek	STRIKER	12	8	2	8.00	0.00	0	0	0	0	0	1.00	1.00	0	23	22	1	152.00	83.00	1736.00
3	MOVEMENT	43	16	Emperor	EMP-7L	BipedMek	JUGGERNAUT	9	7	2	3.00	0.00	0	0	0	0	0	1.00	1.00	0	19	40	1	279.00	138.00	2397.00
3	MOVEMENT	43	18	Shadow Hawk	SHD-8L	BipedMek	STRIKER	16	11	2	7.00	0.00	0	0	0	0	0	1.00	1.00	0	15	15	1	152.00	91.00	1690.00
3	MOVEMENT	43	19	Valkyrie	C	BipedMek	MISSILE_BOAT	19	13	1	8.00	0.00	0	0	0	0	0	1.00	1.00	1	21	17	1	96.00	51.00	1236.00
PLAYER_ID	ENTITY_ID	CHASSIS	MODEL	FACING	FROM_X	FROM_Y	TO_X	TO_Y	HEXES_MOVED	DISTANCE	MP_USED	MAX_MP	MP_P	HEAT_P	ARMOR_P	INTERNAL_P	JUMPING	PRONE	LEGAL	STEPS	TEAM_ID	CHANCE_OF_FAILURE	IS_BOT
43	18	Shadow Hawk	SHD-8L	1	16	11	23	11	7	0	7	7	1.00	0.00	1.00	1.00	1	0	1	START_JUMP FORWARDS FORWARDS FORWARDS FORWARDS TURN_LEFT FORWARDS FORWARDS FORWARDS	1	0.00	0
ROUND	PHASE	PLAYER_ID	ENTITY_ID	CHASSIS	MODEL	TYPE	ROLE	X	Y	FACING	MP	HEAT	PRONE	AIRBORNE	OFF_BOARD	CRIPPLED	DESTROYED	ARMOR_P	INTERNAL_P	DONE	MAX_RANGE	TOTAL_DAMAGE	TEAM_ID	ARMOR	INTERNAL	BV
3	MOVEMENT	44	9	Fafnir	FNR-5WB	BipedMek	JUGGERNAUT	20	13	3	5.00	2.00	0	0	0	0	0	0.90	1.00	1	15	50	2	277.00	152.00	3233.00
3	MOVEMENT	44	10	Spector	SPR-6F	BipedMek	STRIKER	19	8	5	7.00	1.00	0	0	0	0	0	1.00	1.00	0	9	23	2	119.00	58.00	1476.00
3	MOVEMENT	44	11	Viking IIC		BipedMek	MISSILE_BOAT	24	9	4	2.00	0.00	0	0	0	0	0	1.00	1.00	1	21	82	2	248.00	138.00	2780.00
3	MOVEMENT	44	12	Pike Support Vehicle	(Plasma)	Tank	SNIPER	23	9	4	4.00	0.00	0	0	0	0	0	1.00	1.00	1	18	10	2	163.00	30.00	1367.00
3	MOVEMENT	44	13	Piranha	5	BipedMek	STRIKER	14	7	5	16.00	0.00	1	0	0	0	0	1.00	1.00	0	9	49	2	67.00	33.00	1132.00
3	MOVEMENT	43	14	Tian-Zong	TNZ-N1	BipedMek	SNIPER	6	8	1	3.00	0.00	0	0	0	0	0	1.00	1.00	1	22	40	1	216.00	114.00	2860.00
3	MOVEMENT	43	15	Agrotera	AGT-1A	BipedMek	STRIKER	12	8	2	8.00	0.00	0	0	0	0	0	1.00	1.00	0	23	22	1	152.00	83.00	1736.00
3	MOVEMENT	43	16	Emperor	EMP-7L	BipedMek	JUGGERNAUT	9	7	2	3.00	0.00	0	0	0	0	0	1.00	1.00	0	19	40	1	279.00	138.00	2397.00
3	MOVEMENT	43	18	Shadow Hawk	SHD-8L	BipedMek	STRIKER	23	11	1	7.00	0.00	0	0	0	0	0	1.00	1.00	1	15	15	1	152.00	91.00	1690.00
3	MOVEMENT	43	19	Valkyrie	C	BipedMek	MISSILE_BOAT	19	13	1	8.00	0.00	0	0	0	0	0	1.00	1.00	1	21	17	1	96.00	51.00	1236.00
PLAYER_ID	ENTITY_ID	CHASSIS	MODEL	FACING	FROM_X	FROM_Y	TO_X	TO_Y	HEXES_MOVED	DISTANCE	MP_USED	MAX_MP	MP_P	HEAT_P	ARMOR_P	INTERNAL_P	JUMPING	PRONE	LEGAL	STEPS	TEAM_ID	CHANCE_OF_FAILURE	IS_BOT
44	10	Spector	SPR-6F	1	19	8	23	12	7	0	12	12	1.00	0.05	1.00	1.00	0	0	1	TURN_LEFT FORWARDS TURN_LEFT FORWARDS TURN_LEFT FORWARDS FORWARDS FORWARDS FORWARDS FORWARDS TURN_LEFT	2	0.00	0
ROUND	PHASE	PLAYER_ID	ENTITY_ID	CHASSIS	MODEL	TYPE	ROLE	X	Y	FACING	MP	HEAT	PRONE	AIRBORNE	OFF_BOARD	CRIPPLED	DESTROYED	ARMOR_P	INTERNAL_P	DONE	MAX_RANGE	TOTAL_DAMAGE	TEAM_ID	ARMOR	INTERNAL	BV
3	MOVEMENT	44	9	Fafnir	FNR-5WB	BipedMek	JUGGERNAUT	20	13	3	5.00	2.00	0	0	0	0	0	0.90	1.00	1	15	50	2	277.00	152.00	3233.00
3	MOVEMENT	44	10	Spector	SPR-6F	BipedMek	STRIKER	23	12	1	7.00	1.00	0	0	0	0	0	1.00	1.00	1	9	23	2	119.00	58.00	1476.00
3	MOVEMENT	44	11	Viking IIC		BipedMek	MISSILE_BOAT	24	9	4	2.00	0.00	0	0	0	0	0	1.00	1.00	1	21	82	2	248.00	138.00	2780.00
3	MOVEMENT	44	12	Pike Support Vehicle	(Plasma)	Tank	SNIPER	23	9	4	4.00	0.00	0	0	0	0	0	1.00	1.00	1	18	10	2	163.00	30.00	1367.00
3	MOVEMENT	44	13	Piranha	5	BipedMek	STRIKER	14	7	5	16.00	0.00	1	0	0	0	0	1.00	1.00	0	9	49	2	67.00	33.00	1132.00
3	MOVEMENT	43	14	Tian-Zong	TNZ-N1	BipedMek	SNIPER	6	8	1	3.00	0.00	0	0	0	0	0	1.00	1.00	1	22	40	1	216.00	114.00	2860.00
3	MOVEMENT	43	15	Agrotera	AGT-1A	BipedMek	STRIKER	12	8	2	8.00	0.00	0	0	0	0	0	1.00	1.00	0	23	22	1	152.00	83.00	1736.00
3	MOVEMENT	43	16	Emperor	EMP-7L	BipedMek	JUGGERNAUT	9	7	2	3.00	0.00	0	0	0	0	0	1.00	1.00	0	19	40	1	279.00	138.00	2397.00
3	MOVEMENT	43	18	Shadow Hawk	SHD-8L	BipedMek	STRIKER	23	11	1	7.00	0.00	0	0	0	0	0	1.00	1.00	1	15	15	1	152.00	91.00	1690.00
3	MOVEMENT	43	19	Valkyrie	C	BipedMek	MISSILE_BOAT	19	13	1	8.00	0.00	0	0	0	0	0	1.00	1.00	1	21	17	1	96.00	51.00	1236.00
