# Log file created at 2025-03-15T22:33:39.578648600
BOARD_NAME	WIDTH	HEIGHT
Board #0	32	17
COL_0	COL_1	COL_2	COL_3	COL_4	COL_5	COL_6	COL_7	COL_8	COL_9	COL_10	COL_11	COL_12	COL_13	COL_14	COL_15	COL_16	COL_17	COL_18	COL_19	COL_20	COL_21	COL_22	COL_23	COL_24	COL_25	COL_26	COL_27	COL_28	COL_29	COL_30	COL_31	
ROW_0	Level: 0  Features: 	Level: 0  Features: 	Level: 0  Features: incline_bottom(1, 0); 	Level: 1  Features: incline_top(1, 0); 	Level: 1  Features: incline_top(1, 0); 	Level: 0  Features: incline_bottom(1, 0); 	Level: 1  Features: jungle(2, 100); foliage_elev(2, 0); incline_top(1, 0); 	Level: 1  Features: jungle(3, 130); incline_top(1, 0); foliage_elev(3, 0); 	Level: 0  Features: incline_bottom(1, 0); 	Level: 0  Features: 	Level: 0  Features: 	Level: 0  Features: 	Level: 0  Features: incline_bottom(1, 0); 	Level: 1  Features: incline_top(1, 0); 	Level: 0  Features: incline_bottom(1, 0); 	Level: 0  Features: incline_bottom(1, 0); 	Level: 1  Features: incline_top(1, 0); 
ROW_1	Level: 0  Features: 	Level: 0  Features: jungle(3, 130); foliage_elev(3, 0); 	Level: 0  Features: jungle(1, 60); foliage_elev(2, 0); incline_bottom(1, 0); 	Level: 0  Features: jungle(2, 100); foliage_elev(2, 0); incline_bottom(1, 0); 	Level: 0  Features: jungle(1, 60); foliage_elev(2, 0); incline_bottom(1, 0); 	Level: 0  Features: jungle(3, 130); foliage_elev(3, 0); incline_bottom(1, 0); 	Level: 0  Features: jungle(1, 60); foliage_elev(2, 0); incline_bottom(1, 0); 	Level: 0  Features: jungle(1, 60); foliage_elev(2, 0); incline_bottom(1, 0); 	Level: 0  Features: jungle(1, 60); foliage_elev(2, 0); Swamp; 	Level: 0  Features: 	Level: 0  Features: 	Level: 0  Features: 	Level: 0  Features: incline_bottom(1, 0); 	Level: 0  Features: incline_bottom(1, 0); 	Level: 0  Features: incline_bottom(1, 0); 	Level: 1  Features: incline_top(1, 0); 	Level: 1  Features: 
ROW_2	Level: 0  Features: 	Level: 0  Features: 	Level: 0  Features: 	Level: 0  Features: jungle(2, 100); foliage_elev(2, 0); 	Level: 0  Features: jungle(1, 60); foliage_elev(2, 0); 	Level: 0  Features: jungle(1, 60); foliage_elev(2, 0); 	Level: 0  Features: jungle(1, 60); foliage_elev(2, 0); 	Level: 0  Features: jungle(1, 60); foliage_elev(2, 0); 	Level: 0  Features: Swamp; 	Level: 0  Features: 	Level: 0  Features: 	Level: 0  Features: 	Level: 0  Features: 	Level: 0  Features: incline_bottom(1, 0); 	Level: 1  Features: incline_top(1, 0); 	Level: 1  Features: incline_top(1, 0); 	Level: 1  Features: 
ROW_3	Level: 0  Features: 	Level: 0  Features: 	Level: 0  Features: jungle(1, 60); foliage_elev(2, 0); 	Level: 0  Features: jungle(3, 130); foliage_elev(3, 0); 	Level: 0  Features: jungle(1, 60); foliage_elev(2, 0); 	Level: 0  Features: jungle(1, 60); foliage_elev(2, 0); 	Level: 0  Features: 	Level: 0  Features: jungle(1, 60); foliage_elev(2, 0); Swamp; 	Level: 0  Features: 	Level: 0  Features: 	Level: 0  Features: 	Level: 0  Features: 	Level: 0  Features: jungle(3, 130); foliage_elev(3, 0); incline_bottom(1, 0); 	Level: 1  Features: incline_top(1, 0); 	Level: 1  Features: 	Level: 1  Features: 	Level: 1  Features: 
ROW_4	Level: 0  Features: 	Level: 0  Features: 	Level: 0  Features: 	Level: 0  Features: jungle(1, 60); foliage_elev(2, 0); 	Level: 0  Features: 	Level: 0  Features: jungle(1, 60); foliage_elev(2, 0); 	Level: 0  Features: 	Level: 0  Features: jungle(3, 130); foliage_elev(3, 0); 	Level: 0  Features: Swamp; 	Level: 0  Features: 	Level: 0  Features: 	Level: 0  Features: 	Level: 0  Features: jungle(2, 100); foliage_elev(2, 0); incline_bottom(1, 0); 	Level: 1  Features: jungle(3, 130); incline_top(1, 0); foliage_elev(3, 0); 	Level: 1  Features: jungle(2, 100); foliage_elev(2, 0); 	Level: 1  Features: 	Level: 1  Features: 
ROW_5	Level: 0  Features: 	Level: 0  Features: jungle(1, 60); foliage_elev(2, 0); 	Level: 0  Features: 	Level: 0  Features: jungle(1, 60); foliage_elev(2, 0); 	Level: 0  Features: jungle(1, 60); foliage_elev(2, 0); 	Level: 0  Features: 	Level: 0  Features: Swamp; 	Level: 0  Features: jungle(1, 60); foliage_elev(2, 0); Swamp; 	Level: 0  Features: Swamp; 	Level: 0  Features: Swamp; 	Level: 0  Features: 	Level: 0  Features: 	Level: 0  Features: jungle(1, 60); foliage_elev(2, 0); incline_bottom(1, 0); 	Level: 1  Features: incline_top(1, 0); 	Level: 1  Features: incline_top(1, 0); 	Level: 1  Features: incline_top(1, 0); 	Level: 1  Features: incline_top(1, 0); 
ROW_6	Level: 0  Features: 	Level: 0  Features: 	Level: 0  Features: jungle(2, 100); foliage_elev(2, 0); 	Level: 0  Features: jungle(1, 60); foliage_elev(2, 0); 	Level: 0  Features: 	Level: 0  Features: jungle(2, 100); foliage_elev(2, 0); 	Level: 0  Features: 	Level: 0  Features: Swamp; 	Level: 0  Features: 	Level: 0  Features: 	Level: 0  Features: 	Level: 0  Features: Swamp; 	Level: 0  Features: Swamp; incline_bottom(1, 0); 	Level: 1  Features: jungle(2, 100); foliage_elev(2, 0); incline_top(1, 0); 	Level: 0  Features: incline_bottom(1, 0); 	Level: 0  Features: incline_bottom(1, 0); 	Level: 0  Features: incline_bottom(1, 0); 
ROW_7	Level: 0  Features: jungle(2, 100); foliage_elev(2, 0); 	Level: 0  Features: jungle(1, 60); foliage_elev(2, 0); 	Level: 0  Features: jungle(1, 60); foliage_elev(2, 0); 	Level: 0  Features: jungle(2, 100); foliage_elev(2, 0); 	Level: 0  Features: jungle(1, 60); foliage_elev(2, 0); 	Level: 0  Features: jungle(2, 100); foliage_elev(2, 0); 	Level: 0  Features: 	Level: 0  Features: 	Level: 0  Features: 	Level: 0  Features: 	Level: 0  Features: 	Level: 0  Features: 	Level: 0  Features: incline_bottom(1, 0); 	Level: 0  Features: jungle(2, 100); foliage_elev(2, 0); incline_bottom(1, 0); 	Level: 0  Features: 	Level: 0  Features: incline_bottom(1, 0); 	Level: 0  Features: incline_bottom(1, 0); 
ROW_8	Level: 0  Features: 	Level: 0  Features: jungle(2, 100); foliage_elev(2, 0); 	Level: 0  Features: jungle(3, 130); foliage_elev(3, 0); 	Level: 0  Features: 	Level: 0  Features: 	Level: 0  Features: jungle(1, 60); foliage_elev(2, 0); 	Level: 0  Features: jungle(1, 60); foliage_elev(2, 0); 	Level: 0  Features: jungle(2, 100); foliage_elev(2, 0); 	Level: 0  Features: jungle(1, 60); foliage_elev(2, 0); 	Level: 0  Features: 	Level: 0  Features: 	Level: 0  Features: 	Level: 0  Features: 	Level: 0  Features: 	Level: 0  Features: 	Level: 0  Features: incline_bottom(1, 0); 	Level: 1  Features: incline_top(1, 0); 
ROW_9	Level: 0  Features: 	Level: 0  Features: 	Level: 0  Features: 	Level: 0  Features: 	Level: 0  Features: 	Level: 0  Features: jungle(3, 130); foliage_elev(3, 0); 	Level: 0  Features: jungle(1, 60); foliage_elev(2, 0); 	Level: 0  Features: jungle(1, 60); foliage_elev(2, 0); 	Level: 0  Features: 	Level: 0  Features: 	Level: 0  Features: 	Level: 0  Features: 	Level: 0  Features: 	Level: 0  Features: jungle(1, 60); foliage_elev(2, 0); 	Level: 0  Features: 	Level: 0  Features: incline_bottom(1, 0); 	Level: 1  Features: incline_top(1, 0); 
ROW_10	Level: 0  Features: 	Level: 0  Features: 	Level: 0  Features: 	Level: 0  Features: jungle(2, 100); foliage_elev(2, 0); 	Level: 0  Features: jungle(1, 60); foliage_elev(2, 0); 	Level: 0  Features: 	Level: 0  Features: jungle(2, 100); foliage_elev(2, 0); 	Level: 0  Features: jungle(2, 100); foliage_elev(2, 0); 	Level: 0  Features: jungle(2, 100); foliage_elev(2, 0); 	Level: 0  Features: 	Level: 0  Features: Swamp; 	Level: 0  Features: 	Level: 0  Features: Water, depth: 1; 	Level: 0  Features: Water, depth: 1; 	Level: 0  Features: jungle(1, 60); foliage_elev(2, 0); 	Level: 0  Features: jungle(1, 60); foliage_elev(2, 0); incline_bottom(1, 0); 	Level: 1  Features: jungle(3, 130); incline_top(1, 0); foliage_elev(3, 0); 
ROW_11	Level: 0  Features: 	Level: 0  Features: 	Level: 0  Features: 	Level: 0  Features: jungle(1, 60); foliage_elev(2, 0); 	Level: 0  Features: jungle(3, 130); foliage_elev(3, 0); 	Level: 0  Features: 	Level: 0  Features: 	Level: 0  Features: jungle(3, 130); foliage_elev(3, 0); 	Level: 0  Features: 	Level: 0  Features: Swamp; 	Level: 0  Features: Swamp; 	Level: 0  Features: Water, depth: 1; 	Level: 0  Features: 	Level: 0  Features: 	Level: 0  Features: jungle(2, 100); foliage_elev(2, 0); 	Level: 0  Features: incline_bottom(1, 0); 	Level: 0  Features: jungle(3, 130); foliage_elev(3, 0); incline_bottom(1, 0); 
ROW_12	Level: 0  Features: 	Level: 0  Features: 	Level: 0  Features: 	Level: 0  Features: jungle(1, 60); foliage_elev(2, 0); 	Level: 0  Features: jungle(1, 60); foliage_elev(2, 0); 	Level: 0  Features: jungle(1, 60); foliage_elev(2, 0); 	Level: 0  Features: jungle(1, 60); foliage_elev(2, 0); 	Level: 0  Features: jungle(2, 100); foliage_elev(2, 0); 	Level: 0  Features: jungle(3, 130); foliage_elev(3, 0); 	Level: 0  Features: 	Level: 0  Features: Swamp; 	Level: 0  Features: jungle(1, 60); foliage_elev(2, 0); Swamp; 	Level: 0  Features: jungle(1, 60); foliage_elev(2, 0); 	Level: 0  Features: 	Level: 0  Features: 	Level: 0  Features: 	Level: 0  Features: 
ROW_13	Level: 0  Features: 	Level: 0  Features: 	Level: 0  Features: 	Level: 0  Features: 	Level: 0  Features: jungle(2, 100); foliage_elev(2, 0); 	Level: 0  Features: 	Level: 0  Features: 	Level: 0  Features: jungle(1, 60); foliage_elev(2, 0); 	Level: 0  Features: jungle(1, 60); foliage_elev(2, 0); 	Level: 0  Features: jungle(1, 60); foliage_elev(2, 0); 	Level: 0  Features: jungle(3, 130); foliage_elev(3, 0); 	Level: 0  Features: jungle(1, 60); foliage_elev(2, 0); Swamp; 	Level: 0  Features: 	Level: 0  Features: 	Level: 0  Features: 	Level: 0  Features: incline_bottom(1, 0); 	Level: 0  Features: incline_bottom(1, 0); 
ROW_14	Level: 0  Features: 	Level: 0  Features: 	Level: 0  Features: 	Level: 0  Features: 	Level: 0  Features: 	Level: 0  Features: jungle(1, 60); foliage_elev(2, 0); 	Level: 0  Features: jungle(2, 100); foliage_elev(2, 0); 	Level: 0  Features: 	Level: 0  Features: 	Level: 0  Features: jungle(1, 60); foliage_elev(2, 0); 	Level: 0  Features: 	Level: 0  Features: jungle(2, 100); foliage_elev(2, 0); 	Level: 0  Features: jungle(3, 130); foliage_elev(3, 0); 	Level: 0  Features: jungle(1, 60); foliage_elev(2, 0); 	Level: 0  Features: 	Level: 0  Features: incline_bottom(1, 0); 	Level: 1  Features: incline_top(1, 0); 
ROW_15	Level: 0  Features: 	Level: 0  Features: 	Level: 0  Features: 	Level: 0  Features: 	Level: 0  Features: 	Level: 0  Features: jungle(3, 130); foliage_elev(3, 0); 	Level: 0  Features: jungle(2, 100); foliage_elev(2, 0); 	Level: 0  Features: jungle(2, 100); foliage_elev(2, 0); 	Level: 0  Features: 	Level: 0  Features: 	Level: 0  Features: 	Level: 0  Features: jungle(2, 100); foliage_elev(2, 0); 	Level: 0  Features: jungle(2, 100); foliage_elev(2, 0); 	Level: 0  Features: 	Level: 0  Features: 	Level: 0  Features: incline_bottom(1, 0); 	Level: 1  Features: incline_top(1, 0); 
ROW_16	Level: 0  Features: 	Level: 0  Features: 	Level: 0  Features: 	Level: 0  Features: jungle(2, 100); foliage_elev(2, 0); 	Level: 0  Features: jungle(1, 60); foliage_elev(2, 0); 	Level: 0  Features: 	Level: 0  Features: jungle(2, 100); foliage_elev(2, 0); 	Level: 0  Features: jungle(2, 100); foliage_elev(2, 0); 	Level: 0  Features: 	Level: 0  Features: Water, depth: 1; 	Level: 0  Features: 	Level: 0  Features: 	Level: 0  Features: 	Level: 0  Features: 	Level: 0  Features: 	Level: 0  Features: jungle(1, 60); foliage_elev(2, 0); incline_bottom(1, 0); 	Level: 1  Features: incline_top(1, 0); 
ROW_17	Level: 0  Features: 	Level: 0  Features: 	Level: 0  Features: 	Level: 0  Features: 	Level: 0  Features: jungle(1, 60); foliage_elev(2, 0); 	Level: 0  Features: jungle(2, 100); foliage_elev(2, 0); 	Level: 0  Features: jungle(1, 60); foliage_elev(2, 0); 	Level: 0  Features: 	Level: 0  Features: 	Level: 0  Features: Water, depth: 1; 	Level: 0  Features: 	Level: 0  Features: 	Level: 0  Features: 	Level: 0  Features: 	Level: 0  Features: 	Level: 0  Features: jungle(1, 60); foliage_elev(2, 0); incline_bottom(1, 0); 	Level: 1  Features: jungle(1, 60); foliage_elev(2, 0); incline_top(1, 0); 
ROW_18	Level: 0  Features: 	Level: 0  Features: 	Level: 0  Features: jungle(1, 60); foliage_elev(2, 0); 	Level: 0  Features: 	Level: 0  Features: 	Level: 0  Features: 	Level: 0  Features: jungle(1, 60); foliage_elev(2, 0); 	Level: 0  Features: Water, depth: 1; 	Level: 0  Features: 	Level: 0  Features: 	Level: 0  Features: 	Level: 0  Features: 	Level: 0  Features: 	Level: 0  Features: incline_bottom(1, 0); 	Level: 0  Features: incline_bottom(1, 0); 	Level: 0  Features: incline_bottom(1, 0); 	Level: 1  Features: jungle(3, 130); incline_top(1, 0); foliage_elev(3, 0); 
ROW_19	Level: 0  Features: 	Level: 0  Features: 	Level: 0  Features: jungle(1, 60); foliage_elev(2, 0); 	Level: 0  Features: jungle(1, 60); foliage_elev(2, 0); 	Level: 0  Features: 	Level: 0  Features: Water, depth: 1; 	Level: 0  Features: Water, depth: 1; 	Level: 0  Features: Water, depth: 2; 	Level: 0  Features: 	Level: 0  Features: 	Level: 0  Features: 	Level: 0  Features: 	Level: 0  Features: incline_bottom(1, 0); 	Level: 1  Features: incline_top(1, 0); 	Level: 0  Features: jungle(1, 60); foliage_elev(2, 0); incline_bottom(1, 0); 	Level: 1  Features: jungle(2, 100); foliage_elev(2, 0); incline_top(1, 0); 	Level: 1  Features: incline_top(1, 0); 
ROW_20	Level: 0  Features: 	Level: 0  Features: jungle(1, 60); foliage_elev(2, 0); 	Level: 0  Features: jungle(2, 100); foliage_elev(2, 0); 	Level: 0  Features: 	Level: 0  Features: jungle(2, 100); foliage_elev(2, 0); 	Level: 0  Features: jungle(2, 100); foliage_elev(2, 0); 	Level: 0  Features: 	Level: 0  Features: 	Level: 0  Features: 	Level: 0  Features: 	Level: 0  Features: 	Level: 0  Features: 	Level: 0  Features: 	Level: 0  Features: incline_bottom(1, 0); 	Level: 0  Features: incline_bottom(1, 0); 	Level: 0  Features: jungle(1, 60); foliage_elev(2, 0); incline_bottom(1, 0); 	Level: 0  Features: jungle(1, 60); foliage_elev(2, 0); incline_bottom(1, 0); 
ROW_21	Level: 0  Features: incline_top(1, 0); 	Level: 0  Features: incline_top(1, 0); 	Level: 0  Features: jungle(2, 100); foliage_elev(2, 0); 	Level: 0  Features: jungle(1, 60); foliage_elev(2, 0); 	Level: 0  Features: jungle(1, 60); foliage_elev(2, 0); 	Level: 0  Features: 	Level: 0  Features: 	Level: 0  Features: 	Level: 0  Features: 	Level: 0  Features: 	Level: 0  Features: 	Level: 0  Features: 	Level: 0  Features: 	Level: 0  Features: jungle(2, 100); foliage_elev(2, 0); 	Level: 0  Features: jungle(3, 130); foliage_elev(3, 0); 	Level: 0  Features: jungle(1, 60); foliage_elev(2, 0); incline_bottom(1, 0); 	Level: 1  Features: jungle(1, 60); foliage_elev(2, 0); incline_top(1, 0); 
ROW_22	Level: 0  Features: Swamp; incline_top(1, 0); 	Level: -1  Features: incline_bottom(1, 0); 	Level: 0  Features: jungle(1, 60); foliage_elev(2, 0); incline_top(1, 0); 	Level: 0  Features: jungle(2, 100); foliage_elev(2, 0); incline_top(1, 0); 	Level: 0  Features: incline_top(1, 0); 	Level: 0  Features: incline_top(1, 0); 	Level: 0  Features: 	Level: 0  Features: 	Level: 0  Features: 	Level: 0  Features: incline_top(1, 0); 	Level: 0  Features: incline_top(1, 0); jungle(3, 130); Swamp; foliage_elev(3, 0); 	Level: 0  Features: incline_top(1, 0); jungle(1, 60); foliage_elev(2, 0); Swamp; 	Level: 0  Features: incline_top(1, 0); 	Level: 0  Features: incline_top(1, 0); 	Level: 0  Features: 	Level: 0  Features: jungle(1, 60); foliage_elev(2, 0); 	Level: 0  Features: incline_bottom(1, 0); 
ROW_23	Level: -1  Features: Swamp; incline_bottom(1, 0); 	Level: -1  Features: incline_bottom(1, 0); 	Level: -1  Features: incline_bottom(1, 0); 	Level: -1  Features: incline_bottom(1, 0); 	Level: -1  Features: incline_bottom(1, 0); 	Level: 0  Features: jungle(1, 60); foliage_elev(2, 0); incline_top(1, 0); 	Level: 0  Features: 	Level: 0  Features: 	Level: 0  Features: incline_top(1, 0); 	Level: -1  Features: Swamp; incline_bottom(1, 0); 	Level: -1  Features: Swamp; incline_bottom(1, 0); 	Level: -1  Features: jungle(2, 100); foliage_elev(2, 0); incline_bottom(1, 0); 	Level: -1  Features: jungle(2, 100); foliage_elev(2, 0); incline_bottom(1, 0); 	Level: 0  Features: incline_top(1, 0); 	Level: 0  Features: 	Level: 0  Features: jungle(1, 60); foliage_elev(2, 0); 	Level: 0  Features: 
ROW_24	Level: -1  Features: 	Level: -1  Features: 	Level: -1  Features: 	Level: -1  Features: incline_bottom(1, 0); 	Level: 0  Features: incline_top(1, 0); 	Level: 0  Features: jungle(2, 100); foliage_elev(2, 0); incline_top(1, 0); 	Level: 0  Features: incline_top(1, 0); 	Level: 0  Features: 	Level: 0  Features: incline_top(1, 0); 	Level: -1  Features: incline_bottom(1, 0); 	Level: 0  Features: incline_top(1, 0); 	Level: -1  Features: jungle(1, 60); foliage_elev(2, 0); incline_bottom(1, 0); 	Level: -1  Features: incline_bottom(1, 0); 	Level: 0  Features: incline_top(1, 0); 	Level: 0  Features: 	Level: 0  Features: 	Level: 0  Features: 
ROW_25	Level: -1  Features: incline_bottom(1, 0); 	Level: -1  Features: 	Level: -1  Features: incline_bottom(1, 0); 	Level: -1  Features: incline_bottom(1, 0); 	Level: -1  Features: jungle(1, 60); foliage_elev(2, 0); incline_bottom(1, 0); 	Level: -1  Features: jungle(2, 100); foliage_elev(2, 0); incline_bottom(1, 0); 	Level: 0  Features: incline_top(1, 0); 	Level: 0  Features: incline_top(1, 0); 	Level: 0  Features: incline_top(1, 0); 	Level: -1  Features: incline_bottom(1, 0); 	Level: -1  Features: incline_bottom(1, 0); 	Level: -1  Features: jungle(1, 60); foliage_elev(2, 0); incline_bottom(1, 0); 	Level: 0  Features: incline_top(1, 0); 	Level: 0  Features: 	Level: 0  Features: 	Level: 0  Features: 	Level: 0  Features: 
ROW_26	Level: 0  Features: incline_top(1, 0); 	Level: -1  Features: incline_bottom(1, 0); 	Level: -1  Features: incline_bottom(1, 0); 	Level: 0  Features: incline_top(1, 0); 	Level: 0  Features: incline_top(1, 0); 	Level: 0  Features: jungle(1, 60); foliage_elev(2, 0); incline_top(1, 0); 	Level: -1  Features: Water, depth: 1; 	Level: -1  Features: Water, depth: 1; 	Level: 0  Features: incline_top(1, 0); 	Level: -1  Features: incline_bottom(1, 0); 	Level: -1  Features: 	Level: -1  Features: incline_bottom(1, 0); 	Level: 0  Features: incline_top(1, 0); 	Level: 0  Features: incline_top(1, 0); 	Level: 0  Features: 	Level: 0  Features: 	Level: 0  Features: 
ROW_27	Level: 0  Features: incline_top(1, 0); 	Level: -1  Features: incline_bottom(1, 0); 	Level: -1  Features: incline_bottom(1, 0); 	Level: -1  Features: incline_bottom(1, 0); 	Level: 0  Features: incline_top(1, 0); 	Level: -1  Features: Water, depth: 1; 	Level: 0  Features: Swamp; incline_top(1, 0); 	Level: 0  Features: incline_top(1, 0); 	Level: -1  Features: incline_bottom(1, 0); 	Level: -1  Features: 	Level: -1  Features: 	Level: -1  Features: incline_bottom(1, 0); 	Level: -1  Features: incline_bottom(1, 0); 	Level: 0  Features: incline_top(1, 0); 	Level: 0  Features: 	Level: 0  Features: jungle(1, 60); foliage_elev(2, 0); 	Level: 0  Features: 
ROW_28	Level: 0  Features: incline_top(1, 0); 	Level: -1  Features: incline_bottom(1, 0); 	Level: -1  Features: 	Level: -1  Features: incline_bottom(1, 0); 	Level: 0  Features: incline_top(1, 0); 	Level: 0  Features: incline_top(1, 0); 	Level: 0  Features: Swamp; incline_top(1, 0); 	Level: -1  Features: incline_bottom(1, 0); 	Level: -1  Features: incline_bottom(1, 0); 	Level: -1  Features: 	Level: -1  Features: 	Level: -1  Features: 	Level: -1  Features: incline_bottom(1, 0); 	Level: 0  Features: incline_top(1, 0); 	Level: 0  Features: 	Level: 0  Features: jungle(1, 60); foliage_elev(2, 0); 	Level: 0  Features: 
ROW_29	Level: -1  Features: incline_bottom(1, 0); 	Level: -1  Features: 	Level: -1  Features: 	Level: -1  Features: incline_bottom(1, 0); 	Level: -1  Features: incline_bottom(1, 0); 	Level: -1  Features: incline_bottom(1, 0); 	Level: -1  Features: Swamp; incline_bottom(1, 0); 	Level: -1  Features: incline_bottom(1, 0); 	Level: -1  Features: 	Level: -1  Features: 	Level: -1  Features: incline_bottom(1, 0); 	Level: -1  Features: jungle(2, 100); foliage_elev(2, 0); incline_bottom(1, 0); 	Level: 0  Features: incline_top(1, 0); 	Level: 0  Features: 	Level: 0  Features: jungle(1, 60); foliage_elev(2, 0); 	Level: 0  Features: jungle(1, 60); foliage_elev(2, 0); incline_bottom(1, 0); 	Level: 0  Features: incline_bottom(1, 0); 
ROW_30	Level: 0  Features: incline_top(1, 0); 	Level: -1  Features: incline_bottom(1, 0); 	Level: -1  Features: incline_bottom(1, 0); 	Level: -1  Features: incline_bottom(1, 0); 	Level: 0  Features: incline_top(1, 0); 	Level: 0  Features: incline_top(1, 0); 	Level: 0  Features: incline_top(1, 0); 	Level: 0  Features: Swamp; incline_top(1, 0); 	Level: -1  Features: incline_bottom(1, 0); 	Level: -1  Features: 	Level: -1  Features: incline_bottom(1, 0); 	Level: 0  Features: jungle(2, 100); foliage_elev(2, 0); incline_top(1, 0); 	Level: 0  Features: jungle(1, 60); foliage_elev(2, 0); incline_top(1, 0); 	Level: 0  Features: jungle(2, 100); foliage_elev(2, 0); 	Level: 0  Features: jungle(1, 60); foliage_elev(2, 0); 	Level: 0  Features: incline_bottom(1, 0); 	Level: 1  Features: jungle(3, 130); incline_top(1, 0); foliage_elev(3, 0); 
ROW_31	Level: 0  Features: incline_top(1, 0); 	Level: 0  Features: incline_top(1, 0); 	Level: 0  Features: incline_top(1, 0); 	Level: 0  Features: incline_top(1, 0); 	Level: 0  Features: incline_top(1, 0); 	Level: -1  Features: incline_bottom(1, 0); 	Level: 0  Features: incline_top(1, 0); 	Level: 0  Features: incline_top(1, 0); 	Level: -1  Features: incline_bottom(1, 0); 	Level: -1  Features: 	Level: -1  Features: jungle(2, 100); foliage_elev(2, 0); incline_bottom(1, 0); 	Level: 0  Features: incline_top(1, 0); 	Level: 0  Features: 	Level: 0  Features: jungle(1, 60); foliage_elev(2, 0); Swamp; 	Level: 0  Features: Swamp; 	Level: 0  Features: incline_bottom(1, 0); jungle(1, 60); foliage_elev(2, 0); Swamp; 	Level: 0  Features: incline_bottom(1, 0); jungle(1, 60); foliage_elev(2, 0); Swamp; 
THEME	CITY_TYPE	MAP_SIZE	MAP_WIDTH	MAP_HEIGHT
tropical	None	1	1
TEMPERATURE	WEATHER	GRAVITY	WIND	ATMOSPHERE	FOG	LIGHT
25	CLEAR	1.0	Calm	Standard	None	Daylight
ROUND	PHASE	PLAYER_ID	ENTITY_ID	CHASSIS	MODEL	TYPE	ROLE	X	Y	FACING	MP	HEAT	PRONE	AIRBORNE	OFF_BOARD	CRIPPLED	DESTROYED	ARMOR_P	INTERNAL_P	DONE	MAX_RANGE	TOTAL_DAMAGE	TEAM_ID
0	DEPLOYMENT	0	1	Lightning	Lightning	BipedMek	SNIPER	-1	-1	0	0.00	0.00	0	0	0	0	0	1.00	1.00	0	24	37	1
0	DEPLOYMENT	0	2	Wraith	Wraith	BipedMek	SKIRMISHER	-1	-1	0	0.00	0.00	0	0	0	0	0	1.00	1.00	0	14	21	1
0	DEPLOYMENT	1	3	Blood Reaper	Blood Reaper	BipedMek	BRAWLER	2	13	1	0.00	0.00	0	0	0	0	0	1.00	1.00	1	28	76	2
0	DEPLOYMENT	1	4	Hunchback IIC	Hunchback IIC	BipedMek	AMBUSHER	-1	-1	0	0.00	0.00	0	0	0	0	0	1.00	1.00	0	20	54	2
ROUND	PHASE	PLAYER_ID	ENTITY_ID	CHASSIS	MODEL	TYPE	ROLE	X	Y	FACING	MP	HEAT	PRONE	AIRBORNE	OFF_BOARD	CRIPPLED	DESTROYED	ARMOR_P	INTERNAL_P	DONE	MAX_RANGE	TOTAL_DAMAGE	TEAM_ID
0	DEPLOYMENT	0	1	Lightning	Lightning	BipedMek	SNIPER	30	9	5	0.00	0.00	0	0	0	0	0	1.00	1.00	1	24	37	1
0	DEPLOYMENT	0	2	Wraith	Wraith	BipedMek	SKIRMISHER	-1	-1	0	0.00	0.00	0	0	0	0	0	1.00	1.00	0	14	21	1
0	DEPLOYMENT	1	3	Blood Reaper	Blood Reaper	BipedMek	BRAWLER	2	13	1	0.00	0.00	0	0	0	0	0	1.00	1.00	1	28	76	2
0	DEPLOYMENT	1	4	Hunchback IIC	Hunchback IIC	BipedMek	AMBUSHER	-1	-1	0	0.00	0.00	0	0	0	0	0	1.00	1.00	0	20	54	2
ROUND	PHASE	PLAYER_ID	ENTITY_ID	CHASSIS	MODEL	TYPE	ROLE	X	Y	FACING	MP	HEAT	PRONE	AIRBORNE	OFF_BOARD	CRIPPLED	DESTROYED	ARMOR_P	INTERNAL_P	DONE	MAX_RANGE	TOTAL_DAMAGE	TEAM_ID
0	DEPLOYMENT	0	1	Lightning	Lightning	BipedMek	SNIPER	30	9	5	0.00	0.00	0	0	0	0	0	1.00	1.00	1	24	37	1
0	DEPLOYMENT	0	2	Wraith	Wraith	BipedMek	SKIRMISHER	-1	-1	0	0.00	0.00	0	0	0	0	0	1.00	1.00	0	14	21	1
0	DEPLOYMENT	1	3	Blood Reaper	Blood Reaper	BipedMek	BRAWLER	2	13	1	0.00	0.00	0	0	0	0	0	1.00	1.00	1	28	76	2
0	DEPLOYMENT	1	4	Hunchback IIC	Hunchback IIC	BipedMek	AMBUSHER	2	12	1	0.00	0.00	0	0	0	0	0	1.00	1.00	1	20	54	2
ROUND	PHASE	PLAYER_ID	ENTITY_ID	CHASSIS	MODEL	TYPE	ROLE	X	Y	FACING	MP	HEAT	PRONE	AIRBORNE	OFF_BOARD	CRIPPLED	DESTROYED	ARMOR_P	INTERNAL_P	DONE	MAX_RANGE	TOTAL_DAMAGE	TEAM_ID
0	DEPLOYMENT	0	1	Lightning	Lightning	BipedMek	SNIPER	30	9	5	0.00	0.00	0	0	0	0	0	1.00	1.00	1	24	37	1
0	DEPLOYMENT	0	2	Wraith	Wraith	BipedMek	SKIRMISHER	30	15	5	0.00	0.00	0	0	0	0	0	1.00	1.00	1	14	21	1
0	DEPLOYMENT	1	3	Blood Reaper	Blood Reaper	BipedMek	BRAWLER	2	13	1	0.00	0.00	0	0	0	0	0	1.00	1.00	1	28	76	2
0	DEPLOYMENT	1	4	Hunchback IIC	Hunchback IIC	BipedMek	AMBUSHER	2	12	1	0.00	0.00	0	0	0	0	0	1.00	1.00	1	20	54	2
ROUND	PHASE	PLAYER_ID	ENTITY_ID	CHASSIS	MODEL	TYPE	ROLE	X	Y	FACING	MP	HEAT	PRONE	AIRBORNE	OFF_BOARD	CRIPPLED	DESTROYED	ARMOR_P	INTERNAL_P	DONE	MAX_RANGE	TOTAL_DAMAGE	TEAM_ID
1	TARGETING	0	1	Lightning	Lightning	BipedMek	SNIPER	30	9	5	0.00	0.00	0	0	0	0	0	1.00	1.00	1	24	37	1
1	TARGETING	0	2	Wraith	Wraith	BipedMek	SKIRMISHER	30	15	5	0.00	0.00	0	0	0	0	0	1.00	1.00	1	14	21	1
1	TARGETING	1	3	Blood Reaper	Blood Reaper	BipedMek	BRAWLER	2	13	1	0.00	0.00	0	0	0	0	0	1.00	1.00	1	28	76	2
1	TARGETING	1	4	Hunchback IIC	Hunchback IIC	BipedMek	AMBUSHER	2	12	1	0.00	0.00	0	0	0	0	0	1.00	1.00	1	20	54	2
PLAYER_ID	ENTITY_ID	CHASSIS	MODEL	FACING	FROM_X	FROM_Y	TO_X	TO_Y	HEXES_MOVED	DISTANCE	MP_USED	MAX_MP	MP_P	HEAT_P	ARMOR_P	INTERNAL_P	JUMPING	PRONE	LEGAL	STEPS	TEAM_ID	CHANCE_OF_FAILURE	IS_BOT
0	1	Lightning	LHN-C5	5	30	9	25	7	5	0	8	10	0.80	0.00	1.00	1.00	0	0	1	TURN_LEFT FORWARDS TURN_RIGHT FORWARDS FORWARDS FORWARDS FORWARDS	1	0.00	0
ROUND	PHASE	PLAYER_ID	ENTITY_ID	CHASSIS	MODEL	TYPE	ROLE	X	Y	FACING	MP	HEAT	PRONE	AIRBORNE	OFF_BOARD	CRIPPLED	DESTROYED	ARMOR_P	INTERNAL_P	DONE	MAX_RANGE	TOTAL_DAMAGE	TEAM_ID
1	MOVEMENT	0	1	Lightning	Lightning	BipedMek	SNIPER	25	7	5	0.00	0.00	0	0	0	0	0	1.00	1.00	1	24	37	1
1	MOVEMENT	0	2	Wraith	Wraith	BipedMek	SKIRMISHER	30	15	5	0.00	0.00	0	0	0	0	0	1.00	1.00	0	14	21	1
1	MOVEMENT	1	3	Blood Reaper	Blood Reaper	BipedMek	BRAWLER	2	13	1	0.00	0.00	0	0	0	0	0	1.00	1.00	0	28	76	2
1	MOVEMENT	1	4	Hunchback IIC	Hunchback IIC	BipedMek	AMBUSHER	2	12	1	0.00	0.00	0	0	0	0	0	1.00	1.00	0	20	54	2
PLAYER_ID	ENTITY_ID	CHASSIS	MODEL	FACING	FROM_X	FROM_Y	TO_X	TO_Y	HEXES_MOVED	DISTANCE	MP_USED	MAX_MP	MP_P	HEAT_P	ARMOR_P	INTERNAL_P	JUMPING	PRONE	LEGAL	STEPS	TEAM_ID	CHANCE_OF_FAILURE	IS_BOT
1	4	Hunchback IIC		2	2	12	9	8	7	0	8	8	1.00	0.00	1.00	1.00	0	0	1	CLIMB_MODE_ON FORWARDS FORWARDS FORWARDS FORWARDS FORWARDS FORWARDS FORWARDS TURN_RIGHT	2	0.00	1
ROUND	PHASE	PLAYER_ID	ENTITY_ID	CHASSIS	MODEL	TYPE	ROLE	X	Y	FACING	MP	HEAT	PRONE	AIRBORNE	OFF_BOARD	CRIPPLED	DESTROYED	ARMOR_P	INTERNAL_P	DONE	MAX_RANGE	TOTAL_DAMAGE	TEAM_ID
1	MOVEMENT	0	1	Lightning	Lightning	BipedMek	SNIPER	25	7	5	0.00	0.00	0	0	0	0	0	1.00	1.00	1	24	37	1
1	MOVEMENT	0	2	Wraith	Wraith	BipedMek	SKIRMISHER	30	15	5	0.00	0.00	0	0	0	0	0	1.00	1.00	0	14	21	1
1	MOVEMENT	1	3	Blood Reaper	Blood Reaper	BipedMek	BRAWLER	2	13	1	0.00	0.00	0	0	0	0	0	1.00	1.00	0	28	76	2
1	MOVEMENT	1	4	Hunchback IIC	Hunchback IIC	BipedMek	AMBUSHER	9	8	2	0.00	0.00	0	0	0	0	0	1.00	1.00	1	20	54	2
PLAYER_ID	ENTITY_ID	CHASSIS	MODEL	FACING	FROM_X	FROM_Y	TO_X	TO_Y	HEXES_MOVED	DISTANCE	MP_USED	MAX_MP	MP_P	HEAT_P	ARMOR_P	INTERNAL_P	JUMPING	PRONE	LEGAL	STEPS	TEAM_ID	CHANCE_OF_FAILURE	IS_BOT
0	2	Wraith	TR1	5	30	15	23	14	7	0	7	7	1.00	0.00	1.00	1.00	1	0	1	START_JUMP TURN_LEFT FORWARDS FORWARDS FORWARDS TURN_RIGHT FORWARDS FORWARDS FORWARDS FORWARDS	1	0.00	0
ROUND	PHASE	PLAYER_ID	ENTITY_ID	CHASSIS	MODEL	TYPE	ROLE	X	Y	FACING	MP	HEAT	PRONE	AIRBORNE	OFF_BOARD	CRIPPLED	DESTROYED	ARMOR_P	INTERNAL_P	DONE	MAX_RANGE	TOTAL_DAMAGE	TEAM_ID
1	MOVEMENT	0	1	Lightning	Lightning	BipedMek	SNIPER	25	7	5	0.00	0.00	0	0	0	0	0	1.00	1.00	1	24	37	1
1	MOVEMENT	0	2	Wraith	Wraith	BipedMek	SKIRMISHER	23	14	5	0.00	0.00	0	0	0	0	0	1.00	1.00	1	14	21	1
1	MOVEMENT	1	3	Blood Reaper	Blood Reaper	BipedMek	BRAWLER	2	13	1	0.00	0.00	0	0	0	0	0	1.00	1.00	0	28	76	2
1	MOVEMENT	1	4	Hunchback IIC	Hunchback IIC	BipedMek	AMBUSHER	9	8	2	0.00	0.00	0	0	0	0	0	1.00	1.00	1	20	54	2
PLAYER_ID	ENTITY_ID	CHASSIS	MODEL	FACING	FROM_X	FROM_Y	TO_X	TO_Y	HEXES_MOVED	DISTANCE	MP_USED	MAX_MP	MP_P	HEAT_P	ARMOR_P	INTERNAL_P	JUMPING	PRONE	LEGAL	STEPS	TEAM_ID	CHANCE_OF_FAILURE	IS_BOT
1	3	Blood Reaper	2	1	2	13	7	9	6	0	8	8	1.00	0.00	1.00	1.00	0	0	1	CLIMB_MODE_ON TURN_LEFT FORWARDS TURN_RIGHT FORWARDS FORWARDS FORWARDS FORWARDS FORWARDS	2	0.00	1
ROUND	PHASE	PLAYER_ID	ENTITY_ID	CHASSIS	MODEL	TYPE	ROLE	X	Y	FACING	MP	HEAT	PRONE	AIRBORNE	OFF_BOARD	CRIPPLED	DESTROYED	ARMOR_P	INTERNAL_P	DONE	MAX_RANGE	TOTAL_DAMAGE	TEAM_ID
1	MOVEMENT	0	1	Lightning	Lightning	BipedMek	SNIPER	25	7	5	0.00	0.00	0	0	0	0	0	1.00	1.00	1	24	37	1
1	MOVEMENT	0	2	Wraith	Wraith	BipedMek	SKIRMISHER	23	14	5	0.00	0.00	0	0	0	0	0	1.00	1.00	1	14	21	1
1	MOVEMENT	1	3	Blood Reaper	Blood Reaper	BipedMek	BRAWLER	7	9	1	0.00	0.00	0	0	0	0	0	1.00	1.00	1	28	76	2
1	MOVEMENT	1	4	Hunchback IIC	Hunchback IIC	BipedMek	AMBUSHER	9	8	2	0.00	0.00	0	0	0	0	0	1.00	1.00	1	20	54	2
ROUND	PHASE	PLAYER_ID	ENTITY_ID	CHASSIS	MODEL	TYPE	ROLE	X	Y	FACING	MP	HEAT	PRONE	AIRBORNE	OFF_BOARD	CRIPPLED	DESTROYED	ARMOR_P	INTERNAL_P	DONE	MAX_RANGE	TOTAL_DAMAGE	TEAM_ID
1	OFFBOARD	0	1	Lightning	Lightning	BipedMek	SNIPER	25	7	5	0.00	0.00	0	0	0	0	0	1.00	1.00	1	24	37	1
1	OFFBOARD	0	2	Wraith	Wraith	BipedMek	SKIRMISHER	23	14	5	0.00	0.00	0	0	0	0	0	1.00	1.00	1	14	21	1
1	OFFBOARD	1	3	Blood Reaper	Blood Reaper	BipedMek	BRAWLER	7	9	1	0.00	0.00	0	0	0	0	0	1.00	1.00	1	28	76	2
1	OFFBOARD	1	4	Hunchback IIC	Hunchback IIC	BipedMek	AMBUSHER	9	8	2	0.00	0.00	0	0	0	0	0	1.00	1.00	1	20	54	2
1	0	1	BipedMek	SNIPER	25	7	5	1	3	BipedMek	BRAWLER	7	9	1	-1	NONE	2	-1	0	0	1	0	12.00	0	-1
ROUND	PHASE	PLAYER_ID	ENTITY_ID	CHASSIS	MODEL	TYPE	ROLE	X	Y	FACING	MP	HEAT	PRONE	AIRBORNE	OFF_BOARD	CRIPPLED	DESTROYED	ARMOR_P	INTERNAL_P	DONE	MAX_RANGE	TOTAL_DAMAGE	TEAM_ID
1	FIRING	0	1	Lightning	Lightning	BipedMek	SNIPER	25	7	5	0.00	0.00	0	0	0	0	0	1.00	1.00	1	24	37	1
1	FIRING	0	2	Wraith	Wraith	BipedMek	SKIRMISHER	23	14	5	0.00	0.00	0	0	0	0	0	1.00	1.00	1	14	21	1
1	FIRING	1	3	Blood Reaper	Blood Reaper	BipedMek	BRAWLER	7	9	1	0.00	0.00	0	0	0	0	0	1.00	1.00	1	28	76	2
1	FIRING	1	4	Hunchback IIC	Hunchback IIC	BipedMek	AMBUSHER	9	8	2	0.00	0.00	0	0	0	0	0	1.00	1.00	1	20	54	2
ROUND	PHASE	PLAYER_ID	ENTITY_ID	CHASSIS	MODEL	TYPE	ROLE	X	Y	FACING	MP	HEAT	PRONE	AIRBORNE	OFF_BOARD	CRIPPLED	DESTROYED	ARMOR_P	INTERNAL_P	DONE	MAX_RANGE	TOTAL_DAMAGE	TEAM_ID
2	TARGETING	0	1	Lightning	Lightning	BipedMek	SNIPER	25	7	5	8.00	0.00	0	0	0	0	0	1.00	1.00	1	24	37	1
2	TARGETING	0	2	Wraith	Wraith	BipedMek	SKIRMISHER	23	14	5	7.00	0.00	0	0	0	0	0	1.00	1.00	1	14	21	1
2	TARGETING	1	3	Blood Reaper	Blood Reaper	BipedMek	BRAWLER	7	9	1	8.00	0.00	0	0	0	0	0	1.00	1.00	1	28	76	2
2	TARGETING	1	4	Hunchback IIC	Hunchback IIC	BipedMek	AMBUSHER	9	8	2	8.00	0.00	0	0	0	0	0	1.00	1.00	1	20	54	2
PLAYER_ID	ENTITY_ID	CHASSIS	MODEL	FACING	FROM_X	FROM_Y	TO_X	TO_Y	HEXES_MOVED	DISTANCE	MP_USED	MAX_MP	MP_P	HEAT_P	ARMOR_P	INTERNAL_P	JUMPING	PRONE	LEGAL	STEPS	TEAM_ID	CHANCE_OF_FAILURE	IS_BOT
1	3	Blood Reaper	2	1	8	9	11	8	4	0	6	8	0.75	0.00	1.00	1.00	0	0	1	FORWARDS TURN_RIGHT FORWARDS TURN_LEFT FORWARDS FORWARDS	2	0.00	1
ROUND	PHASE	PLAYER_ID	ENTITY_ID	CHASSIS	MODEL	TYPE	ROLE	X	Y	FACING	MP	HEAT	PRONE	AIRBORNE	OFF_BOARD	CRIPPLED	DESTROYED	ARMOR_P	INTERNAL_P	DONE	MAX_RANGE	TOTAL_DAMAGE	TEAM_ID
2	MOVEMENT	0	1	Lightning	Lightning	BipedMek	SNIPER	25	7	5	8.00	0.00	0	0	0	0	0	1.00	1.00	0	24	37	1
2	MOVEMENT	0	2	Wraith	Wraith	BipedMek	SKIRMISHER	23	14	5	7.00	0.00	0	0	0	0	0	1.00	1.00	0	14	21	1
2	MOVEMENT	1	3	Blood Reaper	Blood Reaper	BipedMek	BRAWLER	11	8	1	8.00	0.00	0	0	0	0	0	1.00	1.00	1	28	76	2
2	MOVEMENT	1	4	Hunchback IIC	Hunchback IIC	BipedMek	AMBUSHER	9	8	2	8.00	0.00	0	0	0	0	0	1.00	1.00	0	20	54	2
PLAYER_ID	ENTITY_ID	CHASSIS	MODEL	FACING	FROM_X	FROM_Y	TO_X	TO_Y	HEXES_MOVED	DISTANCE	MP_USED	MAX_MP	MP_P	HEAT_P	ARMOR_P	INTERNAL_P	JUMPING	PRONE	LEGAL	STEPS	TEAM_ID	CHANCE_OF_FAILURE	IS_BOT
0	1	Lightning	LHN-C5	4	25	7	21	9	4	0	5	10	0.50	0.00	1.00	1.00	0	0	1	TURN_LEFT FORWARDS FORWARDS FORWARDS FORWARDS	1	0.00	0
ROUND	PHASE	PLAYER_ID	ENTITY_ID	CHASSIS	MODEL	TYPE	ROLE	X	Y	FACING	MP	HEAT	PRONE	AIRBORNE	OFF_BOARD	CRIPPLED	DESTROYED	ARMOR_P	INTERNAL_P	DONE	MAX_RANGE	TOTAL_DAMAGE	TEAM_ID
2	MOVEMENT	0	1	Lightning	Lightning	BipedMek	SNIPER	21	9	4	8.00	0.00	0	0	0	0	0	1.00	1.00	1	24	37	1
2	MOVEMENT	0	2	Wraith	Wraith	BipedMek	SKIRMISHER	23	14	5	7.00	0.00	0	0	0	0	0	1.00	1.00	0	14	21	1
2	MOVEMENT	1	3	Blood Reaper	Blood Reaper	BipedMek	BRAWLER	11	8	1	8.00	0.00	0	0	0	0	0	1.00	1.00	1	28	76	2
2	MOVEMENT	1	4	Hunchback IIC	Hunchback IIC	BipedMek	AMBUSHER	9	8	2	8.00	0.00	0	0	0	0	0	1.00	1.00	0	20	54	2
PLAYER_ID	ENTITY_ID	CHASSIS	MODEL	FACING	FROM_X	FROM_Y	TO_X	TO_Y	HEXES_MOVED	DISTANCE	MP_USED	MAX_MP	MP_P	HEAT_P	ARMOR_P	INTERNAL_P	JUMPING	PRONE	LEGAL	STEPS	TEAM_ID	CHANCE_OF_FAILURE	IS_BOT
1	4	Hunchback IIC		1	9	8	13	6	4	0	4	4	1.00	0.00	1.00	1.00	1	0	1	START_JUMP TURN_LEFT FORWARDS FORWARDS FORWARDS FORWARDS	2	0.00	1
ROUND	PHASE	PLAYER_ID	ENTITY_ID	CHASSIS	MODEL	TYPE	ROLE	X	Y	FACING	MP	HEAT	PRONE	AIRBORNE	OFF_BOARD	CRIPPLED	DESTROYED	ARMOR_P	INTERNAL_P	DONE	MAX_RANGE	TOTAL_DAMAGE	TEAM_ID
2	MOVEMENT	0	1	Lightning	Lightning	BipedMek	SNIPER	21	9	4	8.00	0.00	0	0	0	0	0	1.00	1.00	1	24	37	1
2	MOVEMENT	0	2	Wraith	Wraith	BipedMek	SKIRMISHER	23	14	5	7.00	0.00	0	0	0	0	0	1.00	1.00	0	14	21	1
2	MOVEMENT	1	3	Blood Reaper	Blood Reaper	BipedMek	BRAWLER	11	8	1	8.00	0.00	0	0	0	0	0	1.00	1.00	1	28	76	2
2	MOVEMENT	1	4	Hunchback IIC	Hunchback IIC	BipedMek	AMBUSHER	13	6	1	8.00	0.00	0	0	0	0	0	1.00	1.00	1	20	54	2
PLAYER_ID	ENTITY_ID	CHASSIS	MODEL	FACING	FROM_X	FROM_Y	TO_X	TO_Y	HEXES_MOVED	DISTANCE	MP_USED	MAX_MP	MP_P	HEAT_P	ARMOR_P	INTERNAL_P	JUMPING	PRONE	LEGAL	STEPS	TEAM_ID	CHANCE_OF_FAILURE	IS_BOT
0	2	Wraith	TR1	4	23	14	16	14	8	0	11	14	0.79	0.00	1.00	1.00	0	0	1	TURN_RIGHT FORWARDS TURN_LEFT FORWARDS FORWARDS FORWARDS TURN_LEFT FORWARDS FORWARDS FORWARDS FORWARDS	1	0.00	0
ROUND	PHASE	PLAYER_ID	ENTITY_ID	CHASSIS	MODEL	TYPE	ROLE	X	Y	FACING	MP	HEAT	PRONE	AIRBORNE	OFF_BOARD	CRIPPLED	DESTROYED	ARMOR_P	INTERNAL_P	DONE	MAX_RANGE	TOTAL_DAMAGE	TEAM_ID
2	MOVEMENT	0	1	Lightning	Lightning	BipedMek	SNIPER	21	9	4	8.00	0.00	0	0	0	0	0	1.00	1.00	1	24	37	1
2	MOVEMENT	0	2	Wraith	Wraith	BipedMek	SKIRMISHER	16	14	4	7.00	0.00	0	0	0	0	0	1.00	1.00	1	14	21	1
2	MOVEMENT	1	3	Blood Reaper	Blood Reaper	BipedMek	BRAWLER	11	8	1	8.00	0.00	0	0	0	0	0	1.00	1.00	1	28	76	2
2	MOVEMENT	1	4	Hunchback IIC	Hunchback IIC	BipedMek	AMBUSHER	13	6	1	8.00	0.00	0	0	0	0	0	1.00	1.00	1	20	54	2
ROUND	PHASE	PLAYER_ID	ENTITY_ID	CHASSIS	MODEL	TYPE	ROLE	X	Y	FACING	MP	HEAT	PRONE	AIRBORNE	OFF_BOARD	CRIPPLED	DESTROYED	ARMOR_P	INTERNAL_P	DONE	MAX_RANGE	TOTAL_DAMAGE	TEAM_ID
2	OFFBOARD	0	1	Lightning	Lightning	BipedMek	SNIPER	21	9	4	8.00	0.00	0	0	0	0	0	1.00	1.00	1	24	37	1
2	OFFBOARD	0	2	Wraith	Wraith	BipedMek	SKIRMISHER	16	14	4	7.00	0.00	0	0	0	0	0	1.00	1.00	1	14	21	1
2	OFFBOARD	1	3	Blood Reaper	Blood Reaper	BipedMek	BRAWLER	11	8	1	8.00	0.00	0	0	0	0	0	1.00	1.00	1	28	76	2
2	OFFBOARD	1	4	Hunchback IIC	Hunchback IIC	BipedMek	AMBUSHER	13	6	1	8.00	0.00	0	0	0	0	0	1.00	1.00	1	20	54	2
2	0	1	BipedMek	SNIPER	21	9	4	1	3	BipedMek	BRAWLER	11	8	1	-1	NONE	2	-1	0	0	1	0	9.00	0	-1
ROUND	PLAYER_ID	ENTITY_ID	TYPE	ROLE	X	Y	FACING	TARGET_PLAYER_ID	TARGET_ID	TARGET_TYPE	TARGET_ROLE	TARGET_X	TARGET_Y	TARGET_FACING	AIMING_LOC	AIMING_MODE	WEAPON_ID	AMMO_ID	ATA	ATG	GTG	GTA	TO_HIT	TURNS_TO_HIT	SPOTTER_ID
2	1	3	BipedMek	BRAWLER	11	8	1	0	1	BipedMek	SNIPER	21	9	4	-1	NONE	3	-1	0	0	1	0	11.00	0	-1
2	1	3	BipedMek	BRAWLER	11	8	1	0	1	BipedMek	SNIPER	21	9	4	-1	NONE	7	-1	0	0	1	0	11.00	0	-1
2	1	3	BipedMek	BRAWLER	11	8	1	0	1	BipedMek	SNIPER	21	9	4	-1	NONE	5	-1	0	0	1	0	11.00	0	-1
2	1	3	BipedMek	BRAWLER	11	8	1	0	1	BipedMek	SNIPER	21	9	4	-1	NONE	9	-1	0	0	1	0	11.00	0	-1
ROUND	PHASE	PLAYER_ID	ENTITY_ID	CHASSIS	MODEL	TYPE	ROLE	X	Y	FACING	MP	HEAT	PRONE	AIRBORNE	OFF_BOARD	CRIPPLED	DESTROYED	ARMOR_P	INTERNAL_P	DONE	MAX_RANGE	TOTAL_DAMAGE	TEAM_ID
2	FIRING	0	1	Lightning	Lightning	BipedMek	SNIPER	21	9	4	8.00	0.00	0	0	0	0	0	1.00	1.00	1	24	37	1
2	FIRING	0	2	Wraith	Wraith	BipedMek	SKIRMISHER	16	14	4	7.00	0.00	0	0	0	0	0	1.00	1.00	1	14	21	1
2	FIRING	1	3	Blood Reaper	Blood Reaper	BipedMek	BRAWLER	11	8	1	8.00	0.00	0	0	0	0	0	0.93	1.00	1	20	76	2
2	FIRING	1	4	Hunchback IIC	Hunchback IIC	BipedMek	AMBUSHER	13	6	1	8.00	0.00	0	0	0	0	0	1.00	1.00	1	20	54	2
ROUND	PHASE	PLAYER_ID	ENTITY_ID	CHASSIS	MODEL	TYPE	ROLE	X	Y	FACING	MP	HEAT	PRONE	AIRBORNE	OFF_BOARD	CRIPPLED	DESTROYED	ARMOR_P	INTERNAL_P	DONE	MAX_RANGE	TOTAL_DAMAGE	TEAM_ID
3	TARGETING	0	1	Lightning	Lightning	BipedMek	SNIPER	21	9	4	5.00	0.00	0	0	0	0	0	1.00	1.00	1	24	37	1
3	TARGETING	0	2	Wraith	Wraith	BipedMek	SKIRMISHER	16	14	4	11.00	0.00	0	0	0	0	0	1.00	1.00	1	14	21	1
3	TARGETING	1	3	Blood Reaper	Blood Reaper	BipedMek	BRAWLER	11	8	1	6.00	4.00	0	0	0	0	0	0.93	1.00	1	28	76	2
3	TARGETING	1	4	Hunchback IIC	Hunchback IIC	BipedMek	AMBUSHER	13	6	1	4.00	0.00	0	0	0	0	0	1.00	1.00	1	20	54	2
PLAYER_ID	ENTITY_ID	CHASSIS	MODEL	FACING	FROM_X	FROM_Y	TO_X	TO_Y	HEXES_MOVED	DISTANCE	MP_USED	MAX_MP	MP_P	HEAT_P	ARMOR_P	INTERNAL_P	JUMPING	PRONE	LEGAL	STEPS	TEAM_ID	CHANCE_OF_FAILURE	IS_BOT
1	3	Blood Reaper	2	2	11	8	13	9	2	0	5	8	0.62	0.11	0.93	1.00	0	0	1	TURN_RIGHT FORWARDS FORWARDS	2	0.00	1
ROUND	PHASE	PLAYER_ID	ENTITY_ID	CHASSIS	MODEL	TYPE	ROLE	X	Y	FACING	MP	HEAT	PRONE	AIRBORNE	OFF_BOARD	CRIPPLED	DESTROYED	ARMOR_P	INTERNAL_P	DONE	MAX_RANGE	TOTAL_DAMAGE	TEAM_ID
3	MOVEMENT	0	1	Lightning	Lightning	BipedMek	SNIPER	21	9	4	5.00	0.00	0	0	0	0	0	1.00	1.00	0	24	37	1
3	MOVEMENT	0	2	Wraith	Wraith	BipedMek	SKIRMISHER	16	14	4	11.00	0.00	0	0	0	0	0	1.00	1.00	0	14	21	1
3	MOVEMENT	1	3	Blood Reaper	Blood Reaper	BipedMek	BRAWLER	13	9	2	6.00	4.00	0	0	0	0	0	0.93	1.00	1	28	76	2
3	MOVEMENT	1	4	Hunchback IIC	Hunchback IIC	BipedMek	AMBUSHER	13	6	1	4.00	0.00	0	0	0	0	0	1.00	1.00	0	20	54	2
PLAYER_ID	ENTITY_ID	CHASSIS	MODEL	FACING	FROM_X	FROM_Y	TO_X	TO_Y	HEXES_MOVED	DISTANCE	MP_USED	MAX_MP	MP_P	HEAT_P	ARMOR_P	INTERNAL_P	JUMPING	PRONE	LEGAL	STEPS	TEAM_ID	CHANCE_OF_FAILURE	IS_BOT
0	1	Lightning	LHN-C5	4	20	10	18	11	3	0	3	10	0.30	0.00	1.00	1.00	0	0	1	FORWARDS FORWARDS FORWARDS	1	0.00	0
ROUND	PHASE	PLAYER_ID	ENTITY_ID	CHASSIS	MODEL	TYPE	ROLE	X	Y	FACING	MP	HEAT	PRONE	AIRBORNE	OFF_BOARD	CRIPPLED	DESTROYED	ARMOR_P	INTERNAL_P	DONE	MAX_RANGE	TOTAL_DAMAGE	TEAM_ID
3	MOVEMENT	0	1	Lightning	Lightning	BipedMek	SNIPER	18	11	4	5.00	0.00	0	0	0	0	0	1.00	1.00	1	24	37	1
3	MOVEMENT	0	2	Wraith	Wraith	BipedMek	SKIRMISHER	16	14	4	11.00	0.00	0	0	0	0	0	1.00	1.00	0	14	21	1
3	MOVEMENT	1	3	Blood Reaper	Blood Reaper	BipedMek	BRAWLER	13	9	2	6.00	4.00	0	0	0	0	0	0.93	1.00	1	28	76	2
3	MOVEMENT	1	4	Hunchback IIC	Hunchback IIC	BipedMek	AMBUSHER	13	6	1	4.00	0.00	0	0	0	0	0	1.00	1.00	0	20	54	2
PLAYER_ID	ENTITY_ID	CHASSIS	MODEL	FACING	FROM_X	FROM_Y	TO_X	TO_Y	HEXES_MOVED	DISTANCE	MP_USED	MAX_MP	MP_P	HEAT_P	ARMOR_P	INTERNAL_P	JUMPING	PRONE	LEGAL	STEPS	TEAM_ID	CHANCE_OF_FAILURE	IS_BOT
1	4	Hunchback IIC		2	13	6	15	8	3	0	6	8	0.75	0.00	1.00	1.00	0	0	1	TURN_RIGHT FORWARDS TURN_RIGHT FORWARDS TURN_LEFT FORWARDS	2	0.00	1
ROUND	PHASE	PLAYER_ID	ENTITY_ID	CHASSIS	MODEL	TYPE	ROLE	X	Y	FACING	MP	HEAT	PRONE	AIRBORNE	OFF_BOARD	CRIPPLED	DESTROYED	ARMOR_P	INTERNAL_P	DONE	MAX_RANGE	TOTAL_DAMAGE	TEAM_ID
3	MOVEMENT	0	1	Lightning	Lightning	BipedMek	SNIPER	18	11	4	5.00	0.00	0	0	0	0	0	1.00	1.00	1	24	37	1
3	MOVEMENT	0	2	Wraith	Wraith	BipedMek	SKIRMISHER	16	14	4	11.00	0.00	0	0	0	0	0	1.00	1.00	0	14	21	1
3	MOVEMENT	1	3	Blood Reaper	Blood Reaper	BipedMek	BRAWLER	13	9	2	6.00	4.00	0	0	0	0	0	0.93	1.00	1	28	76	2
3	MOVEMENT	1	4	Hunchback IIC	Hunchback IIC	BipedMek	AMBUSHER	15	8	2	4.00	0.00	0	0	0	0	0	1.00	1.00	1	20	54	2
PLAYER_ID	ENTITY_ID	CHASSIS	MODEL	FACING	FROM_X	FROM_Y	TO_X	TO_Y	HEXES_MOVED	DISTANCE	MP_USED	MAX_MP	MP_P	HEAT_P	ARMOR_P	INTERNAL_P	JUMPING	PRONE	LEGAL	STEPS	TEAM_ID	CHANCE_OF_FAILURE	IS_BOT
0	2	Wraith	TR1	2	16	14	14	8	7	0	7	7	1.00	0.00	1.00	1.00	1	0	1	START_JUMP TURN_RIGHT TURN_RIGHT FORWARDS FORWARDS FORWARDS FORWARDS FORWARDS TURN_LEFT FORWARDS FORWARDS TURN_LEFT TURN_LEFT TURN_LEFT	1	0.00	0
ROUND	PHASE	PLAYER_ID	ENTITY_ID	CHASSIS	MODEL	TYPE	ROLE	X	Y	FACING	MP	HEAT	PRONE	AIRBORNE	OFF_BOARD	CRIPPLED	DESTROYED	ARMOR_P	INTERNAL_P	DONE	MAX_RANGE	TOTAL_DAMAGE	TEAM_ID
3	MOVEMENT	0	1	Lightning	Lightning	BipedMek	SNIPER	18	11	4	5.00	0.00	0	0	0	0	0	1.00	1.00	1	24	37	1
3	MOVEMENT	0	2	Wraith	Wraith	BipedMek	SKIRMISHER	14	8	2	11.00	0.00	0	0	0	0	0	1.00	1.00	1	14	21	1
3	MOVEMENT	1	3	Blood Reaper	Blood Reaper	BipedMek	BRAWLER	13	9	2	6.00	4.00	0	0	0	0	0	0.93	1.00	1	28	76	2
3	MOVEMENT	1	4	Hunchback IIC	Hunchback IIC	BipedMek	AMBUSHER	15	8	2	4.00	0.00	0	0	0	0	0	1.00	1.00	1	20	54	2
ROUND	PHASE	PLAYER_ID	ENTITY_ID	CHASSIS	MODEL	TYPE	ROLE	X	Y	FACING	MP	HEAT	PRONE	AIRBORNE	OFF_BOARD	CRIPPLED	DESTROYED	ARMOR_P	INTERNAL_P	DONE	MAX_RANGE	TOTAL_DAMAGE	TEAM_ID
3	OFFBOARD	0	1	Lightning	Lightning	BipedMek	SNIPER	18	11	4	5.00	0.00	0	0	0	0	0	1.00	1.00	1	24	37	1
3	OFFBOARD	0	2	Wraith	Wraith	BipedMek	SKIRMISHER	14	8	2	11.00	0.00	0	0	0	0	0	1.00	1.00	1	14	21	1
3	OFFBOARD	1	3	Blood Reaper	Blood Reaper	BipedMek	BRAWLER	13	9	2	6.00	4.00	0	0	0	0	0	0.93	1.00	1	28	76	2
3	OFFBOARD	1	4	Hunchback IIC	Hunchback IIC	BipedMek	AMBUSHER	15	8	2	4.00	0.00	0	0	0	0	0	1.00	1.00	1	20	54	2
ROUND	PLAYER_ID	ENTITY_ID	TYPE	ROLE	X	Y	FACING	TARGET_PLAYER_ID	TARGET_ID	TARGET_TYPE	TARGET_ROLE	TARGET_X	TARGET_Y	TARGET_FACING	AIMING_LOC	AIMING_MODE	WEAPON_ID	AMMO_ID	ATA	ATG	GTG	GTA	TO_HIT	TURNS_TO_HIT	SPOTTER_ID
3	1	4	BipedMek	AMBUSHER	15	8	2	0	1	BipedMek	SNIPER	18	11	4	-1	NONE	10	11	0	0	1	0	7.00	0	-1
3	1	4	BipedMek	AMBUSHER	15	8	2	0	1	BipedMek	SNIPER	18	11	4	-1	NONE	12	11	0	0	1	0	7.00	0	-1
3	1	4	BipedMek	AMBUSHER	15	8	2	0	1	BipedMek	SNIPER	18	11	4	-1	NONE	14	-1	0	0	1	0	7.00	0	-1
3	1	4	BipedMek	AMBUSHER	15	8	2	0	1	BipedMek	SNIPER	18	11	4	-1	NONE	15	-1	0	0	1	0	7.00	0	-1
3	0	1	BipedMek	SNIPER	18	11	4	1	3	BipedMek	BRAWLER	13	9	2	-1	NONE	6	3	0	0	1	0	5.00	0	-1
3	0	1	BipedMek	SNIPER	18	11	4	1	3	BipedMek	BRAWLER	13	9	2	-1	NONE	2	-1	0	0	1	0	5.00	0	-1
ROUND	PLAYER_ID	ENTITY_ID	TYPE	ROLE	X	Y	FACING	TARGET_PLAYER_ID	TARGET_ID	TARGET_TYPE	TARGET_ROLE	TARGET_X	TARGET_Y	TARGET_FACING	AIMING_LOC	AIMING_MODE	WEAPON_ID	AMMO_ID	ATA	ATG	GTG	GTA	TO_HIT	TURNS_TO_HIT	SPOTTER_ID
3	1	3	BipedMek	BRAWLER	13	9	2	0	1	BipedMek	SNIPER	18	11	4	-1	NONE	3	-1	0	0	1	0	7.00	0	-1
3	1	3	BipedMek	BRAWLER	13	9	2	0	1	BipedMek	SNIPER	18	11	4	-1	NONE	7	-1	0	0	1	0	7.00	0	-1
3	1	3	BipedMek	BRAWLER	13	9	2	0	1	BipedMek	SNIPER	18	11	4	-1	NONE	5	-1	0	0	1	0	7.00	0	-1
3	1	3	BipedMek	BRAWLER	13	9	2	0	1	BipedMek	SNIPER	18	11	4	-1	NONE	9	-1	0	0	1	0	7.00	0	-1
ROUND	PLAYER_ID	ENTITY_ID	TYPE	ROLE	X	Y	FACING	TARGET_PLAYER_ID	TARGET_ID	TARGET_TYPE	TARGET_ROLE	TARGET_X	TARGET_Y	TARGET_FACING	AIMING_LOC	AIMING_MODE	WEAPON_ID	AMMO_ID	ATA	ATG	GTG	GTA	TO_HIT	TURNS_TO_HIT	SPOTTER_ID
3	0	2	BipedMek	SKIRMISHER	14	8	2	1	4	BipedMek	AMBUSHER	15	8	2	-1	NONE	4	-1	0	0	1	0	6.00	0	-1
3	0	2	BipedMek	SKIRMISHER	14	8	2	1	4	BipedMek	AMBUSHER	15	8	2	-1	NONE	1	-1	0	0	1	0	6.00	0	-1
ROUND	PHASE	PLAYER_ID	ENTITY_ID	CHASSIS	MODEL	TYPE	ROLE	X	Y	FACING	MP	HEAT	PRONE	AIRBORNE	OFF_BOARD	CRIPPLED	DESTROYED	ARMOR_P	INTERNAL_P	DONE	MAX_RANGE	TOTAL_DAMAGE	TEAM_ID
3	FIRING	0	1	Lightning	Lightning	BipedMek	SNIPER	18	11	4	5.00	0.00	0	0	0	0	0	0.64	0.94	1	0	37	1
3	FIRING	0	2	Wraith	Wraith	BipedMek	SKIRMISHER	14	8	2	11.00	0.00	0	0	0	0	0	1.00	1.00	1	8	21	1
3	FIRING	1	3	Blood Reaper	Blood Reaper	BipedMek	BRAWLER	13	9	2	6.00	4.00	0	0	0	0	0	0.79	0.93	1	20	76	2
3	FIRING	1	4	Hunchback IIC	Hunchback IIC	BipedMek	AMBUSHER	15	8	2	4.00	0.00	0	0	0	0	0	0.91	1.00	1	0	54	2
ROUND	PLAYER_ID	ENTITY_ID	TYPE	ROLE	X	Y	FACING	TARGET_PLAYER_ID	TARGET_ID	TARGET_TYPE	TARGET_ROLE	TARGET_X	TARGET_Y	TARGET_FACING	AIMING_LOC	AIMING_MODE	WEAPON_ID	AMMO_ID	ATA	ATG	GTG	GTA	TO_HIT	TURNS_TO_HIT	SPOTTER_ID
3	0	2	BipedMek	SKIRMISHER	14	8	2	1	4	BipedMek	AMBUSHER	15	8	2	-1	NONE	-1	-1	0	0	0	0	0	0	-1
ROUND	PHASE	PLAYER_ID	ENTITY_ID	CHASSIS	MODEL	TYPE	ROLE	X	Y	FACING	MP	HEAT	PRONE	AIRBORNE	OFF_BOARD	CRIPPLED	DESTROYED	ARMOR_P	INTERNAL_P	DONE	MAX_RANGE	TOTAL_DAMAGE	TEAM_ID
4	TARGETING	0	1	Lightning	Lightning	BipedMek	SNIPER	18	11	4	3.00	0.00	0	0	0	0	0	0.64	0.94	1	24	37	1
4	TARGETING	0	2	Wraith	Wraith	BipedMek	SKIRMISHER	14	8	2	7.00	1.00	0	0	0	0	0	1.00	1.00	1	14	21	1
4	TARGETING	1	3	Blood Reaper	Blood Reaper	BipedMek	BRAWLER	13	9	2	5.00	8.00	0	0	0	0	0	0.79	0.93	1	28	76	2
4	TARGETING	1	4	Hunchback IIC	Hunchback IIC	BipedMek	AMBUSHER	15	8	2	6.00	16.00	0	0	0	0	0	0.79	1.00	1	20	54	2
PLAYER_ID	ENTITY_ID	CHASSIS	MODEL	FACING	FROM_X	FROM_Y	TO_X	TO_Y	HEXES_MOVED	DISTANCE	MP_USED	MAX_MP	MP_P	HEAT_P	ARMOR_P	INTERNAL_P	JUMPING	PRONE	LEGAL	STEPS	TEAM_ID	CHANCE_OF_FAILURE	IS_BOT
1	4	Hunchback IIC		2	15	8	13	8	2	0	2	4	0.50	0.67	0.79	1.00	1	0	1	START_JUMP TURN_RIGHT TURN_RIGHT TURN_RIGHT FORWARDS TURN_LEFT FORWARDS TURN_LEFT TURN_LEFT	2	0.00	1
ROUND	PHASE	PLAYER_ID	ENTITY_ID	CHASSIS	MODEL	TYPE	ROLE	X	Y	FACING	MP	HEAT	PRONE	AIRBORNE	OFF_BOARD	CRIPPLED	DESTROYED	ARMOR_P	INTERNAL_P	DONE	MAX_RANGE	TOTAL_DAMAGE	TEAM_ID
4	MOVEMENT	0	1	Lightning	Lightning	BipedMek	SNIPER	18	11	4	3.00	0.00	0	0	0	0	0	0.64	0.94	0	24	37	1
4	MOVEMENT	0	2	Wraith	Wraith	BipedMek	SKIRMISHER	14	8	2	7.00	1.00	0	0	0	0	0	1.00	1.00	0	14	21	1
4	MOVEMENT	1	3	Blood Reaper	Blood Reaper	BipedMek	BRAWLER	13	9	2	5.00	8.00	0	0	0	0	0	0.79	0.93	0	28	76	2
4	MOVEMENT	1	4	Hunchback IIC	Hunchback IIC	BipedMek	AMBUSHER	13	8	2	6.00	16.00	0	0	0	0	0	0.79	1.00	1	20	54	2
PLAYER_ID	ENTITY_ID	CHASSIS	MODEL	FACING	FROM_X	FROM_Y	TO_X	TO_Y	HEXES_MOVED	DISTANCE	MP_USED	MAX_MP	MP_P	HEAT_P	ARMOR_P	INTERNAL_P	JUMPING	PRONE	LEGAL	STEPS	TEAM_ID	CHANCE_OF_FAILURE	IS_BOT
0	1	Lightning	LHN-C5	5	18	11	22	13	4	0	5	5	1.00	0.00	0.64	0.94	0	0	1	TURN_RIGHT BACKWARDS BACKWARDS BACKWARDS BACKWARDS	1	0.00	0
ROUND	PHASE	PLAYER_ID	ENTITY_ID	CHASSIS	MODEL	TYPE	ROLE	X	Y	FACING	MP	HEAT	PRONE	AIRBORNE	OFF_BOARD	CRIPPLED	DESTROYED	ARMOR_P	INTERNAL_P	DONE	MAX_RANGE	TOTAL_DAMAGE	TEAM_ID
4	MOVEMENT	0	1	Lightning	Lightning	BipedMek	SNIPER	22	13	5	3.00	0.00	0	0	0	0	0	0.64	0.94	1	24	37	1
4	MOVEMENT	0	2	Wraith	Wraith	BipedMek	SKIRMISHER	14	8	2	7.00	1.00	0	0	0	0	0	1.00	1.00	0	14	21	1
4	MOVEMENT	1	3	Blood Reaper	Blood Reaper	BipedMek	BRAWLER	13	9	2	5.00	8.00	0	0	0	0	0	0.79	0.93	0	28	76	2
4	MOVEMENT	1	4	Hunchback IIC	Hunchback IIC	BipedMek	AMBUSHER	13	8	2	6.00	16.00	0	0	0	0	0	0.79	1.00	1	20	54	2
PLAYER_ID	ENTITY_ID	CHASSIS	MODEL	FACING	FROM_X	FROM_Y	TO_X	TO_Y	HEXES_MOVED	DISTANCE	MP_USED	MAX_MP	MP_P	HEAT_P	ARMOR_P	INTERNAL_P	JUMPING	PRONE	LEGAL	STEPS	TEAM_ID	CHANCE_OF_FAILURE	IS_BOT
1	3	Blood Reaper	2	2	-1	-1	13	9	0	0	0	5	0.00	0.22	0.79	0.93	0	0	1		2	0.00	1
ROUND	PHASE	PLAYER_ID	ENTITY_ID	CHASSIS	MODEL	TYPE	ROLE	X	Y	FACING	MP	HEAT	PRONE	AIRBORNE	OFF_BOARD	CRIPPLED	DESTROYED	ARMOR_P	INTERNAL_P	DONE	MAX_RANGE	TOTAL_DAMAGE	TEAM_ID
4	MOVEMENT	0	1	Lightning	Lightning	BipedMek	SNIPER	22	13	5	3.00	0.00	0	0	0	0	0	0.64	0.94	1	24	37	1
4	MOVEMENT	0	2	Wraith	Wraith	BipedMek	SKIRMISHER	14	8	2	7.00	1.00	0	0	0	0	0	1.00	1.00	0	14	21	1
4	MOVEMENT	1	3	Blood Reaper	Blood Reaper	BipedMek	BRAWLER	13	9	2	5.00	8.00	0	0	0	0	0	0.79	0.93	1	28	76	2
4	MOVEMENT	1	4	Hunchback IIC	Hunchback IIC	BipedMek	AMBUSHER	13	8	2	6.00	16.00	0	0	0	0	0	0.79	1.00	1	20	54	2
PLAYER_ID	ENTITY_ID	CHASSIS	MODEL	FACING	FROM_X	FROM_Y	TO_X	TO_Y	HEXES_MOVED	DISTANCE	MP_USED	MAX_MP	MP_P	HEAT_P	ARMOR_P	INTERNAL_P	JUMPING	PRONE	LEGAL	STEPS	TEAM_ID	CHANCE_OF_FAILURE	IS_BOT
0	2	Wraith	TR1	4	15	8	15	13	7	0	11	14	0.79	0.05	1.00	1.00	0	0	1	FORWARDS TURN_RIGHT FORWARDS TURN_LEFT FORWARDS TURN_RIGHT FORWARDS FORWARDS FORWARDS TURN_RIGHT FORWARDS	1	0.00	0
ROUND	PHASE	PLAYER_ID	ENTITY_ID	CHASSIS	MODEL	TYPE	ROLE	X	Y	FACING	MP	HEAT	PRONE	AIRBORNE	OFF_BOARD	CRIPPLED	DESTROYED	ARMOR_P	INTERNAL_P	DONE	MAX_RANGE	TOTAL_DAMAGE	TEAM_ID
4	MOVEMENT	0	1	Lightning	Lightning	BipedMek	SNIPER	22	13	5	3.00	0.00	0	0	0	0	0	0.64	0.94	1	24	37	1
4	MOVEMENT	0	2	Wraith	Wraith	BipedMek	SKIRMISHER	15	13	4	7.00	1.00	0	0	0	0	0	1.00	1.00	1	14	21	1
4	MOVEMENT	1	3	Blood Reaper	Blood Reaper	BipedMek	BRAWLER	13	9	2	5.00	8.00	0	0	0	0	0	0.79	0.93	1	28	76	2
4	MOVEMENT	1	4	Hunchback IIC	Hunchback IIC	BipedMek	AMBUSHER	13	8	2	6.00	16.00	0	0	0	0	0	0.79	1.00	1	20	54	2
ROUND	PHASE	PLAYER_ID	ENTITY_ID	CHASSIS	MODEL	TYPE	ROLE	X	Y	FACING	MP	HEAT	PRONE	AIRBORNE	OFF_BOARD	CRIPPLED	DESTROYED	ARMOR_P	INTERNAL_P	DONE	MAX_RANGE	TOTAL_DAMAGE	TEAM_ID
4	OFFBOARD	0	1	Lightning	Lightning	BipedMek	SNIPER	22	13	5	3.00	0.00	0	0	0	0	0	0.64	0.94	1	24	37	1
4	OFFBOARD	0	2	Wraith	Wraith	BipedMek	SKIRMISHER	15	13	4	7.00	1.00	0	0	0	0	0	1.00	1.00	1	14	21	1
4	OFFBOARD	1	3	Blood Reaper	Blood Reaper	BipedMek	BRAWLER	13	9	2	5.00	8.00	0	0	0	0	0	0.79	0.93	1	28	76	2
4	OFFBOARD	1	4	Hunchback IIC	Hunchback IIC	BipedMek	AMBUSHER	13	8	2	6.00	16.00	0	0	0	0	0	0.79	1.00	1	20	54	2
ROUND	PLAYER_ID	ENTITY_ID	TYPE	ROLE	X	Y	FACING	TARGET_PLAYER_ID	TARGET_ID	TARGET_TYPE	TARGET_ROLE	TARGET_X	TARGET_Y	TARGET_FACING	AIMING_LOC	AIMING_MODE	WEAPON_ID	AMMO_ID	ATA	ATG	GTG	GTA	TO_HIT	TURNS_TO_HIT	SPOTTER_ID
4	0	1	BipedMek	SNIPER	22	13	5	1	3	BipedMek	BRAWLER	13	9	2	-1	NONE	6	3	0	0	1	0	7.00	0	-1
4	0	1	BipedMek	SNIPER	22	13	5	1	3	BipedMek	BRAWLER	13	9	2	-1	NONE	2	-1	0	0	1	0	7.00	0	-1
ROUND	PLAYER_ID	ENTITY_ID	TYPE	ROLE	X	Y	FACING	TARGET_PLAYER_ID	TARGET_ID	TARGET_TYPE	TARGET_ROLE	TARGET_X	TARGET_Y	TARGET_FACING	AIMING_LOC	AIMING_MODE	WEAPON_ID	AMMO_ID	ATA	ATG	GTG	GTA	TO_HIT	TURNS_TO_HIT	SPOTTER_ID
4	1	3	BipedMek	BRAWLER	13	9	2	0	1	BipedMek	SNIPER	22	13	5	-1	NONE	3	-1	0	0	1	0	8.00	0	-1
4	1	3	BipedMek	BRAWLER	13	9	2	0	1	BipedMek	SNIPER	22	13	5	-1	NONE	5	-1	0	0	1	0	8.00	0	-1
4	1	3	BipedMek	BRAWLER	13	9	2	0	1	BipedMek	SNIPER	22	13	5	-1	NONE	9	-1	0	0	1	0	8.00	0	-1
4	1	3	BipedMek	BRAWLER	13	9	2	0	1	BipedMek	SNIPER	22	13	5	-1	NONE	12	15	0	0	1	0	6.00	0	-1
4	1	3	BipedMek	BRAWLER	13	9	2	0	1	BipedMek	SNIPER	22	13	5	-1	NONE	18	15	0	0	1	0	6.00	0	-1
ROUND	PHASE	PLAYER_ID	ENTITY_ID	CHASSIS	MODEL	TYPE	ROLE	X	Y	FACING	MP	HEAT	PRONE	AIRBORNE	OFF_BOARD	CRIPPLED	DESTROYED	ARMOR_P	INTERNAL_P	DONE	MAX_RANGE	TOTAL_DAMAGE	TEAM_ID
4	FIRING	0	1	Lightning	Lightning	BipedMek	SNIPER	22	13	5	3.00	0.00	0	0	0	1	0	0.40	0.65	1	0	37	1
4	FIRING	0	2	Wraith	Wraith	BipedMek	SKIRMISHER	15	13	4	7.00	1.00	0	0	0	0	0	1.00	1.00	1	14	21	1
4	FIRING	1	3	Blood Reaper	Blood Reaper	BipedMek	BRAWLER	13	9	2	5.00	8.00	0	0	0	0	0	0.72	0.93	1	28	76	2
4	FIRING	1	4	Hunchback IIC	Hunchback IIC	BipedMek	AMBUSHER	13	8	2	6.00	16.00	0	0	0	0	0	0.79	1.00	1	20	54	2
ROUND	PHASE	PLAYER_ID	ENTITY_ID	CHASSIS	MODEL	TYPE	ROLE	X	Y	FACING	MP	HEAT	PRONE	AIRBORNE	OFF_BOARD	CRIPPLED	DESTROYED	ARMOR_P	INTERNAL_P	DONE	MAX_RANGE	TOTAL_DAMAGE	TEAM_ID
5	TARGETING	0	2	Wraith	Wraith	BipedMek	SKIRMISHER	15	13	4	11.00	0.00	0	0	0	0	0	1.00	1.00	1	14	21	1
5	TARGETING	1	3	Blood Reaper	Blood Reaper	BipedMek	BRAWLER	13	9	2	0.00	3.00	0	0	0	0	0	0.72	0.93	1	28	76	2
5	TARGETING	1	4	Hunchback IIC	Hunchback IIC	BipedMek	AMBUSHER	13	8	2	2.00	0.00	0	0	0	0	0	0.79	1.00	1	20	54	2
PLAYER_ID	ENTITY_ID	CHASSIS	MODEL	FACING	FROM_X	FROM_Y	TO_X	TO_Y	HEXES_MOVED	DISTANCE	MP_USED	MAX_MP	MP_P	HEAT_P	ARMOR_P	INTERNAL_P	JUMPING	PRONE	LEGAL	STEPS	TEAM_ID	CHANCE_OF_FAILURE	IS_BOT
0	2	Wraith	TR1	1	15	13	8	11	7	0	7	7	1.00	0.00	1.00	1.00	1	0	1	START_JUMP TURN_RIGHT FORWARDS FORWARDS FORWARDS TURN_LEFT FORWARDS TURN_RIGHT FORWARDS FORWARDS FORWARDS TURN_RIGHT TURN_RIGHT	1	0.00	0
ROUND	PHASE	PLAYER_ID	ENTITY_ID	CHASSIS	MODEL	TYPE	ROLE	X	Y	FACING	MP	HEAT	PRONE	AIRBORNE	OFF_BOARD	CRIPPLED	DESTROYED	ARMOR_P	INTERNAL_P	DONE	MAX_RANGE	TOTAL_DAMAGE	TEAM_ID
5	MOVEMENT	0	2	Wraith	Wraith	BipedMek	SKIRMISHER	8	11	1	11.00	0.00	0	0	0	0	0	1.00	1.00	1	14	21	1
5	MOVEMENT	1	3	Blood Reaper	Blood Reaper	BipedMek	BRAWLER	13	9	2	0.00	3.00	0	0	0	0	0	0.72	0.93	0	28	76	2
5	MOVEMENT	1	4	Hunchback IIC	Hunchback IIC	BipedMek	AMBUSHER	13	8	2	2.00	0.00	0	0	0	0	0	0.79	1.00	0	20	54	2
PLAYER_ID	ENTITY_ID	CHASSIS	MODEL	FACING	FROM_X	FROM_Y	TO_X	TO_Y	HEXES_MOVED	DISTANCE	MP_USED	MAX_MP	MP_P	HEAT_P	ARMOR_P	INTERNAL_P	JUMPING	PRONE	LEGAL	STEPS	TEAM_ID	CHANCE_OF_FAILURE	IS_BOT
1	4	Hunchback IIC		4	13	8	12	9	1	0	3	8	0.38	0.00	0.79	1.00	0	0	1	TURN_RIGHT TURN_RIGHT FORWARDS	2	0.00	1
ROUND	PHASE	PLAYER_ID	ENTITY_ID	CHASSIS	MODEL	TYPE	ROLE	X	Y	FACING	MP	HEAT	PRONE	AIRBORNE	OFF_BOARD	CRIPPLED	DESTROYED	ARMOR_P	INTERNAL_P	DONE	MAX_RANGE	TOTAL_DAMAGE	TEAM_ID
5	MOVEMENT	0	2	Wraith	Wraith	BipedMek	SKIRMISHER	8	11	1	11.00	0.00	0	0	0	0	0	1.00	1.00	1	14	21	1
5	MOVEMENT	1	3	Blood Reaper	Blood Reaper	BipedMek	BRAWLER	13	9	2	0.00	3.00	0	0	0	0	0	0.72	0.93	0	28	76	2
5	MOVEMENT	1	4	Hunchback IIC	Hunchback IIC	BipedMek	AMBUSHER	12	9	4	2.00	0.00	0	0	0	0	0	0.79	1.00	1	20	54	2
PLAYER_ID	ENTITY_ID	CHASSIS	MODEL	FACING	FROM_X	FROM_Y	TO_X	TO_Y	HEXES_MOVED	DISTANCE	MP_USED	MAX_MP	MP_P	HEAT_P	ARMOR_P	INTERNAL_P	JUMPING	PRONE	LEGAL	STEPS	TEAM_ID	CHANCE_OF_FAILURE	IS_BOT
1	3	Blood Reaper	2	5	13	9	13	8	1	0	6	8	0.75	0.08	0.72	0.93	0	0	1	TURN_LEFT TURN_LEFT FORWARDS TURN_LEFT	2	0.00	1
ROUND	PHASE	PLAYER_ID	ENTITY_ID	CHASSIS	MODEL	TYPE	ROLE	X	Y	FACING	MP	HEAT	PRONE	AIRBORNE	OFF_BOARD	CRIPPLED	DESTROYED	ARMOR_P	INTERNAL_P	DONE	MAX_RANGE	TOTAL_DAMAGE	TEAM_ID
5	MOVEMENT	0	2	Wraith	Wraith	BipedMek	SKIRMISHER	8	11	1	11.00	0.00	0	0	0	0	0	1.00	1.00	1	14	21	1
5	MOVEMENT	1	3	Blood Reaper	Blood Reaper	BipedMek	BRAWLER	13	8	5	0.00	3.00	0	0	0	0	0	0.72	0.93	1	28	76	2
5	MOVEMENT	1	4	Hunchback IIC	Hunchback IIC	BipedMek	AMBUSHER	12	9	4	2.00	0.00	0	0	0	0	0	0.79	1.00	1	20	54	2
ROUND	PHASE	PLAYER_ID	ENTITY_ID	CHASSIS	MODEL	TYPE	ROLE	X	Y	FACING	MP	HEAT	PRONE	AIRBORNE	OFF_BOARD	CRIPPLED	DESTROYED	ARMOR_P	INTERNAL_P	DONE	MAX_RANGE	TOTAL_DAMAGE	TEAM_ID
5	OFFBOARD	0	2	Wraith	Wraith	BipedMek	SKIRMISHER	8	11	1	11.00	0.00	0	0	0	0	0	1.00	1.00	1	14	21	1
5	OFFBOARD	1	3	Blood Reaper	Blood Reaper	BipedMek	BRAWLER	13	8	5	0.00	3.00	0	0	0	0	0	0.72	0.93	1	28	76	2
5	OFFBOARD	1	4	Hunchback IIC	Hunchback IIC	BipedMek	AMBUSHER	12	9	4	2.00	0.00	0	0	0	0	0	0.79	1.00	1	20	54	2
ROUND	PLAYER_ID	ENTITY_ID	TYPE	ROLE	X	Y	FACING	TARGET_PLAYER_ID	TARGET_ID	TARGET_TYPE	TARGET_ROLE	TARGET_X	TARGET_Y	TARGET_FACING	AIMING_LOC	AIMING_MODE	WEAPON_ID	AMMO_ID	ATA	ATG	GTG	GTA	TO_HIT	TURNS_TO_HIT	SPOTTER_ID
5	0	2	BipedMek	SKIRMISHER	8	11	1	1	4	BipedMek	AMBUSHER	12	9	4	-1	NONE	4	-1	0	0	1	0	7.00	0	-1
ROUND	PLAYER_ID	ENTITY_ID	TYPE	ROLE	X	Y	FACING	TARGET_PLAYER_ID	TARGET_ID	TARGET_TYPE	TARGET_ROLE	TARGET_X	TARGET_Y	TARGET_FACING	AIMING_LOC	AIMING_MODE	WEAPON_ID	AMMO_ID	ATA	ATG	GTG	GTA	TO_HIT	TURNS_TO_HIT	SPOTTER_ID
5	1	4	BipedMek	AMBUSHER	12	9	4	0	2	BipedMek	SKIRMISHER	8	11	1	-1	NONE	10	11	0	0	1	0	9.00	0	-1
5	1	4	BipedMek	AMBUSHER	12	9	4	0	2	BipedMek	SKIRMISHER	8	11	1	-1	NONE	12	11	0	0	1	0	9.00	0	-1
5	1	4	BipedMek	AMBUSHER	12	9	4	0	2	BipedMek	SKIRMISHER	8	11	1	-1	NONE	14	-1	0	0	1	0	9.00	0	-1
5	1	4	BipedMek	AMBUSHER	12	9	4	0	2	BipedMek	SKIRMISHER	8	11	1	-1	NONE	15	-1	0	0	1	0	9.00	0	-1
ROUND	PLAYER_ID	ENTITY_ID	TYPE	ROLE	X	Y	FACING	TARGET_PLAYER_ID	TARGET_ID	TARGET_TYPE	TARGET_ROLE	TARGET_X	TARGET_Y	TARGET_FACING	AIMING_LOC	AIMING_MODE	WEAPON_ID	AMMO_ID	ATA	ATG	GTG	GTA	TO_HIT	TURNS_TO_HIT	SPOTTER_ID
5	1	3	BipedMek	BRAWLER	13	8	5	0	2	BipedMek	SKIRMISHER	8	11	1	-1	NONE	3	-1	0	0	1	0	10.00	0	-1
5	1	3	BipedMek	BRAWLER	13	8	5	0	2	BipedMek	SKIRMISHER	8	11	1	-1	NONE	7	-1	0	0	1	0	10.00	0	-1
5	1	3	BipedMek	BRAWLER	13	8	5	0	2	BipedMek	SKIRMISHER	8	11	1	-1	NONE	5	-1	0	0	1	0	10.00	0	-1
5	1	3	BipedMek	BRAWLER	13	8	5	0	2	BipedMek	SKIRMISHER	8	11	1	-1	NONE	9	-1	0	0	1	0	10.00	0	-1
ROUND	PHASE	PLAYER_ID	ENTITY_ID	CHASSIS	MODEL	TYPE	ROLE	X	Y	FACING	MP	HEAT	PRONE	AIRBORNE	OFF_BOARD	CRIPPLED	DESTROYED	ARMOR_P	INTERNAL_P	DONE	MAX_RANGE	TOTAL_DAMAGE	TEAM_ID
5	FIRING	0	2	Wraith	Wraith	BipedMek	SKIRMISHER	8	11	1	11.00	0.00	0	0	0	0	0	0.73	1.00	1	8	21	1
5	FIRING	1	3	Blood Reaper	Blood Reaper	BipedMek	BRAWLER	13	8	5	0.00	3.00	0	0	0	0	0	0.72	0.93	1	20	76	2
5	FIRING	1	4	Hunchback IIC	Hunchback IIC	BipedMek	AMBUSHER	12	9	4	2.00	0.00	0	0	0	0	0	0.70	1.00	1	0	54	2
ROUND	PHASE	PLAYER_ID	ENTITY_ID	CHASSIS	MODEL	TYPE	ROLE	X	Y	FACING	MP	HEAT	PRONE	AIRBORNE	OFF_BOARD	CRIPPLED	DESTROYED	ARMOR_P	INTERNAL_P	DONE	MAX_RANGE	TOTAL_DAMAGE	TEAM_ID
6	TARGETING	0	2	Wraith	Wraith	BipedMek	SKIRMISHER	8	11	1	7.00	0.00	0	0	0	0	0	0.73	1.00	1	14	21	1
6	TARGETING	1	3	Blood Reaper	Blood Reaper	BipedMek	BRAWLER	13	8	5	6.00	7.00	0	0	0	0	0	0.72	0.93	1	28	76	2
6	TARGETING	1	4	Hunchback IIC	Hunchback IIC	BipedMek	AMBUSHER	12	9	4	3.00	1.00	0	0	0	0	0	0.70	1.00	1	20	54	2
PLAYER_ID	ENTITY_ID	CHASSIS	MODEL	FACING	FROM_X	FROM_Y	TO_X	TO_Y	HEXES_MOVED	DISTANCE	MP_USED	MAX_MP	MP_P	HEAT_P	ARMOR_P	INTERNAL_P	JUMPING	PRONE	LEGAL	STEPS	TEAM_ID	CHANCE_OF_FAILURE	IS_BOT
0	2	Wraith	TR1	0	8	11	15	14	7	0	7	7	1.00	0.00	0.73	1.00	1	0	1	START_JUMP TURN_RIGHT FORWARDS FORWARDS FORWARDS FORWARDS FORWARDS FORWARDS FORWARDS TURN_LEFT TURN_LEFT	1	0.00	0
ROUND	PHASE	PLAYER_ID	ENTITY_ID	CHASSIS	MODEL	TYPE	ROLE	X	Y	FACING	MP	HEAT	PRONE	AIRBORNE	OFF_BOARD	CRIPPLED	DESTROYED	ARMOR_P	INTERNAL_P	DONE	MAX_RANGE	TOTAL_DAMAGE	TEAM_ID
6	MOVEMENT	0	2	Wraith	Wraith	BipedMek	SKIRMISHER	15	14	0	7.00	0.00	0	0	0	0	0	0.73	1.00	1	14	21	1
6	MOVEMENT	1	3	Blood Reaper	Blood Reaper	BipedMek	BRAWLER	13	8	5	6.00	7.00	0	0	0	0	0	0.72	0.93	0	28	76	2
6	MOVEMENT	1	4	Hunchback IIC	Hunchback IIC	BipedMek	AMBUSHER	12	9	4	3.00	1.00	0	0	0	0	0	0.70	1.00	0	20	54	2
PLAYER_ID	ENTITY_ID	CHASSIS	MODEL	FACING	FROM_X	FROM_Y	TO_X	TO_Y	HEXES_MOVED	DISTANCE	MP_USED	MAX_MP	MP_P	HEAT_P	ARMOR_P	INTERNAL_P	JUMPING	PRONE	LEGAL	STEPS	TEAM_ID	CHANCE_OF_FAILURE	IS_BOT
1	4	Hunchback IIC		1	12	9	10	9	2	0	2	4	0.50	0.04	0.70	1.00	1	0	1	START_JUMP FORWARDS TURN_RIGHT FORWARDS TURN_RIGHT TURN_RIGHT	2	0.00	1
ROUND	PHASE	PLAYER_ID	ENTITY_ID	CHASSIS	MODEL	TYPE	ROLE	X	Y	FACING	MP	HEAT	PRONE	AIRBORNE	OFF_BOARD	CRIPPLED	DESTROYED	ARMOR_P	INTERNAL_P	DONE	MAX_RANGE	TOTAL_DAMAGE	TEAM_ID
6	MOVEMENT	0	2	Wraith	Wraith	BipedMek	SKIRMISHER	15	14	0	7.00	0.00	0	0	0	0	0	0.73	1.00	1	14	21	1
6	MOVEMENT	1	3	Blood Reaper	Blood Reaper	BipedMek	BRAWLER	13	8	5	6.00	7.00	0	0	0	0	0	0.72	0.93	0	28	76	2
6	MOVEMENT	1	4	Hunchback IIC	Hunchback IIC	BipedMek	AMBUSHER	10	9	1	3.00	1.00	0	0	0	0	0	0.70	1.00	1	20	54	2
PLAYER_ID	ENTITY_ID	CHASSIS	MODEL	FACING	FROM_X	FROM_Y	TO_X	TO_Y	HEXES_MOVED	DISTANCE	MP_USED	MAX_MP	MP_P	HEAT_P	ARMOR_P	INTERNAL_P	JUMPING	PRONE	LEGAL	STEPS	TEAM_ID	CHANCE_OF_FAILURE	IS_BOT
1	3	Blood Reaper	2	3	13	8	12	9	1	0	3	6	0.50	0.19	0.72	0.93	0	0	1	CLIMB_MODE_ON TURN_LEFT FORWARDS TURN_LEFT	2	0.00	1
ROUND	PHASE	PLAYER_ID	ENTITY_ID	CHASSIS	MODEL	TYPE	ROLE	X	Y	FACING	MP	HEAT	PRONE	AIRBORNE	OFF_BOARD	CRIPPLED	DESTROYED	ARMOR_P	INTERNAL_P	DONE	MAX_RANGE	TOTAL_DAMAGE	TEAM_ID
6	MOVEMENT	0	2	Wraith	Wraith	BipedMek	SKIRMISHER	15	14	0	7.00	0.00	0	0	0	0	0	0.73	1.00	1	14	21	1
6	MOVEMENT	1	3	Blood Reaper	Blood Reaper	BipedMek	BRAWLER	12	9	3	6.00	7.00	0	0	0	0	0	0.72	0.93	1	28	76	2
6	MOVEMENT	1	4	Hunchback IIC	Hunchback IIC	BipedMek	AMBUSHER	10	9	1	3.00	1.00	0	0	0	0	0	0.70	1.00	1	20	54	2
ROUND	PHASE	PLAYER_ID	ENTITY_ID	CHASSIS	MODEL	TYPE	ROLE	X	Y	FACING	MP	HEAT	PRONE	AIRBORNE	OFF_BOARD	CRIPPLED	DESTROYED	ARMOR_P	INTERNAL_P	DONE	MAX_RANGE	TOTAL_DAMAGE	TEAM_ID
6	OFFBOARD	0	2	Wraith	Wraith	BipedMek	SKIRMISHER	15	14	0	7.00	0.00	0	0	0	0	0	0.73	1.00	1	14	21	1
6	OFFBOARD	1	3	Blood Reaper	Blood Reaper	BipedMek	BRAWLER	12	9	3	6.00	7.00	0	0	0	0	0	0.72	0.93	1	28	76	2
6	OFFBOARD	1	4	Hunchback IIC	Hunchback IIC	BipedMek	AMBUSHER	10	9	1	3.00	1.00	0	0	0	0	0	0.70	1.00	1	20	54	2
ROUND	PHASE	PLAYER_ID	ENTITY_ID	CHASSIS	MODEL	TYPE	ROLE	X	Y	FACING	MP	HEAT	PRONE	AIRBORNE	OFF_BOARD	CRIPPLED	DESTROYED	ARMOR_P	INTERNAL_P	DONE	MAX_RANGE	TOTAL_DAMAGE	TEAM_ID
6	FIRING	0	2	Wraith	Wraith	BipedMek	SKIRMISHER	15	14	0	7.00	0.00	0	0	0	0	0	0.73	1.00	1	14	21	1
6	FIRING	1	3	Blood Reaper	Blood Reaper	BipedMek	BRAWLER	12	9	3	6.00	7.00	0	0	0	0	0	0.72	0.93	1	28	76	2
6	FIRING	1	4	Hunchback IIC	Hunchback IIC	BipedMek	AMBUSHER	10	9	1	3.00	1.00	0	0	0	0	0	0.70	1.00	1	20	54	2
ROUND	PHASE	PLAYER_ID	ENTITY_ID	CHASSIS	MODEL	TYPE	ROLE	X	Y	FACING	MP	HEAT	PRONE	AIRBORNE	OFF_BOARD	CRIPPLED	DESTROYED	ARMOR_P	INTERNAL_P	DONE	MAX_RANGE	TOTAL_DAMAGE	TEAM_ID
7	TARGETING	0	2	Wraith	Wraith	BipedMek	SKIRMISHER	15	14	0	7.00	0.00	0	0	0	0	0	0.73	1.00	1	14	21	1
7	TARGETING	1	3	Blood Reaper	Blood Reaper	BipedMek	BRAWLER	12	9	3	3.00	0.00	0	0	0	0	0	0.72	0.93	1	28	76	2
7	TARGETING	1	4	Hunchback IIC	Hunchback IIC	BipedMek	AMBUSHER	10	9	1	2.00	0.00	0	0	0	0	0	0.70	1.00	1	20	54	2
PLAYER_ID	ENTITY_ID	CHASSIS	MODEL	FACING	FROM_X	FROM_Y	TO_X	TO_Y	HEXES_MOVED	DISTANCE	MP_USED	MAX_MP	MP_P	HEAT_P	ARMOR_P	INTERNAL_P	JUMPING	PRONE	LEGAL	STEPS	TEAM_ID	CHANCE_OF_FAILURE	IS_BOT
1	4	Hunchback IIC		2	10	9	8	11	3	0	3	4	0.75	0.00	0.70	1.00	1	0	1	START_JUMP TURN_RIGHT TURN_RIGHT FORWARDS TURN_RIGHT FORWARDS FORWARDS TURN_LEFT TURN_LEFT	2	0.00	1
ROUND	PHASE	PLAYER_ID	ENTITY_ID	CHASSIS	MODEL	TYPE	ROLE	X	Y	FACING	MP	HEAT	PRONE	AIRBORNE	OFF_BOARD	CRIPPLED	DESTROYED	ARMOR_P	INTERNAL_P	DONE	MAX_RANGE	TOTAL_DAMAGE	TEAM_ID
7	MOVEMENT	0	2	Wraith	Wraith	BipedMek	SKIRMISHER	15	14	0	7.00	0.00	0	0	0	0	0	0.73	1.00	0	14	21	1
7	MOVEMENT	1	3	Blood Reaper	Blood Reaper	BipedMek	BRAWLER	12	9	3	3.00	0.00	0	0	0	0	0	0.72	0.93	0	28	76	2
7	MOVEMENT	1	4	Hunchback IIC	Hunchback IIC	BipedMek	AMBUSHER	8	11	2	2.00	0.00	0	0	0	0	0	0.70	1.00	1	20	54	2
PLAYER_ID	ENTITY_ID	CHASSIS	MODEL	FACING	FROM_X	FROM_Y	TO_X	TO_Y	HEXES_MOVED	DISTANCE	MP_USED	MAX_MP	MP_P	HEAT_P	ARMOR_P	INTERNAL_P	JUMPING	PRONE	LEGAL	STEPS	TEAM_ID	CHANCE_OF_FAILURE	IS_BOT
1	3	Blood Reaper	2	3	12	9	14	10	2	0	6	8	0.75	0.00	0.72	0.93	0	0	1	TURN_LEFT FORWARDS FORWARDS TURN_RIGHT	2	0.00	1
ROUND	PHASE	PLAYER_ID	ENTITY_ID	CHASSIS	MODEL	TYPE	ROLE	X	Y	FACING	MP	HEAT	PRONE	AIRBORNE	OFF_BOARD	CRIPPLED	DESTROYED	ARMOR_P	INTERNAL_P	DONE	MAX_RANGE	TOTAL_DAMAGE	TEAM_ID
7	MOVEMENT	0	2	Wraith	Wraith	BipedMek	SKIRMISHER	15	14	0	7.00	0.00	0	0	0	0	0	0.73	1.00	0	14	21	1
7	MOVEMENT	1	3	Blood Reaper	Blood Reaper	BipedMek	BRAWLER	14	10	3	3.00	0.00	0	0	0	0	0	0.72	0.93	1	28	76	2
7	MOVEMENT	1	4	Hunchback IIC	Hunchback IIC	BipedMek	AMBUSHER	8	11	2	2.00	0.00	0	0	0	0	0	0.70	1.00	1	20	54	2
PLAYER_ID	ENTITY_ID	CHASSIS	MODEL	FACING	FROM_X	FROM_Y	TO_X	TO_Y	HEXES_MOVED	DISTANCE	MP_USED	MAX_MP	MP_P	HEAT_P	ARMOR_P	INTERNAL_P	JUMPING	PRONE	LEGAL	STEPS	TEAM_ID	CHANCE_OF_FAILURE	IS_BOT
0	2	Wraith	TR1	5	15	14	18	15	3	0	6	7	0.86	0.00	0.73	1.00	0	0	1	TURN_LEFT TURN_LEFT BACKWARDS TURN_RIGHT BACKWARDS BACKWARDS	1	0.00	0
ROUND	PHASE	PLAYER_ID	ENTITY_ID	CHASSIS	MODEL	TYPE	ROLE	X	Y	FACING	MP	HEAT	PRONE	AIRBORNE	OFF_BOARD	CRIPPLED	DESTROYED	ARMOR_P	INTERNAL_P	DONE	MAX_RANGE	TOTAL_DAMAGE	TEAM_ID
7	MOVEMENT	0	2	Wraith	Wraith	BipedMek	SKIRMISHER	18	15	5	7.00	0.00	0	0	0	0	0	0.73	1.00	1	14	21	1
7	MOVEMENT	1	3	Blood Reaper	Blood Reaper	BipedMek	BRAWLER	14	10	3	3.00	0.00	0	0	0	0	0	0.72	0.93	1	28	76	2
7	MOVEMENT	1	4	Hunchback IIC	Hunchback IIC	BipedMek	AMBUSHER	8	11	2	2.00	0.00	0	0	0	0	0	0.70	1.00	1	20	54	2
ROUND	PHASE	PLAYER_ID	ENTITY_ID	CHASSIS	MODEL	TYPE	ROLE	X	Y	FACING	MP	HEAT	PRONE	AIRBORNE	OFF_BOARD	CRIPPLED	DESTROYED	ARMOR_P	INTERNAL_P	DONE	MAX_RANGE	TOTAL_DAMAGE	TEAM_ID
7	OFFBOARD	0	2	Wraith	Wraith	BipedMek	SKIRMISHER	18	15	5	7.00	0.00	0	0	0	0	0	0.73	1.00	1	14	21	1
7	OFFBOARD	1	3	Blood Reaper	Blood Reaper	BipedMek	BRAWLER	14	10	3	3.00	0.00	0	0	0	0	0	0.72	0.93	1	28	76	2
7	OFFBOARD	1	4	Hunchback IIC	Hunchback IIC	BipedMek	AMBUSHER	8	11	2	2.00	0.00	0	0	0	0	0	0.70	1.00	1	20	54	2
ROUND	PLAYER_ID	ENTITY_ID	TYPE	ROLE	X	Y	FACING	TARGET_PLAYER_ID	TARGET_ID	TARGET_TYPE	TARGET_ROLE	TARGET_X	TARGET_Y	TARGET_FACING	AIMING_LOC	AIMING_MODE	WEAPON_ID	AMMO_ID	ATA	ATG	GTG	GTA	TO_HIT	TURNS_TO_HIT	SPOTTER_ID
7	1	4	BipedMek	AMBUSHER	8	11	2	0	2	BipedMek	SKIRMISHER	18	15	5	-1	NONE	14	-1	0	0	1	0	12.00	0	-1
7	1	4	BipedMek	AMBUSHER	8	11	2	0	2	BipedMek	SKIRMISHER	18	15	5	-1	NONE	15	-1	0	0	1	0	12.00	0	-1
ROUND	PLAYER_ID	ENTITY_ID	TYPE	ROLE	X	Y	FACING	TARGET_PLAYER_ID	TARGET_ID	TARGET_TYPE	TARGET_ROLE	TARGET_X	TARGET_Y	TARGET_FACING	AIMING_LOC	AIMING_MODE	WEAPON_ID	AMMO_ID	ATA	ATG	GTG	GTA	TO_HIT	TURNS_TO_HIT	SPOTTER_ID
7	1	3	BipedMek	BRAWLER	14	10	3	0	2	BipedMek	SKIRMISHER	18	15	5	-1	NONE	3	-1	0	0	1	0	9.00	0	-1
7	1	3	BipedMek	BRAWLER	14	10	3	0	2	BipedMek	SKIRMISHER	18	15	5	-1	NONE	7	-1	0	0	1	0	9.00	0	-1
7	1	3	BipedMek	BRAWLER	14	10	3	0	2	BipedMek	SKIRMISHER	18	15	5	-1	NONE	5	-1	0	0	1	0	9.00	0	-1
7	1	3	BipedMek	BRAWLER	14	10	3	0	2	BipedMek	SKIRMISHER	18	15	5	-1	NONE	9	-1	0	0	1	0	9.00	0	-1
ROUND	PLAYER_ID	ENTITY_ID	TYPE	ROLE	X	Y	FACING	TARGET_PLAYER_ID	TARGET_ID	TARGET_TYPE	TARGET_ROLE	TARGET_X	TARGET_Y	TARGET_FACING	AIMING_LOC	AIMING_MODE	WEAPON_ID	AMMO_ID	ATA	ATG	GTG	GTA	TO_HIT	TURNS_TO_HIT	SPOTTER_ID
7	0	2	BipedMek	SKIRMISHER	18	15	5	1	3	BipedMek	BRAWLER	14	10	3	-1	NONE	4	-1	0	0	1	0	7.00	0	-1
7	0	2	BipedMek	SKIRMISHER	18	15	5	1	3	BipedMek	BRAWLER	14	10	3	-1	NONE	1	-1	0	0	1	0	11.00	0	-1
7	0	2	BipedMek	SKIRMISHER	18	15	5	1	3	BipedMek	BRAWLER	14	10	3	-1	NONE	2	-1	0	0	1	0	11.00	0	-1
ROUND	PHASE	PLAYER_ID	ENTITY_ID	CHASSIS	MODEL	TYPE	ROLE	X	Y	FACING	MP	HEAT	PRONE	AIRBORNE	OFF_BOARD	CRIPPLED	DESTROYED	ARMOR_P	INTERNAL_P	DONE	MAX_RANGE	TOTAL_DAMAGE	TEAM_ID
7	FIRING	0	2	Wraith	Wraith	BipedMek	SKIRMISHER	18	15	5	7.00	0.00	0	0	0	0	0	0.68	1.00	1	0	21	1
7	FIRING	1	3	Blood Reaper	Blood Reaper	BipedMek	BRAWLER	14	10	3	3.00	0.00	0	0	0	0	0	0.72	0.93	1	20	76	2
7	FIRING	1	4	Hunchback IIC	Hunchback IIC	BipedMek	AMBUSHER	8	11	2	2.00	0.00	0	0	0	0	0	0.70	1.00	1	16	54	2
ROUND	PHASE	PLAYER_ID	ENTITY_ID	CHASSIS	MODEL	TYPE	ROLE	X	Y	FACING	MP	HEAT	PRONE	AIRBORNE	OFF_BOARD	CRIPPLED	DESTROYED	ARMOR_P	INTERNAL_P	DONE	MAX_RANGE	TOTAL_DAMAGE	TEAM_ID
8	TARGETING	0	2	Wraith	Wraith	BipedMek	SKIRMISHER	18	15	5	6.00	0.00	0	0	0	0	0	0.68	1.00	1	14	21	1
8	TARGETING	1	3	Blood Reaper	Blood Reaper	BipedMek	BRAWLER	14	10	3	6.00	4.00	0	0	0	0	0	0.72	0.93	1	28	76	2
8	TARGETING	1	4	Hunchback IIC	Hunchback IIC	BipedMek	AMBUSHER	8	11	2	3.00	0.00	0	0	0	0	0	0.70	1.00	1	20	54	2
PLAYER_ID	ENTITY_ID	CHASSIS	MODEL	FACING	FROM_X	FROM_Y	TO_X	TO_Y	HEXES_MOVED	DISTANCE	MP_USED	MAX_MP	MP_P	HEAT_P	ARMOR_P	INTERNAL_P	JUMPING	PRONE	LEGAL	STEPS	TEAM_ID	CHANCE_OF_FAILURE	IS_BOT
0	2	Wraith	TR1	4	18	15	18	8	7	0	10	14	0.71	0.00	0.68	1.00	0	0	1	TURN_RIGHT FORWARDS FORWARDS FORWARDS FORWARDS FORWARDS FORWARDS FORWARDS TURN_LEFT TURN_LEFT	1	0.00	0
ROUND	PHASE	PLAYER_ID	ENTITY_ID	CHASSIS	MODEL	TYPE	ROLE	X	Y	FACING	MP	HEAT	PRONE	AIRBORNE	OFF_BOARD	CRIPPLED	DESTROYED	ARMOR_P	INTERNAL_P	DONE	MAX_RANGE	TOTAL_DAMAGE	TEAM_ID
8	MOVEMENT	0	2	Wraith	Wraith	BipedMek	SKIRMISHER	18	8	4	6.00	0.00	0	0	0	0	0	0.68	1.00	1	14	21	1
8	MOVEMENT	1	3	Blood Reaper	Blood Reaper	BipedMek	BRAWLER	14	10	3	6.00	4.00	0	0	0	0	0	0.72	0.93	0	28	76	2
8	MOVEMENT	1	4	Hunchback IIC	Hunchback IIC	BipedMek	AMBUSHER	8	11	2	3.00	0.00	0	0	0	0	0	0.70	1.00	0	20	54	2
PLAYER_ID	ENTITY_ID	CHASSIS	MODEL	FACING	FROM_X	FROM_Y	TO_X	TO_Y	HEXES_MOVED	DISTANCE	MP_USED	MAX_MP	MP_P	HEAT_P	ARMOR_P	INTERNAL_P	JUMPING	PRONE	LEGAL	STEPS	TEAM_ID	CHANCE_OF_FAILURE	IS_BOT
1	4	Hunchback IIC		0	8	11	11	8	4	0	4	4	1.00	0.00	0.70	1.00	1	0	1	START_JUMP TURN_LEFT FORWARDS FORWARDS FORWARDS TURN_LEFT FORWARDS	2	0.00	1
ROUND	PHASE	PLAYER_ID	ENTITY_ID	CHASSIS	MODEL	TYPE	ROLE	X	Y	FACING	MP	HEAT	PRONE	AIRBORNE	OFF_BOARD	CRIPPLED	DESTROYED	ARMOR_P	INTERNAL_P	DONE	MAX_RANGE	TOTAL_DAMAGE	TEAM_ID
8	MOVEMENT	0	2	Wraith	Wraith	BipedMek	SKIRMISHER	18	8	4	6.00	0.00	0	0	0	0	0	0.68	1.00	1	14	21	1
8	MOVEMENT	1	3	Blood Reaper	Blood Reaper	BipedMek	BRAWLER	14	10	3	6.00	4.00	0	0	0	0	0	0.72	0.93	0	28	76	2
8	MOVEMENT	1	4	Hunchback IIC	Hunchback IIC	BipedMek	AMBUSHER	11	8	0	3.00	0.00	0	0	0	0	0	0.70	1.00	1	20	54	2
PLAYER_ID	ENTITY_ID	CHASSIS	MODEL	FACING	FROM_X	FROM_Y	TO_X	TO_Y	HEXES_MOVED	DISTANCE	MP_USED	MAX_MP	MP_P	HEAT_P	ARMOR_P	INTERNAL_P	JUMPING	PRONE	LEGAL	STEPS	TEAM_ID	CHANCE_OF_FAILURE	IS_BOT
1	3	Blood Reaper	2	3	14	10	15	8	2	0	4	4	1.00	0.11	0.72	0.93	0	0	1	TURN_RIGHT BACKWARDS TURN_LEFT BACKWARDS	2	0.00	1
ROUND	PHASE	PLAYER_ID	ENTITY_ID	CHASSIS	MODEL	TYPE	ROLE	X	Y	FACING	MP	HEAT	PRONE	AIRBORNE	OFF_BOARD	CRIPPLED	DESTROYED	ARMOR_P	INTERNAL_P	DONE	MAX_RANGE	TOTAL_DAMAGE	TEAM_ID
8	MOVEMENT	0	2	Wraith	Wraith	BipedMek	SKIRMISHER	18	8	4	6.00	0.00	0	0	0	0	0	0.68	1.00	1	14	21	1
8	MOVEMENT	1	3	Blood Reaper	Blood Reaper	BipedMek	BRAWLER	15	8	3	6.00	4.00	0	0	0	0	0	0.72	0.93	1	28	76	2
8	MOVEMENT	1	4	Hunchback IIC	Hunchback IIC	BipedMek	AMBUSHER	11	8	0	3.00	0.00	0	0	0	0	0	0.70	1.00	1	20	54	2
ROUND	PHASE	PLAYER_ID	ENTITY_ID	CHASSIS	MODEL	TYPE	ROLE	X	Y	FACING	MP	HEAT	PRONE	AIRBORNE	OFF_BOARD	CRIPPLED	DESTROYED	ARMOR_P	INTERNAL_P	DONE	MAX_RANGE	TOTAL_DAMAGE	TEAM_ID
8	OFFBOARD	0	2	Wraith	Wraith	BipedMek	SKIRMISHER	18	8	4	6.00	0.00	0	0	0	0	0	0.68	1.00	1	14	21	1
8	OFFBOARD	1	3	Blood Reaper	Blood Reaper	BipedMek	BRAWLER	15	8	3	6.00	4.00	0	0	0	0	0	0.72	0.93	1	28	76	2
8	OFFBOARD	1	4	Hunchback IIC	Hunchback IIC	BipedMek	AMBUSHER	11	8	0	3.00	0.00	0	0	0	0	0	0.70	1.00	1	20	54	2
ROUND	PLAYER_ID	ENTITY_ID	TYPE	ROLE	X	Y	FACING	TARGET_PLAYER_ID	TARGET_ID	TARGET_TYPE	TARGET_ROLE	TARGET_X	TARGET_Y	TARGET_FACING	AIMING_LOC	AIMING_MODE	WEAPON_ID	AMMO_ID	ATA	ATG	GTG	GTA	TO_HIT	TURNS_TO_HIT	SPOTTER_ID
8	0	2	BipedMek	SKIRMISHER	18	8	4	1	3	BipedMek	BRAWLER	15	8	3	-1	NONE	4	-1	0	0	1	0	4.00	0	-1
8	0	2	BipedMek	SKIRMISHER	18	8	4	1	3	BipedMek	BRAWLER	15	8	3	-1	NONE	1	-1	0	0	1	0	6.00	0	-1
8	0	2	BipedMek	SKIRMISHER	18	8	4	1	3	BipedMek	BRAWLER	15	8	3	-1	NONE	2	-1	0	0	1	0	6.00	0	-1
8	1	3	BipedMek	BRAWLER	15	8	3	0	2	BipedMek	SKIRMISHER	18	8	4	-1	NONE	3	-1	0	0	1	0	8.00	0	-1
8	1	3	BipedMek	BRAWLER	15	8	3	0	2	BipedMek	SKIRMISHER	18	8	4	-1	NONE	4	-1	0	0	1	0	9.00	0	-1
8	1	3	BipedMek	BRAWLER	15	8	3	0	2	BipedMek	SKIRMISHER	18	8	4	-1	NONE	8	-1	0	0	1	0	2147483647.00	0	-1
8	1	3	BipedMek	BRAWLER	15	8	3	0	2	BipedMek	SKIRMISHER	18	8	4	-1	NONE	5	-1	0	0	1	0	6.00	0	-1
8	1	3	BipedMek	BRAWLER	15	8	3	0	2	BipedMek	SKIRMISHER	18	8	4	-1	NONE	9	-1	0	0	1	0	2147483647.00	0	-1
ROUND	PHASE	PLAYER_ID	ENTITY_ID	CHASSIS	MODEL	TYPE	ROLE	X	Y	FACING	MP	HEAT	PRONE	AIRBORNE	OFF_BOARD	CRIPPLED	DESTROYED	ARMOR_P	INTERNAL_P	DONE	MAX_RANGE	TOTAL_DAMAGE	TEAM_ID
8	FIRING	0	2	Wraith	Wraith	BipedMek	SKIRMISHER	18	8	4	6.00	0.00	0	0	0	0	0	0.66	0.86	1	0	21	1
8	FIRING	1	3	Blood Reaper	Blood Reaper	BipedMek	BRAWLER	15	8	3	6.00	4.00	0	0	0	0	0	0.62	0.93	1	28	76	2
8	FIRING	1	4	Hunchback IIC	Hunchback IIC	BipedMek	AMBUSHER	11	8	0	3.00	0.00	0	0	0	0	0	0.70	1.00	1	20	54	2
ROUND	PHASE	PLAYER_ID	ENTITY_ID	CHASSIS	MODEL	TYPE	ROLE	X	Y	FACING	MP	HEAT	PRONE	AIRBORNE	OFF_BOARD	CRIPPLED	DESTROYED	ARMOR_P	INTERNAL_P	DONE	MAX_RANGE	TOTAL_DAMAGE	TEAM_ID
9	TARGETING	0	2	Wraith	Wraith	BipedMek	SKIRMISHER	18	8	4	10.00	5.00	0	0	0	0	0	0.66	0.86	1	14	9	1
9	TARGETING	1	3	Blood Reaper	Blood Reaper	BipedMek	BRAWLER	15	8	3	4.00	6.00	0	0	0	0	0	0.62	0.93	1	28	76	2
9	TARGETING	1	4	Hunchback IIC	Hunchback IIC	BipedMek	AMBUSHER	11	8	0	4.00	0.00	0	0	0	0	0	0.70	1.00	1	20	54	2
PLAYER_ID	ENTITY_ID	CHASSIS	MODEL	FACING	FROM_X	FROM_Y	TO_X	TO_Y	HEXES_MOVED	DISTANCE	MP_USED	MAX_MP	MP_P	HEAT_P	ARMOR_P	INTERNAL_P	JUMPING	PRONE	LEGAL	STEPS	TEAM_ID	CHANCE_OF_FAILURE	IS_BOT
1	4	Hunchback IIC		1	11	8	10	11	3	0	3	4	0.75	0.00	0.70	1.00	1	0	1	START_JUMP TURN_LEFT TURN_LEFT FORWARDS TURN_LEFT FORWARDS FORWARDS TURN_LEFT TURN_LEFT	2	0.00	1
ROUND	PHASE	PLAYER_ID	ENTITY_ID	CHASSIS	MODEL	TYPE	ROLE	X	Y	FACING	MP	HEAT	PRONE	AIRBORNE	OFF_BOARD	CRIPPLED	DESTROYED	ARMOR_P	INTERNAL_P	DONE	MAX_RANGE	TOTAL_DAMAGE	TEAM_ID
9	MOVEMENT	0	2	Wraith	Wraith	BipedMek	SKIRMISHER	18	8	4	10.00	5.00	0	0	0	0	0	0.66	0.86	0	14	9	1
9	MOVEMENT	1	3	Blood Reaper	Blood Reaper	BipedMek	BRAWLER	15	8	3	4.00	6.00	0	0	0	0	0	0.62	0.93	0	28	76	2
9	MOVEMENT	1	4	Hunchback IIC	Hunchback IIC	BipedMek	AMBUSHER	10	11	1	4.00	0.00	0	0	0	0	0	0.70	1.00	1	20	54	2
PLAYER_ID	ENTITY_ID	CHASSIS	MODEL	FACING	FROM_X	FROM_Y	TO_X	TO_Y	HEXES_MOVED	DISTANCE	MP_USED	MAX_MP	MP_P	HEAT_P	ARMOR_P	INTERNAL_P	JUMPING	PRONE	LEGAL	STEPS	TEAM_ID	CHANCE_OF_FAILURE	IS_BOT
1	3	Blood Reaper	2	2	15	8	17	7	2	0	5	6	0.83	0.17	0.62	0.93	0	0	1	CLIMB_MODE_ON TURN_LEFT TURN_LEFT FORWARDS FORWARDS TURN_RIGHT	2	0.00	1
ROUND	PHASE	PLAYER_ID	ENTITY_ID	CHASSIS	MODEL	TYPE	ROLE	X	Y	FACING	MP	HEAT	PRONE	AIRBORNE	OFF_BOARD	CRIPPLED	DESTROYED	ARMOR_P	INTERNAL_P	DONE	MAX_RANGE	TOTAL_DAMAGE	TEAM_ID
9	MOVEMENT	0	2	Wraith	Wraith	BipedMek	SKIRMISHER	18	8	4	10.00	5.00	0	0	0	0	0	0.66	0.86	0	14	9	1
9	MOVEMENT	1	3	Blood Reaper	Blood Reaper	BipedMek	BRAWLER	17	7	2	4.00	6.00	0	0	0	0	0	0.62	0.93	1	28	76	2
9	MOVEMENT	1	4	Hunchback IIC	Hunchback IIC	BipedMek	AMBUSHER	10	11	1	4.00	0.00	0	0	0	0	0	0.70	1.00	1	20	54	2
PLAYER_ID	ENTITY_ID	CHASSIS	MODEL	FACING	FROM_X	FROM_Y	TO_X	TO_Y	HEXES_MOVED	DISTANCE	MP_USED	MAX_MP	MP_P	HEAT_P	ARMOR_P	INTERNAL_P	JUMPING	PRONE	LEGAL	STEPS	TEAM_ID	CHANCE_OF_FAILURE	IS_BOT
0	2	Wraith	TR1	0	18	8	18	12	4	0	6	6	1.00	0.25	0.66	0.86	0	0	1	TURN_RIGHT TURN_RIGHT BACKWARDS BACKWARDS BACKWARDS BACKWARDS	1	0.00	0
ROUND	PHASE	PLAYER_ID	ENTITY_ID	CHASSIS	MODEL	TYPE	ROLE	X	Y	FACING	MP	HEAT	PRONE	AIRBORNE	OFF_BOARD	CRIPPLED	DESTROYED	ARMOR_P	INTERNAL_P	DONE	MAX_RANGE	TOTAL_DAMAGE	TEAM_ID
9	MOVEMENT	0	2	Wraith	Wraith	BipedMek	SKIRMISHER	18	12	0	10.00	5.00	0	0	0	0	0	0.66	0.86	1	14	9	1
9	MOVEMENT	1	3	Blood Reaper	Blood Reaper	BipedMek	BRAWLER	17	7	2	4.00	6.00	0	0	0	0	0	0.62	0.93	1	28	76	2
9	MOVEMENT	1	4	Hunchback IIC	Hunchback IIC	BipedMek	AMBUSHER	10	11	1	4.00	0.00	0	0	0	0	0	0.70	1.00	1	20	54	2
ROUND	PHASE	PLAYER_ID	ENTITY_ID	CHASSIS	MODEL	TYPE	ROLE	X	Y	FACING	MP	HEAT	PRONE	AIRBORNE	OFF_BOARD	CRIPPLED	DESTROYED	ARMOR_P	INTERNAL_P	DONE	MAX_RANGE	TOTAL_DAMAGE	TEAM_ID
9	OFFBOARD	0	2	Wraith	Wraith	BipedMek	SKIRMISHER	18	12	0	10.00	5.00	0	0	0	0	0	0.66	0.86	1	14	9	1
9	OFFBOARD	1	3	Blood Reaper	Blood Reaper	BipedMek	BRAWLER	17	7	2	4.00	6.00	0	0	0	0	0	0.62	0.93	1	28	76	2
9	OFFBOARD	1	4	Hunchback IIC	Hunchback IIC	BipedMek	AMBUSHER	10	11	1	4.00	0.00	0	0	0	0	0	0.70	1.00	1	20	54	2
ROUND	PLAYER_ID	ENTITY_ID	TYPE	ROLE	X	Y	FACING	TARGET_PLAYER_ID	TARGET_ID	TARGET_TYPE	TARGET_ROLE	TARGET_X	TARGET_Y	TARGET_FACING	AIMING_LOC	AIMING_MODE	WEAPON_ID	AMMO_ID	ATA	ATG	GTG	GTA	TO_HIT	TURNS_TO_HIT	SPOTTER_ID
9	1	3	BipedMek	BRAWLER	17	7	2	0	2	BipedMek	SKIRMISHER	18	12	0	-1	NONE	3	-1	0	0	1	0	7.00	0	-1
9	1	3	BipedMek	BRAWLER	17	7	2	0	2	BipedMek	SKIRMISHER	18	12	0	-1	NONE	5	-1	0	0	1	0	7.00	0	-1
9	1	3	BipedMek	BRAWLER	17	7	2	0	2	BipedMek	SKIRMISHER	18	12	0	-1	NONE	9	-1	0	0	1	0	7.00	0	-1
9	1	3	BipedMek	BRAWLER	17	7	2	0	2	BipedMek	SKIRMISHER	18	12	0	-1	NONE	12	14	0	0	1	0	7.00	0	-1
9	1	3	BipedMek	BRAWLER	17	7	2	0	2	BipedMek	SKIRMISHER	18	12	0	-1	NONE	18	14	0	0	1	0	7.00	0	-1
ROUND	PLAYER_ID	ENTITY_ID	TYPE	ROLE	X	Y	FACING	TARGET_PLAYER_ID	TARGET_ID	TARGET_TYPE	TARGET_ROLE	TARGET_X	TARGET_Y	TARGET_FACING	AIMING_LOC	AIMING_MODE	WEAPON_ID	AMMO_ID	ATA	ATG	GTG	GTA	TO_HIT	TURNS_TO_HIT	SPOTTER_ID
9	0	2	BipedMek	SKIRMISHER	18	12	0	1	3	BipedMek	BRAWLER	17	7	2	-1	NONE	4	-1	0	0	1	0	5.00	0	-1
ROUND	PHASE	PLAYER_ID	ENTITY_ID	CHASSIS	MODEL	TYPE	ROLE	X	Y	FACING	MP	HEAT	PRONE	AIRBORNE	OFF_BOARD	CRIPPLED	DESTROYED	ARMOR_P	INTERNAL_P	DONE	MAX_RANGE	TOTAL_DAMAGE	TEAM_ID
9	FIRING	0	2	Wraith	Wraith	BipedMek	SKIRMISHER	18	12	0	10.00	5.00	0	0	0	1	0	0.49	0.78	1	0	9	1
9	FIRING	1	3	Blood Reaper	Blood Reaper	BipedMek	BRAWLER	17	7	2	4.00	6.00	0	0	0	0	0	0.62	0.86	1	28	76	2
9	FIRING	1	4	Hunchback IIC	Hunchback IIC	BipedMek	AMBUSHER	10	11	1	4.00	0.00	0	0	0	0	0	0.70	1.00	1	20	54	2
