# Log file created at 2025-03-15T22:38:11.813314100
BOARD_NAME	WIDTH	HEIGHT
Board #0	32	17
COL_0	COL_1	COL_2	COL_3	COL_4	COL_5	COL_6	COL_7	COL_8	COL_9	COL_10	COL_11	COL_12	COL_13	COL_14	COL_15	COL_16	COL_17	COL_18	COL_19	COL_20	COL_21	COL_22	COL_23	COL_24	COL_25	COL_26	COL_27	COL_28	COL_29	COL_30	COL_31	
ROW_0	Level: 0  Features: incline_bottom(1, 0); 	Level: 1  Features: incline_top(1, 0); 	Level: 1  Features: incline_top(1, 0); 	Level: 1  Features: jungle(2, 100); foliage_elev(2, 0); 	Level: 1  Features: jungle(2, 100); foliage_elev(2, 0); incline_top(1, 0); 	Level: 1  Features: incline_top(1, 0); 	Level: 1  Features: 	Level: 1  Features: 	Level: 1  Features: incline_top(1, 0); 	Level: 0  Features: jungle(2, 100); foliage_elev(2, 0); incline_bottom(1, 0); 	Level: 1  Features: incline_top(1, 0); 	Level: 1  Features: 	Level: 1  Features: 	Level: 1  Features: 	Level: 1  Features: 	Level: 1  Features: 	Level: 1  Features: 
ROW_1	Level: 0  Features: incline_bottom(1, 0); 	Level: 0  Features: incline_bottom(1, 0); 	Level: 1  Features: incline_top(1, 0); 	Level: 1  Features: incline_top(1, 0); 	Level: 0  Features: jungle(1, 60); foliage_elev(2, 0); incline_bottom(1, 0); 	Level: 1  Features: jungle(2, 100); foliage_elev(2, 0); incline_top(1, 0); 	Level: 1  Features: jungle(1, 60); foliage_elev(2, 0); 	Level: 1  Features: jungle(2, 100); foliage_elev(2, 0); incline_top(1, 0); 	Level: 0  Features: jungle(2, 100); foliage_elev(2, 0); incline_bottom(1, 0); 	Level: 0  Features: incline_bottom(1, 0); 	Level: 1  Features: incline_top(1, 0); 	Level: 1  Features: 	Level: 1  Features: 	Level: 1  Features: incline_top(1, 0); 	Level: 1  Features: incline_top(1, 0); 	Level: 1  Features: incline_top(1, 0); 	Level: 1  Features: 
ROW_2	Level: 0  Features: jungle(1, 60); foliage_elev(2, 0); 	Level: 0  Features: jungle(1, 60); foliage_elev(2, 0); incline_bottom(1, 0); 	Level: 1  Features: jungle(1, 60); foliage_elev(2, 0); incline_top(1, 0); 	Level: 1  Features: jungle(1, 60); foliage_elev(2, 0); 	Level: 1  Features: incline_top(1, 0); 	Level: 1  Features: jungle(1, 60); foliage_elev(2, 0); incline_top(1, 0); 	Level: 1  Features: jungle(2, 100); foliage_elev(2, 0); incline_top(1, 0); 	Level: 1  Features: incline_top(1, 0); jungle(2, 100); foliage_elev(2, 0); Swamp; 	Level: 0  Features: jungle(2, 100); foliage_elev(2, 0); incline_bottom(1, 0); 	Level: 0  Features: incline_bottom(1, 0); 	Level: 0  Features: incline_bottom(1, 0); 	Level: 1  Features: incline_top(1, 0); 	Level: 1  Features: 	Level: 1  Features: incline_top(1, 0); 	Level: 0  Features: Water, depth: 1; 	Level: 0  Features: Water, depth: 1; 	Level: 1  Features: incline_top(1, 0); 
ROW_3	Level: 0  Features: jungle(1, 60); foliage_elev(2, 0); 	Level: 0  Features: jungle(1, 60); foliage_elev(2, 0); incline_bottom(1, 0); 	Level: 1  Features: incline_top(1, 0); 	Level: 1  Features: incline_top(1, 0); 	Level: 0  Features: incline_bottom(1, 0); 	Level: 0  Features: jungle(1, 60); foliage_elev(2, 0); incline_bottom(1, 0); 	Level: 1  Features: jungle(1, 60); foliage_elev(2, 0); incline_top(1, 0); 	Level: 1  Features: incline_top(1, 0); jungle(2, 100); foliage_elev(2, 0); Swamp; 	Level: 1  Features: Swamp; incline_top(1, 0); 	Level: 0  Features: incline_bottom(1, 0); jungle(1, 60); foliage_elev(2, 0); Swamp; 	Level: 0  Features: jungle(2, 100); foliage_elev(2, 0); incline_bottom(1, 0); 	Level: 1  Features: incline_top(1, 0); 	Level: 1  Features: incline_top(1, 0); 	Level: 0  Features: incline_bottom(1, 0); 	Level: 0  Features: Water, depth: 1; 	Level: 1  Features: incline_top(1, 0); 	Level: 1  Features: 
ROW_4	Level: 0  Features: jungle(1, 60); foliage_elev(2, 0); 	Level: 0  Features: incline_bottom(1, 0); 	Level: 1  Features: jungle(1, 60); foliage_elev(2, 0); incline_top(1, 0); 	Level: 1  Features: jungle(1, 60); foliage_elev(2, 0); incline_top(1, 0); 	Level: 0  Features: jungle(1, 60); foliage_elev(2, 0); incline_bottom(1, 0); 	Level: 0  Features: jungle(2, 100); foliage_elev(2, 0); 	Level: 0  Features: incline_bottom(1, 0); 	Level: 1  Features: jungle(1, 60); foliage_elev(2, 0); incline_top(1, 0); 	Level: 0  Features: jungle(1, 60); foliage_elev(2, 0); incline_bottom(1, 0); 	Level: 0  Features: jungle(1, 60); foliage_elev(2, 0); incline_bottom(1, 0); 	Level: 0  Features: jungle(2, 100); foliage_elev(2, 0); incline_bottom(1, 0); 	Level: 1  Features: jungle(1, 60); foliage_elev(2, 0); incline_top(1, 0); 	Level: 1  Features: 	Level: 1  Features: incline_top(1, 0); 	Level: 0  Features: Water, depth: 1; 	Level: 1  Features: incline_top(1, 0); 	Level: 1  Features: 
ROW_5	Level: 0  Features: jungle(2, 100); foliage_elev(2, 0); Swamp; 	Level: 0  Features: incline_bottom(1, 0); jungle(1, 60); foliage_elev(2, 0); Swamp; 	Level: 1  Features: incline_top(1, 0); jungle(2, 100); foliage_elev(2, 0); Swamp; 	Level: 1  Features: incline_top(1, 0); jungle(1, 60); foliage_elev(2, 0); Swamp; 	Level: 0  Features: incline_bottom(1, 0); 	Level: 0  Features: 	Level: 0  Features: incline_bottom(1, 0); 	Level: 0  Features: incline_bottom(1, 0); 	Level: 0  Features: jungle(2, 100); foliage_elev(2, 0); 	Level: 0  Features: jungle(1, 60); foliage_elev(2, 0); 	Level: 0  Features: incline_bottom(1, 0); 	Level: 1  Features: jungle(1, 60); foliage_elev(2, 0); incline_top(1, 0); 	Level: 1  Features: 	Level: 1  Features: incline_top(1, 0); 	Level: 1  Features: incline_top(1, 0); 	Level: 1  Features: 	Level: 1  Features: 
ROW_6	Level: 0  Features: 	Level: 0  Features: 	Level: 0  Features: incline_bottom(1, 0); 	Level: 0  Features: jungle(2, 100); foliage_elev(2, 0); incline_bottom(1, 0); 	Level: 0  Features: jungle(1, 60); foliage_elev(2, 0); incline_bottom(1, 0); 	Level: 0  Features: jungle(1, 60); foliage_elev(2, 0); incline_bottom(1, 0); 	Level: 0  Features: incline_bottom(1, 0); 	Level: 0  Features: incline_bottom(1, 0); 	Level: 0  Features: incline_bottom(1, 0); 	Level: 0  Features: Swamp; 	Level: 0  Features: jungle(2, 100); foliage_elev(2, 0); incline_bottom(1, 0); 	Level: 1  Features: incline_top(1, 0); 	Level: 1  Features: 	Level: 1  Features: 	Level: 1  Features: 	Level: 1  Features: 	Level: 1  Features: 
ROW_7	Level: 0  Features: 	Level: 0  Features: jungle(2, 100); foliage_elev(2, 0); 	Level: 0  Features: 	Level: 0  Features: jungle(1, 60); foliage_elev(2, 0); 	Level: 0  Features: incline_bottom(1, 0); 	Level: 1  Features: incline_top(1, 0); 	Level: 1  Features: jungle(1, 60); foliage_elev(2, 0); incline_top(1, 0); 	Level: 1  Features: incline_top(1, 0); 	Level: 0  Features: Swamp; incline_bottom(1, 0); 	Level: 0  Features: 	Level: 0  Features: jungle(2, 100); foliage_elev(2, 0); incline_bottom(1, 0); 	Level: 1  Features: incline_top(1, 0); 	Level: 1  Features: 	Level: 1  Features: 	Level: 1  Features: 	Level: 1  Features: 	Level: 1  Features: 
ROW_8	Level: 0  Features: 	Level: 0  Features: jungle(2, 100); foliage_elev(2, 0); 	Level: 0  Features: jungle(2, 100); foliage_elev(2, 0); 	Level: 0  Features: jungle(2, 100); foliage_elev(2, 0); 	Level: 0  Features: 	Level: 0  Features: incline_bottom(1, 0); 	Level: 1  Features: jungle(2, 100); foliage_elev(2, 0); incline_top(1, 0); 	Level: 1  Features: incline_top(1, 0); 	Level: 0  Features: Swamp; incline_bottom(1, 0); 	Level: 0  Features: Swamp; 	Level: 0  Features: jungle(1, 60); foliage_elev(2, 0); 	Level: 0  Features: jungle(2, 100); foliage_elev(2, 0); incline_bottom(1, 0); 	Level: 1  Features: incline_top(1, 0); 	Level: 1  Features: 	Level: 1  Features: 	Level: 1  Features: 	Level: 1  Features: 
ROW_9	Level: 0  Features: jungle(1, 60); foliage_elev(2, 0); 	Level: 0  Features: jungle(1, 60); foliage_elev(2, 0); incline_bottom(1, 0); 	Level: 0  Features: incline_bottom(1, 0); 	Level: 0  Features: jungle(2, 100); foliage_elev(2, 0); incline_bottom(1, 0); 	Level: 0  Features: 	Level: 0  Features: jungle(2, 100); foliage_elev(2, 0); incline_bottom(1, 0); 	Level: 0  Features: jungle(1, 60); foliage_elev(2, 0); incline_bottom(1, 0); 	Level: 0  Features: incline_bottom(1, 0); 	Level: 0  Features: 	Level: 0  Features: jungle(1, 60); foliage_elev(2, 0); 	Level: 0  Features: jungle(1, 60); foliage_elev(2, 0); incline_bottom(1, 0); 	Level: 0  Features: jungle(1, 60); foliage_elev(2, 0); incline_bottom(1, 0); 	Level: 1  Features: jungle(1, 60); foliage_elev(2, 0); incline_top(1, 0); 	Level: 1  Features: 	Level: 1  Features: 	Level: 1  Features: 	Level: 1  Features: 
ROW_10	Level: 0  Features: jungle(1, 60); foliage_elev(2, 0); 	Level: 0  Features: jungle(1, 60); foliage_elev(2, 0); incline_bottom(1, 0); 	Level: 1  Features: jungle(1, 60); foliage_elev(2, 0); incline_top(1, 0); 	Level: 1  Features: incline_top(1, 0); 	Level: 0  Features: jungle(2, 100); foliage_elev(2, 0); incline_bottom(1, 0); 	Level: 0  Features: jungle(2, 100); foliage_elev(2, 0); incline_bottom(1, 0); 	Level: 1  Features: jungle(1, 60); foliage_elev(2, 0); incline_top(1, 0); 	Level: 1  Features: jungle(2, 100); foliage_elev(2, 0); incline_top(1, 0); 	Level: 0  Features: jungle(1, 60); foliage_elev(2, 0); incline_bottom(1, 0); 	Level: 0  Features: jungle(2, 100); foliage_elev(2, 0); 	Level: 0  Features: jungle(2, 100); foliage_elev(2, 0); incline_bottom(1, 0); 	Level: 1  Features: incline_top(1, 0); 	Level: 1  Features: incline_top(1, 0); 	Level: 1  Features: incline_top(1, 0); 	Level: 1  Features: jungle(1, 60); foliage_elev(2, 0); incline_top(1, 0); 	Level: 1  Features: jungle(2, 100); foliage_elev(2, 0); incline_top(1, 0); 	Level: 1  Features: 
ROW_11	Level: 0  Features: 	Level: 0  Features: incline_bottom(1, 0); 	Level: 0  Features: incline_bottom(1, 0); 	Level: 0  Features: jungle(2, 100); foliage_elev(2, 0); incline_bottom(1, 0); 	Level: 0  Features: 	Level: 0  Features: jungle(1, 60); foliage_elev(2, 0); incline_bottom(1, 0); 	Level: 0  Features: jungle(2, 100); foliage_elev(2, 0); incline_bottom(1, 0); 	Level: 0  Features: incline_bottom(1, 0); 	Level: 0  Features: 	Level: 0  Features: 	Level: 0  Features: Swamp; incline_bottom(1, 0); 	Level: 1  Features: Swamp; incline_top(1, 0); 	Level: 1  Features: incline_top(1, 0); 	Level: 0  Features: jungle(2, 100); foliage_elev(2, 0); incline_bottom(1, 0); 	Level: 0  Features: jungle(1, 60); foliage_elev(2, 0); incline_bottom(1, 0); 	Level: 1  Features: incline_top(1, 0); 	Level: 1  Features: 
ROW_12	Level: 0  Features: 	Level: 0  Features: 	Level: 0  Features: 	Level: 0  Features: 	Level: 0  Features: 	Level: 0  Features: 	Level: 0  Features: 	Level: 0  Features: jungle(2, 100); foliage_elev(2, 0); 	Level: 0  Features: 	Level: 0  Features: 	Level: 0  Features: incline_bottom(1, 0); 	Level: 1  Features: incline_top(1, 0); 	Level: 1  Features: Swamp; incline_top(1, 0); 	Level: 0  Features: incline_bottom(1, 0); jungle(1, 60); foliage_elev(2, 0); Swamp; 	Level: 0  Features: jungle(1, 60); foliage_elev(2, 0); incline_bottom(1, 0); 	Level: 1  Features: incline_top(1, 0); 	Level: 1  Features: 
ROW_13	Level: 0  Features: 	Level: 0  Features: 	Level: 0  Features: 	Level: 0  Features: 	Level: 0  Features: jungle(2, 100); foliage_elev(2, 0); 	Level: 0  Features: jungle(2, 100); foliage_elev(2, 0); 	Level: 0  Features: jungle(1, 60); foliage_elev(2, 0); 	Level: 0  Features: 	Level: 0  Features: 	Level: 0  Features: 	Level: 0  Features: incline_bottom(1, 0); 	Level: 0  Features: incline_bottom(1, 0); 	Level: 0  Features: incline_bottom(1, 0); 	Level: 0  Features: jungle(2, 100); foliage_elev(2, 0); incline_bottom(1, 0); 	Level: 0  Features: incline_bottom(1, 0); 	Level: 1  Features: incline_top(1, 0); 	Level: 1  Features: 
ROW_14	Level: 0  Features: jungle(2, 100); foliage_elev(2, 0); 	Level: 0  Features: jungle(2, 100); foliage_elev(2, 0); 	Level: 0  Features: 	Level: 0  Features: 	Level: 0  Features: 	Level: 0  Features: jungle(1, 60); foliage_elev(2, 0); 	Level: 0  Features: jungle(1, 60); foliage_elev(2, 0); 	Level: 0  Features: jungle(1, 60); foliage_elev(2, 0); 	Level: 0  Features: 	Level: 0  Features: 	Level: 0  Features: 	Level: 0  Features: 	Level: 0  Features: 	Level: 0  Features: jungle(1, 60); foliage_elev(2, 0); incline_bottom(1, 0); 	Level: 1  Features: incline_top(1, 0); 	Level: 1  Features: incline_top(1, 0); 	Level: 1  Features: 
ROW_15	Level: 0  Features: jungle(1, 60); foliage_elev(2, 0); 	Level: 0  Features: jungle(2, 100); foliage_elev(2, 0); 	Level: 0  Features: 	Level: 0  Features: 	Level: 0  Features: jungle(1, 60); foliage_elev(2, 0); 	Level: 0  Features: jungle(2, 100); foliage_elev(2, 0); 	Level: 0  Features: jungle(2, 100); foliage_elev(2, 0); 	Level: 0  Features: 	Level: 0  Features: 	Level: 0  Features: 	Level: 0  Features: 	Level: 0  Features: 	Level: 0  Features: jungle(1, 60); foliage_elev(2, 0); 	Level: 0  Features: jungle(1, 60); foliage_elev(2, 0); incline_bottom(1, 0); 	Level: 1  Features: jungle(1, 60); foliage_elev(2, 0); incline_top(1, 0); 	Level: 1  Features: jungle(1, 60); foliage_elev(2, 0); 	Level: 1  Features: 
ROW_16	Level: 0  Features: jungle(2, 100); foliage_elev(2, 0); 	Level: 0  Features: jungle(1, 60); foliage_elev(2, 0); 	Level: 0  Features: jungle(2, 100); foliage_elev(2, 0); 	Level: 0  Features: jungle(1, 60); foliage_elev(2, 0); 	Level: 0  Features: 	Level: 0  Features: jungle(1, 60); foliage_elev(2, 0); 	Level: 0  Features: 	Level: 0  Features: 	Level: 0  Features: Swamp; 	Level: 0  Features: 	Level: 0  Features: 	Level: 0  Features: 	Level: 0  Features: 	Level: 0  Features: incline_bottom(1, 0); 	Level: 1  Features: jungle(1, 60); foliage_elev(2, 0); incline_top(1, 0); 	Level: 1  Features: jungle(1, 60); foliage_elev(2, 0); 	Level: 1  Features: jungle(2, 100); foliage_elev(2, 0); 
ROW_17	Level: 0  Features: jungle(2, 100); foliage_elev(2, 0); 	Level: 0  Features: jungle(1, 60); foliage_elev(2, 0); 	Level: 0  Features: jungle(2, 100); foliage_elev(2, 0); 	Level: 0  Features: jungle(2, 100); foliage_elev(2, 0); 	Level: 0  Features: jungle(2, 100); foliage_elev(2, 0); 	Level: 0  Features: jungle(1, 60); foliage_elev(2, 0); 	Level: 0  Features: 	Level: 0  Features: Swamp; 	Level: 0  Features: Swamp; 	Level: 0  Features: Swamp; 	Level: 0  Features: 	Level: 0  Features: 	Level: 0  Features: incline_bottom(1, 0); 	Level: 0  Features: incline_bottom(1, 0); 	Level: 1  Features: jungle(2, 100); foliage_elev(2, 0); incline_top(1, 0); 	Level: 1  Features: jungle(1, 60); foliage_elev(2, 0); 	Level: 1  Features: jungle(2, 100); foliage_elev(2, 0); 
ROW_18	Level: 0  Features: jungle(2, 100); foliage_elev(2, 0); 	Level: 0  Features: jungle(1, 60); foliage_elev(2, 0); 	Level: 0  Features: jungle(1, 60); foliage_elev(2, 0); 	Level: 0  Features: jungle(1, 60); foliage_elev(2, 0); 	Level: 0  Features: jungle(1, 60); foliage_elev(2, 0); 	Level: 0  Features: 	Level: 0  Features: 	Level: 0  Features: Swamp; 	Level: 0  Features: Swamp; 	Level: 0  Features: 	Level: 0  Features: 	Level: 0  Features: 	Level: 0  Features: Water, depth: 2; 	Level: 1  Features: incline_top(1, 0); 	Level: 1  Features: jungle(2, 100); foliage_elev(2, 0); incline_top(1, 0); 	Level: 1  Features: 	Level: 1  Features: 
ROW_19	Level: 0  Features: jungle(2, 100); foliage_elev(2, 0); 	Level: 0  Features: jungle(1, 60); foliage_elev(2, 0); 	Level: 0  Features: 	Level: 0  Features: 	Level: 0  Features: jungle(1, 60); foliage_elev(2, 0); 	Level: 0  Features: 	Level: 0  Features: 	Level: 0  Features: 	Level: 0  Features: 	Level: 0  Features: 	Level: 0  Features: incline_bottom(1, 0); 	Level: 0  Features: incline_bottom(1, 0); 	Level: 0  Features: Water, depth: 1; 	Level: 0  Features: incline_bottom(1, 0); 	Level: 1  Features: incline_top(1, 0); 	Level: 1  Features: 	Level: 1  Features: 
ROW_20	Level: 0  Features: jungle(1, 60); foliage_elev(2, 0); 	Level: 0  Features: jungle(2, 100); foliage_elev(2, 0); 	Level: 0  Features: incline_bottom(1, 0); 	Level: 0  Features: incline_bottom(1, 0); 	Level: 0  Features: 	Level: 0  Features: 	Level: 0  Features: 	Level: 0  Features: jungle(1, 60); foliage_elev(2, 0); 	Level: 0  Features: 	Level: 0  Features: 	Level: 0  Features: incline_bottom(1, 0); 	Level: 1  Features: incline_top(1, 0); 	Level: 1  Features: incline_top(1, 0); 	Level: 1  Features: incline_top(1, 0); 	Level: 1  Features: incline_top(1, 0); 	Level: 1  Features: 	Level: 1  Features: 
ROW_21	Level: 0  Features: jungle(2, 100); foliage_elev(2, 0); 	Level: 0  Features: jungle(1, 60); foliage_elev(2, 0); incline_bottom(1, 0); 	Level: 1  Features: jungle(1, 60); foliage_elev(2, 0); incline_top(1, 0); 	Level: 0  Features: Swamp; incline_bottom(1, 0); 	Level: 0  Features: Swamp; 	Level: 0  Features: 	Level: 0  Features: jungle(1, 60); foliage_elev(2, 0); 	Level: 0  Features: jungle(1, 60); foliage_elev(2, 0); 	Level: 0  Features: jungle(1, 60); foliage_elev(2, 0); 	Level: 0  Features: jungle(1, 60); foliage_elev(2, 0); 	Level: 0  Features: incline_bottom(1, 0); 	Level: 1  Features: incline_top(1, 0); 	Level: 1  Features: incline_top(1, 0); 	Level: 1  Features: Swamp; incline_top(1, 0); 	Level: 1  Features: incline_top(1, 0); 	Level: 1  Features: 	Level: 1  Features: 
ROW_22	Level: 0  Features: jungle(1, 60); foliage_elev(2, 0); 	Level: 0  Features: jungle(1, 60); foliage_elev(2, 0); 	Level: 0  Features: jungle(1, 60); foliage_elev(2, 0); incline_bottom(1, 0); 	Level: 0  Features: jungle(1, 60); foliage_elev(2, 0); incline_bottom(1, 0); 	Level: 0  Features: 	Level: 0  Features: 	Level: 0  Features: Swamp; 	Level: 0  Features: jungle(1, 60); foliage_elev(2, 0); Swamp; 	Level: 0  Features: 	Level: 0  Features: 	Level: 0  Features: jungle(2, 100); foliage_elev(2, 0); 	Level: 0  Features: incline_bottom(1, 0); 	Level: 0  Features: incline_bottom(1, 0); 	Level: 0  Features: incline_bottom(1, 0); 	Level: 0  Features: Swamp; incline_bottom(1, 0); 	Level: 1  Features: Swamp; incline_top(1, 0); 	Level: 1  Features: Swamp; 
ROW_23	Level: 0  Features: jungle(2, 100); foliage_elev(2, 0); incline_top(1, 0); 	Level: 0  Features: 	Level: 0  Features: jungle(2, 100); foliage_elev(2, 0); 	Level: 0  Features: jungle(1, 60); foliage_elev(2, 0); 	Level: 0  Features: 	Level: 0  Features: 	Level: 0  Features: 	Level: 0  Features: 	Level: 0  Features: 	Level: 0  Features: 	Level: 0  Features: jungle(2, 100); foliage_elev(2, 0); 	Level: 0  Features: 	Level: 0  Features: 	Level: 0  Features: 	Level: 0  Features: incline_bottom(1, 0); 	Level: 1  Features: jungle(1, 60); foliage_elev(2, 0); incline_top(1, 0); 	Level: 1  Features: jungle(2, 100); foliage_elev(2, 0); 
ROW_24	Level: -1  Features: jungle(2, 100); foliage_elev(2, 0); incline_bottom(1, 0); 	Level: 0  Features: incline_top(1, 0); jungle(1, 60); foliage_elev(2, 0); Swamp; 	Level: 0  Features: 	Level: 0  Features: jungle(1, 60); foliage_elev(2, 0); 	Level: 0  Features: 	Level: 0  Features: 	Level: 0  Features: 	Level: 0  Features: 	Level: 0  Features: 	Level: 0  Features: 	Level: 0  Features: jungle(2, 100); foliage_elev(2, 0); 	Level: 0  Features: jungle(1, 60); foliage_elev(2, 0); 	Level: 0  Features: 	Level: 0  Features: 	Level: 0  Features: incline_bottom(1, 0); 	Level: 1  Features: jungle(2, 100); foliage_elev(2, 0); incline_top(1, 0); 	Level: 1  Features: jungle(2, 100); foliage_elev(2, 0); 
ROW_25	Level: -1  Features: incline_bottom(1, 0); 	Level: 0  Features: Swamp; incline_top(1, 0); 	Level: 0  Features: 	Level: 0  Features: 	Level: 0  Features: 	Level: 0  Features: 	Level: 0  Features: 	Level: 0  Features: 	Level: 0  Features: 	Level: 0  Features: jungle(2, 100); foliage_elev(2, 0); 	Level: 0  Features: 	Level: 0  Features: 	Level: 0  Features: 	Level: 0  Features: incline_bottom(1, 0); 	Level: 1  Features: jungle(1, 60); foliage_elev(2, 0); incline_top(1, 0); 	Level: 1  Features: 	Level: 1  Features: jungle(1, 60); foliage_elev(2, 0); 
ROW_26	Level: 0  Features: incline_top(1, 0); 	Level: 0  Features: incline_top(1, 0); 	Level: 0  Features: Swamp; 	Level: 0  Features: Swamp; 	Level: 0  Features: 	Level: 0  Features: 	Level: 0  Features: 	Level: 0  Features: 	Level: 0  Features: 	Level: 0  Features: jungle(1, 60); foliage_elev(2, 0); 	Level: 0  Features: 	Level: 0  Features: 	Level: 0  Features: Swamp; 	Level: 0  Features: incline_bottom(1, 0); 	Level: 1  Features: jungle(2, 100); foliage_elev(2, 0); incline_top(1, 0); 	Level: 1  Features: 	Level: 1  Features: 
ROW_27	Level: 0  Features: 	Level: 0  Features: incline_bottom(1, 0); 	Level: 0  Features: incline_bottom(1, 0); 	Level: 0  Features: 	Level: 0  Features: 	Level: 0  Features: 	Level: 0  Features: 	Level: 0  Features: 	Level: 0  Features: 	Level: 0  Features: 	Level: 0  Features: 	Level: 0  Features: Swamp; 	Level: 0  Features: jungle(1, 60); foliage_elev(2, 0); incline_bottom(1, 0); 	Level: 1  Features: jungle(1, 60); foliage_elev(2, 0); incline_top(1, 0); 	Level: 1  Features: 	Level: 1  Features: jungle(2, 100); foliage_elev(2, 0); 	Level: 1  Features: 
ROW_28	Level: 0  Features: 	Level: 0  Features: jungle(2, 100); foliage_elev(2, 0); incline_bottom(1, 0); 	Level: 1  Features: jungle(2, 100); foliage_elev(2, 0); incline_top(1, 0); 	Level: 0  Features: incline_bottom(1, 0); 	Level: 0  Features: jungle(1, 60); foliage_elev(2, 0); 	Level: 0  Features: 	Level: 0  Features: 	Level: 0  Features: 	Level: 0  Features: Swamp; 	Level: 0  Features: Swamp; 	Level: 0  Features: 	Level: 0  Features: 	Level: 0  Features: 	Level: 0  Features: incline_bottom(1, 0); 	Level: 1  Features: jungle(1, 60); foliage_elev(2, 0); incline_top(1, 0); 	Level: 1  Features: jungle(2, 100); foliage_elev(2, 0); 	Level: 1  Features: 
ROW_29	Level: 0  Features: jungle(1, 60); foliage_elev(2, 0); incline_bottom(1, 0); 	Level: 1  Features: jungle(1, 60); foliage_elev(2, 0); incline_top(1, 0); 	Level: 1  Features: incline_top(1, 0); 	Level: 0  Features: jungle(1, 60); foliage_elev(2, 0); incline_bottom(1, 0); 	Level: 0  Features: incline_bottom(1, 0); 	Level: 0  Features: 	Level: 0  Features: 	Level: 0  Features: Swamp; 	Level: 0  Features: Swamp; 	Level: 0  Features: 	Level: 0  Features: 	Level: 0  Features: 	Level: 0  Features: incline_bottom(1, 0); 	Level: 0  Features: jungle(1, 60); foliage_elev(2, 0); incline_bottom(1, 0); 	Level: 1  Features: incline_top(1, 0); 	Level: 1  Features: 	Level: 1  Features: 
ROW_30	Level: 0  Features: incline_bottom(1, 0); 	Level: 1  Features: incline_top(1, 0); 	Level: 1  Features: jungle(1, 60); foliage_elev(2, 0); 	Level: 1  Features: jungle(1, 60); foliage_elev(2, 0); incline_top(1, 0); 	Level: 1  Features: incline_top(1, 0); 	Level: 0  Features: incline_bottom(1, 0); 	Level: 0  Features: incline_bottom(1, 0); 	Level: 0  Features: 	Level: 0  Features: 	Level: 0  Features: 	Level: 0  Features: 	Level: 0  Features: 	Level: 0  Features: incline_bottom(1, 0); 	Level: 1  Features: incline_top(1, 0); 	Level: 1  Features: incline_top(1, 0); 	Level: 1  Features: 	Level: 1  Features: 
ROW_31	Level: 0  Features: incline_bottom(1, 0); 	Level: 1  Features: jungle(1, 60); foliage_elev(2, 0); incline_top(1, 0); 	Level: 1  Features: jungle(2, 100); foliage_elev(2, 0); 	Level: 1  Features: jungle(1, 60); foliage_elev(2, 0); 	Level: 1  Features: jungle(1, 60); foliage_elev(2, 0); incline_top(1, 0); 	Level: 1  Features: jungle(2, 100); foliage_elev(2, 0); incline_top(1, 0); 	Level: 0  Features: incline_bottom(1, 0); 	Level: 0  Features: 	Level: 0  Features: 	Level: 0  Features: 	Level: 0  Features: 	Level: 0  Features: incline_bottom(1, 0); 	Level: 1  Features: incline_top(1, 0); 	Level: 1  Features: 	Level: 1  Features: 	Level: 1  Features: 	Level: 1  Features: 
THEME	CITY_TYPE	MAP_SIZE	MAP_WIDTH	MAP_HEIGHT
tropical	None	1	1
TEMPERATURE	WEATHER	GRAVITY	WIND	ATMOSPHERE	FOG	LIGHT
25	CLEAR	1.0	Calm	Standard	None	Daylight
ROUND	PHASE	PLAYER_ID	ENTITY_ID	CHASSIS	MODEL	TYPE	ROLE	X	Y	FACING	MP	HEAT	PRONE	AIRBORNE	OFF_BOARD	CRIPPLED	DESTROYED	ARMOR_P	INTERNAL_P	DONE	MAX_RANGE	TOTAL_DAMAGE	TEAM_ID
0	DEPLOYMENT	0	1	Lightning	Lightning	BipedMek	SNIPER	-1	-1	0	0.00	0.00	0	0	0	0	0	1.00	1.00	0	24	37	1
0	DEPLOYMENT	0	2	Thunder	Thunder	BipedMek	SKIRMISHER	-1	-1	0	0.00	0.00	0	0	0	0	0	1.00	1.00	0	16	39	1
0	DEPLOYMENT	1	3	Hellhound	Hellhound	BipedMek	SKIRMISHER	1	13	1	0.00	0.00	0	0	0	0	0	1.00	1.00	1	20	25	2
0	DEPLOYMENT	1	4	Phantom	Phantom	BipedMek	SCOUT	-1	-1	0	0.00	0.00	0	0	0	0	0	1.00	1.00	0	28	17	2
ROUND	PHASE	PLAYER_ID	ENTITY_ID	CHASSIS	MODEL	TYPE	ROLE	X	Y	FACING	MP	HEAT	PRONE	AIRBORNE	OFF_BOARD	CRIPPLED	DESTROYED	ARMOR_P	INTERNAL_P	DONE	MAX_RANGE	TOTAL_DAMAGE	TEAM_ID
0	DEPLOYMENT	0	1	Lightning	Lightning	BipedMek	SNIPER	29	5	5	0.00	0.00	0	0	0	0	0	1.00	1.00	1	24	37	1
0	DEPLOYMENT	0	2	Thunder	Thunder	BipedMek	SKIRMISHER	-1	-1	0	0.00	0.00	0	0	0	0	0	1.00	1.00	0	16	39	1
0	DEPLOYMENT	1	3	Hellhound	Hellhound	BipedMek	SKIRMISHER	1	13	1	0.00	0.00	0	0	0	0	0	1.00	1.00	1	20	25	2
0	DEPLOYMENT	1	4	Phantom	Phantom	BipedMek	SCOUT	-1	-1	0	0.00	0.00	0	0	0	0	0	1.00	1.00	0	28	17	2
ROUND	PHASE	PLAYER_ID	ENTITY_ID	CHASSIS	MODEL	TYPE	ROLE	X	Y	FACING	MP	HEAT	PRONE	AIRBORNE	OFF_BOARD	CRIPPLED	DESTROYED	ARMOR_P	INTERNAL_P	DONE	MAX_RANGE	TOTAL_DAMAGE	TEAM_ID
0	DEPLOYMENT	0	1	Lightning	Lightning	BipedMek	SNIPER	29	5	5	0.00	0.00	0	0	0	0	0	1.00	1.00	1	24	37	1
0	DEPLOYMENT	0	2	Thunder	Thunder	BipedMek	SKIRMISHER	-1	-1	0	0.00	0.00	0	0	0	0	0	1.00	1.00	0	16	39	1
0	DEPLOYMENT	1	3	Hellhound	Hellhound	BipedMek	SKIRMISHER	1	13	1	0.00	0.00	0	0	0	0	0	1.00	1.00	1	20	25	2
0	DEPLOYMENT	1	4	Phantom	Phantom	BipedMek	SCOUT	2	11	1	0.00	0.00	0	0	0	0	0	1.00	1.00	1	28	17	2
ROUND	PHASE	PLAYER_ID	ENTITY_ID	CHASSIS	MODEL	TYPE	ROLE	X	Y	FACING	MP	HEAT	PRONE	AIRBORNE	OFF_BOARD	CRIPPLED	DESTROYED	ARMOR_P	INTERNAL_P	DONE	MAX_RANGE	TOTAL_DAMAGE	TEAM_ID
0	DEPLOYMENT	0	1	Lightning	Lightning	BipedMek	SNIPER	29	5	5	0.00	0.00	0	0	0	0	0	1.00	1.00	1	24	37	1
0	DEPLOYMENT	0	2	Thunder	Thunder	BipedMek	SKIRMISHER	29	12	5	0.00	0.00	0	0	0	0	0	1.00	1.00	1	16	39	1
0	DEPLOYMENT	1	3	Hellhound	Hellhound	BipedMek	SKIRMISHER	1	13	1	0.00	0.00	0	0	0	0	0	1.00	1.00	1	20	25	2
0	DEPLOYMENT	1	4	Phantom	Phantom	BipedMek	SCOUT	2	11	1	0.00	0.00	0	0	0	0	0	1.00	1.00	1	28	17	2
ROUND	PHASE	PLAYER_ID	ENTITY_ID	CHASSIS	MODEL	TYPE	ROLE	X	Y	FACING	MP	HEAT	PRONE	AIRBORNE	OFF_BOARD	CRIPPLED	DESTROYED	ARMOR_P	INTERNAL_P	DONE	MAX_RANGE	TOTAL_DAMAGE	TEAM_ID
1	TARGETING	0	1	Lightning	Lightning	BipedMek	SNIPER	29	5	5	0.00	0.00	0	0	0	0	0	1.00	1.00	1	24	37	1
1	TARGETING	0	2	Thunder	Thunder	BipedMek	SKIRMISHER	29	12	5	0.00	0.00	0	0	0	0	0	1.00	1.00	1	16	39	1
1	TARGETING	1	3	Hellhound	Hellhound	BipedMek	SKIRMISHER	1	13	1	0.00	0.00	0	0	0	0	0	1.00	1.00	1	20	25	2
1	TARGETING	1	4	Phantom	Phantom	BipedMek	SCOUT	2	11	1	0.00	0.00	0	0	0	0	0	1.00	1.00	1	28	17	2
PLAYER_ID	ENTITY_ID	CHASSIS	MODEL	FACING	FROM_X	FROM_Y	TO_X	TO_Y	HEXES_MOVED	DISTANCE	MP_USED	MAX_MP	MP_P	HEAT_P	ARMOR_P	INTERNAL_P	JUMPING	PRONE	LEGAL	STEPS	TEAM_ID	CHANCE_OF_FAILURE	IS_BOT
1	3	Hellhound	8	2	2	13	8	14	7	0	8	13	0.62	0.00	1.00	1.00	0	0	1	FORWARDS FORWARDS FORWARDS TURN_RIGHT FORWARDS FORWARDS FORWARDS FORWARDS	2	0.00	1
ROUND	PHASE	PLAYER_ID	ENTITY_ID	CHASSIS	MODEL	TYPE	ROLE	X	Y	FACING	MP	HEAT	PRONE	AIRBORNE	OFF_BOARD	CRIPPLED	DESTROYED	ARMOR_P	INTERNAL_P	DONE	MAX_RANGE	TOTAL_DAMAGE	TEAM_ID
1	MOVEMENT	0	1	Lightning	Lightning	BipedMek	SNIPER	29	5	5	0.00	0.00	0	0	0	0	0	1.00	1.00	0	24	37	1
1	MOVEMENT	0	2	Thunder	Thunder	BipedMek	SKIRMISHER	29	12	5	0.00	0.00	0	0	0	0	0	1.00	1.00	0	16	39	1
1	MOVEMENT	1	3	Hellhound	Hellhound	BipedMek	SKIRMISHER	8	14	2	0.00	0.00	0	0	0	0	0	1.00	1.00	1	20	25	2
1	MOVEMENT	1	4	Phantom	Phantom	BipedMek	SCOUT	2	11	1	0.00	0.00	0	0	0	0	0	1.00	1.00	0	28	17	2
PLAYER_ID	ENTITY_ID	CHASSIS	MODEL	FACING	FROM_X	FROM_Y	TO_X	TO_Y	HEXES_MOVED	DISTANCE	MP_USED	MAX_MP	MP_P	HEAT_P	ARMOR_P	INTERNAL_P	JUMPING	PRONE	LEGAL	STEPS	TEAM_ID	CHANCE_OF_FAILURE	IS_BOT
0	1	Lightning	LHN-C5	4	28	5	22	5	7	0	8	10	0.80	0.00	1.00	1.00	0	0	1	FORWARDS FORWARDS FORWARDS FORWARDS TURN_LEFT FORWARDS FORWARDS FORWARDS	1	0.00	0
ROUND	PHASE	PLAYER_ID	ENTITY_ID	CHASSIS	MODEL	TYPE	ROLE	X	Y	FACING	MP	HEAT	PRONE	AIRBORNE	OFF_BOARD	CRIPPLED	DESTROYED	ARMOR_P	INTERNAL_P	DONE	MAX_RANGE	TOTAL_DAMAGE	TEAM_ID
1	MOVEMENT	0	1	Lightning	Lightning	BipedMek	SNIPER	22	5	4	0.00	0.00	0	0	0	0	0	1.00	1.00	1	24	37	1
1	MOVEMENT	0	2	Thunder	Thunder	BipedMek	SKIRMISHER	29	12	5	0.00	0.00	0	0	0	0	0	1.00	1.00	0	16	39	1
1	MOVEMENT	1	3	Hellhound	Hellhound	BipedMek	SKIRMISHER	8	14	2	0.00	0.00	0	0	0	0	0	1.00	1.00	1	20	25	2
1	MOVEMENT	1	4	Phantom	Phantom	BipedMek	SCOUT	2	11	1	0.00	0.00	0	0	0	0	0	1.00	1.00	0	28	17	2
PLAYER_ID	ENTITY_ID	CHASSIS	MODEL	FACING	FROM_X	FROM_Y	TO_X	TO_Y	HEXES_MOVED	DISTANCE	MP_USED	MAX_MP	MP_P	HEAT_P	ARMOR_P	INTERNAL_P	JUMPING	PRONE	LEGAL	STEPS	TEAM_ID	CHANCE_OF_FAILURE	IS_BOT
1	4	Phantom	Prime	1	2	11	10	11	10	0	14	18	0.78	0.00	1.00	1.00	0	0	1	TURN_RIGHT FORWARDS FORWARDS FORWARDS FORWARDS FORWARDS FORWARDS TURN_LEFT FORWARDS FORWARDS TURN_LEFT FORWARDS FORWARDS TURN_RIGHT	2	0.00	1
ROUND	PHASE	PLAYER_ID	ENTITY_ID	CHASSIS	MODEL	TYPE	ROLE	X	Y	FACING	MP	HEAT	PRONE	AIRBORNE	OFF_BOARD	CRIPPLED	DESTROYED	ARMOR_P	INTERNAL_P	DONE	MAX_RANGE	TOTAL_DAMAGE	TEAM_ID
1	MOVEMENT	0	1	Lightning	Lightning	BipedMek	SNIPER	22	5	4	0.00	0.00	0	0	0	0	0	1.00	1.00	1	24	37	1
1	MOVEMENT	0	2	Thunder	Thunder	BipedMek	SKIRMISHER	29	12	5	0.00	0.00	0	0	0	0	0	1.00	1.00	0	16	39	1
1	MOVEMENT	1	3	Hellhound	Hellhound	BipedMek	SKIRMISHER	8	14	2	0.00	0.00	0	0	0	0	0	1.00	1.00	1	20	25	2
1	MOVEMENT	1	4	Phantom	Phantom	BipedMek	SCOUT	10	11	1	0.00	0.00	0	0	0	0	0	1.00	1.00	1	28	17	2
PLAYER_ID	ENTITY_ID	CHASSIS	MODEL	FACING	FROM_X	FROM_Y	TO_X	TO_Y	HEXES_MOVED	DISTANCE	MP_USED	MAX_MP	MP_P	HEAT_P	ARMOR_P	INTERNAL_P	JUMPING	PRONE	LEGAL	STEPS	TEAM_ID	CHANCE_OF_FAILURE	IS_BOT
0	2	Thunder	THR-2L	4	28	12	25	11	5	0	8	10	0.80	0.00	1.00	1.00	0	0	1	FORWARDS TURN_RIGHT FORWARDS TURN_LEFT FORWARDS TURN_LEFT FORWARDS FORWARDS	1	0.00	0
ROUND	PHASE	PLAYER_ID	ENTITY_ID	CHASSIS	MODEL	TYPE	ROLE	X	Y	FACING	MP	HEAT	PRONE	AIRBORNE	OFF_BOARD	CRIPPLED	DESTROYED	ARMOR_P	INTERNAL_P	DONE	MAX_RANGE	TOTAL_DAMAGE	TEAM_ID
1	MOVEMENT	0	1	Lightning	Lightning	BipedMek	SNIPER	22	5	4	0.00	0.00	0	0	0	0	0	1.00	1.00	1	24	37	1
1	MOVEMENT	0	2	Thunder	Thunder	BipedMek	SKIRMISHER	25	11	4	0.00	0.00	0	0	0	0	0	1.00	1.00	1	16	39	1
1	MOVEMENT	1	3	Hellhound	Hellhound	BipedMek	SKIRMISHER	8	14	2	0.00	0.00	0	0	0	0	0	1.00	1.00	1	20	25	2
1	MOVEMENT	1	4	Phantom	Phantom	BipedMek	SCOUT	10	11	1	0.00	0.00	0	0	0	0	0	1.00	1.00	1	28	17	2
ROUND	PHASE	PLAYER_ID	ENTITY_ID	CHASSIS	MODEL	TYPE	ROLE	X	Y	FACING	MP	HEAT	PRONE	AIRBORNE	OFF_BOARD	CRIPPLED	DESTROYED	ARMOR_P	INTERNAL_P	DONE	MAX_RANGE	TOTAL_DAMAGE	TEAM_ID
1	OFFBOARD	0	1	Lightning	Lightning	BipedMek	SNIPER	22	5	4	0.00	0.00	0	0	0	0	0	1.00	1.00	1	24	37	1
1	OFFBOARD	0	2	Thunder	Thunder	BipedMek	SKIRMISHER	25	11	4	0.00	0.00	0	0	0	0	0	1.00	1.00	1	16	39	1
1	OFFBOARD	1	3	Hellhound	Hellhound	BipedMek	SKIRMISHER	8	14	2	0.00	0.00	0	0	0	0	0	1.00	1.00	1	20	25	2
1	OFFBOARD	1	4	Phantom	Phantom	BipedMek	SCOUT	10	11	1	0.00	0.00	0	0	0	0	0	1.00	1.00	1	28	17	2
ROUND	PLAYER_ID	ENTITY_ID	TYPE	ROLE	X	Y	FACING	TARGET_PLAYER_ID	TARGET_ID	TARGET_TYPE	TARGET_ROLE	TARGET_X	TARGET_Y	TARGET_FACING	AIMING_LOC	AIMING_MODE	WEAPON_ID	AMMO_ID	ATA	ATG	GTG	GTA	TO_HIT	TURNS_TO_HIT	SPOTTER_ID
1	0	1	BipedMek	SNIPER	22	5	4	1	4	BipedMek	SCOUT	10	11	1	-1	NONE	2	-1	0	0	1	0	12.00	0	-1
ROUND	PLAYER_ID	ENTITY_ID	TYPE	ROLE	X	Y	FACING	TARGET_PLAYER_ID	TARGET_ID	TARGET_TYPE	TARGET_ROLE	TARGET_X	TARGET_Y	TARGET_FACING	AIMING_LOC	AIMING_MODE	WEAPON_ID	AMMO_ID	ATA	ATG	GTG	GTA	TO_HIT	TURNS_TO_HIT	SPOTTER_ID
1	1	4	BipedMek	SCOUT	10	11	1	0	1	BipedMek	SNIPER	22	5	4	-1	NONE	2	3	0	0	1	0	11.00	0	-1
ROUND	PHASE	PLAYER_ID	ENTITY_ID	CHASSIS	MODEL	TYPE	ROLE	X	Y	FACING	MP	HEAT	PRONE	AIRBORNE	OFF_BOARD	CRIPPLED	DESTROYED	ARMOR_P	INTERNAL_P	DONE	MAX_RANGE	TOTAL_DAMAGE	TEAM_ID
1	FIRING	0	1	Lightning	Lightning	BipedMek	SNIPER	22	5	4	0.00	0.00	0	0	0	0	0	1.00	1.00	1	24	37	1
1	FIRING	0	2	Thunder	Thunder	BipedMek	SKIRMISHER	25	11	4	0.00	0.00	0	0	0	0	0	1.00	1.00	1	16	39	1
1	FIRING	1	3	Hellhound	Hellhound	BipedMek	SKIRMISHER	8	14	2	0.00	0.00	0	0	0	0	0	1.00	1.00	1	20	25	2
1	FIRING	1	4	Phantom	Phantom	BipedMek	SCOUT	10	11	1	0.00	0.00	0	0	0	0	0	1.00	1.00	1	20	17	2
ROUND	PHASE	PLAYER_ID	ENTITY_ID	CHASSIS	MODEL	TYPE	ROLE	X	Y	FACING	MP	HEAT	PRONE	AIRBORNE	OFF_BOARD	CRIPPLED	DESTROYED	ARMOR_P	INTERNAL_P	DONE	MAX_RANGE	TOTAL_DAMAGE	TEAM_ID
2	TARGETING	0	1	Lightning	Lightning	BipedMek	SNIPER	22	5	4	8.00	0.00	0	0	0	0	0	1.00	1.00	1	24	37	1
2	TARGETING	0	2	Thunder	Thunder	BipedMek	SKIRMISHER	25	11	4	8.00	0.00	0	0	0	0	0	1.00	1.00	1	16	39	1
2	TARGETING	1	3	Hellhound	Hellhound	BipedMek	SKIRMISHER	8	14	2	8.00	0.00	0	0	0	0	0	1.00	1.00	1	20	25	2
2	TARGETING	1	4	Phantom	Phantom	BipedMek	SCOUT	10	11	1	14.00	0.00	0	0	0	0	0	1.00	1.00	1	28	17	2
PLAYER_ID	ENTITY_ID	CHASSIS	MODEL	FACING	FROM_X	FROM_Y	TO_X	TO_Y	HEXES_MOVED	DISTANCE	MP_USED	MAX_MP	MP_P	HEAT_P	ARMOR_P	INTERNAL_P	JUMPING	PRONE	LEGAL	STEPS	TEAM_ID	CHANCE_OF_FAILURE	IS_BOT
1	3	Hellhound	8	1	8	14	12	11	5	0	5	5	1.00	0.00	1.00	1.00	1	0	1	START_JUMP TURN_LEFT TURN_LEFT FORWARDS TURN_RIGHT FORWARDS FORWARDS FORWARDS FORWARDS	2	0.00	1
ROUND	PHASE	PLAYER_ID	ENTITY_ID	CHASSIS	MODEL	TYPE	ROLE	X	Y	FACING	MP	HEAT	PRONE	AIRBORNE	OFF_BOARD	CRIPPLED	DESTROYED	ARMOR_P	INTERNAL_P	DONE	MAX_RANGE	TOTAL_DAMAGE	TEAM_ID
2	MOVEMENT	0	1	Lightning	Lightning	BipedMek	SNIPER	22	5	4	8.00	0.00	0	0	0	0	0	1.00	1.00	0	24	37	1
2	MOVEMENT	0	2	Thunder	Thunder	BipedMek	SKIRMISHER	25	11	4	8.00	0.00	0	0	0	0	0	1.00	1.00	0	16	39	1
2	MOVEMENT	1	3	Hellhound	Hellhound	BipedMek	SKIRMISHER	12	11	1	8.00	0.00	0	0	0	0	0	1.00	1.00	1	20	25	2
2	MOVEMENT	1	4	Phantom	Phantom	BipedMek	SCOUT	10	11	1	14.00	0.00	0	0	0	0	0	1.00	1.00	0	28	17	2
PLAYER_ID	ENTITY_ID	CHASSIS	MODEL	FACING	FROM_X	FROM_Y	TO_X	TO_Y	HEXES_MOVED	DISTANCE	MP_USED	MAX_MP	MP_P	HEAT_P	ARMOR_P	INTERNAL_P	JUMPING	PRONE	LEGAL	STEPS	TEAM_ID	CHANCE_OF_FAILURE	IS_BOT
0	1	Lightning	LHN-C5	3	21	5	19	10	7	0	8	10	0.80	0.00	1.00	1.00	0	0	1	FORWARDS FORWARDS FORWARDS TURN_LEFT FORWARDS FORWARDS FORWARDS FORWARDS	1	0.00	0
ROUND	PHASE	PLAYER_ID	ENTITY_ID	CHASSIS	MODEL	TYPE	ROLE	X	Y	FACING	MP	HEAT	PRONE	AIRBORNE	OFF_BOARD	CRIPPLED	DESTROYED	ARMOR_P	INTERNAL_P	DONE	MAX_RANGE	TOTAL_DAMAGE	TEAM_ID
2	MOVEMENT	0	1	Lightning	Lightning	BipedMek	SNIPER	19	10	3	8.00	0.00	0	0	0	0	0	1.00	1.00	1	24	37	1
2	MOVEMENT	0	2	Thunder	Thunder	BipedMek	SKIRMISHER	25	11	4	8.00	0.00	0	0	0	0	0	1.00	1.00	0	16	39	1
2	MOVEMENT	1	3	Hellhound	Hellhound	BipedMek	SKIRMISHER	12	11	1	8.00	0.00	0	0	0	0	0	1.00	1.00	1	20	25	2
2	MOVEMENT	1	4	Phantom	Phantom	BipedMek	SCOUT	10	11	1	14.00	0.00	0	0	0	0	0	1.00	1.00	0	28	17	2
PLAYER_ID	ENTITY_ID	CHASSIS	MODEL	FACING	FROM_X	FROM_Y	TO_X	TO_Y	HEXES_MOVED	DISTANCE	MP_USED	MAX_MP	MP_P	HEAT_P	ARMOR_P	INTERNAL_P	JUMPING	PRONE	LEGAL	STEPS	TEAM_ID	CHANCE_OF_FAILURE	IS_BOT
1	4	Phantom	Prime	1	10	11	11	12	3	0	9	9	1.00	0.00	1.00	1.00	0	0	1	TURN_LEFT BACKWARDS BACKWARDS TURN_LEFT TURN_LEFT BACKWARDS TURN_RIGHT TURN_RIGHT TURN_RIGHT	2	0.00	1
ROUND	PHASE	PLAYER_ID	ENTITY_ID	CHASSIS	MODEL	TYPE	ROLE	X	Y	FACING	MP	HEAT	PRONE	AIRBORNE	OFF_BOARD	CRIPPLED	DESTROYED	ARMOR_P	INTERNAL_P	DONE	MAX_RANGE	TOTAL_DAMAGE	TEAM_ID
2	MOVEMENT	0	1	Lightning	Lightning	BipedMek	SNIPER	19	10	3	8.00	0.00	0	0	0	0	0	1.00	1.00	1	24	37	1
2	MOVEMENT	0	2	Thunder	Thunder	BipedMek	SKIRMISHER	25	11	4	8.00	0.00	0	0	0	0	0	1.00	1.00	0	16	39	1
2	MOVEMENT	1	3	Hellhound	Hellhound	BipedMek	SKIRMISHER	12	11	1	8.00	0.00	0	0	0	0	0	1.00	1.00	1	20	25	2
2	MOVEMENT	1	4	Phantom	Phantom	BipedMek	SCOUT	11	12	1	14.00	0.00	0	0	0	0	0	1.00	1.00	1	28	17	2
PLAYER_ID	ENTITY_ID	CHASSIS	MODEL	FACING	FROM_X	FROM_Y	TO_X	TO_Y	HEXES_MOVED	DISTANCE	MP_USED	MAX_MP	MP_P	HEAT_P	ARMOR_P	INTERNAL_P	JUMPING	PRONE	LEGAL	STEPS	TEAM_ID	CHANCE_OF_FAILURE	IS_BOT
0	2	Thunder	THR-2L	5	24	12	22	12	3	0	4	10	0.40	0.00	1.00	1.00	0	0	1	FORWARDS FORWARDS TURN_RIGHT FORWARDS	1	0.00	0
ROUND	PHASE	PLAYER_ID	ENTITY_ID	CHASSIS	MODEL	TYPE	ROLE	X	Y	FACING	MP	HEAT	PRONE	AIRBORNE	OFF_BOARD	CRIPPLED	DESTROYED	ARMOR_P	INTERNAL_P	DONE	MAX_RANGE	TOTAL_DAMAGE	TEAM_ID
2	MOVEMENT	0	1	Lightning	Lightning	BipedMek	SNIPER	19	10	3	8.00	0.00	0	0	0	0	0	1.00	1.00	1	24	37	1
2	MOVEMENT	0	2	Thunder	Thunder	BipedMek	SKIRMISHER	22	12	5	8.00	0.00	0	0	0	0	0	1.00	1.00	1	16	39	1
2	MOVEMENT	1	3	Hellhound	Hellhound	BipedMek	SKIRMISHER	12	11	1	8.00	0.00	0	0	0	0	0	1.00	1.00	1	20	25	2
2	MOVEMENT	1	4	Phantom	Phantom	BipedMek	SCOUT	11	12	1	14.00	0.00	0	0	0	0	0	1.00	1.00	1	28	17	2
ROUND	PLAYER_ID	ENTITY_ID	TYPE	ROLE	X	Y	FACING	TARGET_PLAYER_ID	TARGET_ID	TARGET_TYPE	TARGET_ROLE	TARGET_X	TARGET_Y	TARGET_FACING	AIMING_LOC	AIMING_MODE	WEAPON_ID	AMMO_ID	ATA	ATG	GTG	GTA	TO_HIT	TURNS_TO_HIT	SPOTTER_ID
2	1	4	BipedMek	SCOUT	11	12	1	0	1	BipedMek	SNIPER	19	10	3	-1	NONE	6	-1	0	0	1	0	10.00	0	-1
ROUND	PHASE	PLAYER_ID	ENTITY_ID	CHASSIS	MODEL	TYPE	ROLE	X	Y	FACING	MP	HEAT	PRONE	AIRBORNE	OFF_BOARD	CRIPPLED	DESTROYED	ARMOR_P	INTERNAL_P	DONE	MAX_RANGE	TOTAL_DAMAGE	TEAM_ID
2	OFFBOARD	0	1	Lightning	Lightning	BipedMek	SNIPER	19	10	3	8.00	0.00	0	0	0	0	0	1.00	1.00	1	24	37	1
2	OFFBOARD	0	2	Thunder	Thunder	BipedMek	SKIRMISHER	22	12	5	8.00	0.00	0	0	0	0	0	1.00	1.00	1	16	39	1
2	OFFBOARD	1	3	Hellhound	Hellhound	BipedMek	SKIRMISHER	12	11	1	8.00	0.00	0	0	0	0	0	1.00	1.00	1	20	25	2
2	OFFBOARD	1	4	Phantom	Phantom	BipedMek	SCOUT	11	12	1	14.00	0.00	0	0	0	0	0	1.00	1.00	1	28	17	2
ROUND	PLAYER_ID	ENTITY_ID	TYPE	ROLE	X	Y	FACING	TARGET_PLAYER_ID	TARGET_ID	TARGET_TYPE	TARGET_ROLE	TARGET_X	TARGET_Y	TARGET_FACING	AIMING_LOC	AIMING_MODE	WEAPON_ID	AMMO_ID	ATA	ATG	GTG	GTA	TO_HIT	TURNS_TO_HIT	SPOTTER_ID
2	1	3	BipedMek	SKIRMISHER	12	11	1	0	2	BipedMek	SKIRMISHER	22	12	5	-1	NONE	11	-1	0	0	1	0	10.00	0	-1
2	1	3	BipedMek	SKIRMISHER	12	11	1	0	2	BipedMek	SKIRMISHER	22	12	5	-1	NONE	12	-1	0	0	1	0	10.00	0	-1
2	1	3	BipedMek	SKIRMISHER	12	11	1	0	2	BipedMek	SKIRMISHER	22	12	5	-1	NONE	2	3	0	0	1	0	10.00	0	-1
2	1	3	BipedMek	SKIRMISHER	12	11	1	0	2	BipedMek	SKIRMISHER	22	12	5	-1	NONE	7	8	0	0	1	0	12.00	0	-1
2	0	1	BipedMek	SNIPER	19	10	3	1	4	BipedMek	SCOUT	11	12	1	-1	NONE	6	3	0	0	1	0	2147483647.00	0	-1
2	0	1	BipedMek	SNIPER	19	10	3	1	4	BipedMek	SCOUT	11	12	1	-1	NONE	2	-1	0	0	1	0	2147483647.00	0	-1
ROUND	PLAYER_ID	ENTITY_ID	TYPE	ROLE	X	Y	FACING	TARGET_PLAYER_ID	TARGET_ID	TARGET_TYPE	TARGET_ROLE	TARGET_X	TARGET_Y	TARGET_FACING	AIMING_LOC	AIMING_MODE	WEAPON_ID	AMMO_ID	ATA	ATG	GTG	GTA	TO_HIT	TURNS_TO_HIT	SPOTTER_ID
2	1	4	BipedMek	SCOUT	11	12	1	0	2	BipedMek	SKIRMISHER	22	12	5	-1	NONE	4	-1	0	0	1	0	10.00	0	-1
2	1	4	BipedMek	SCOUT	11	12	1	0	2	BipedMek	SKIRMISHER	22	12	5	-1	NONE	2	3	0	0	1	0	8.00	0	-1
ROUND	PLAYER_ID	ENTITY_ID	TYPE	ROLE	X	Y	FACING	TARGET_PLAYER_ID	TARGET_ID	TARGET_TYPE	TARGET_ROLE	TARGET_X	TARGET_Y	TARGET_FACING	AIMING_LOC	AIMING_MODE	WEAPON_ID	AMMO_ID	ATA	ATG	GTG	GTA	TO_HIT	TURNS_TO_HIT	SPOTTER_ID
2	0	2	BipedMek	SKIRMISHER	22	12	5	1	4	BipedMek	SCOUT	11	12	1	-1	NONE	13	-1	0	0	1	0	10.00	0	-1
2	0	2	BipedMek	SKIRMISHER	22	12	5	1	4	BipedMek	SCOUT	11	12	1	-1	NONE	5	6	0	0	1	0	12.00	0	-1
2	0	2	BipedMek	SKIRMISHER	22	12	5	1	4	BipedMek	SCOUT	11	12	1	-1	NONE	11	-1	0	0	1	0	10.00	0	-1
ROUND	PHASE	PLAYER_ID	ENTITY_ID	CHASSIS	MODEL	TYPE	ROLE	X	Y	FACING	MP	HEAT	PRONE	AIRBORNE	OFF_BOARD	CRIPPLED	DESTROYED	ARMOR_P	INTERNAL_P	DONE	MAX_RANGE	TOTAL_DAMAGE	TEAM_ID
2	FIRING	0	1	Lightning	Lightning	BipedMek	SNIPER	19	10	3	8.00	0.00	0	0	0	0	0	1.00	1.00	1	0	37	1
2	FIRING	0	2	Thunder	Thunder	BipedMek	SKIRMISHER	22	12	5	8.00	0.00	0	0	0	0	0	0.96	1.00	1	16	39	1
2	FIRING	1	3	Hellhound	Hellhound	BipedMek	SKIRMISHER	12	11	1	8.00	0.00	0	0	0	0	0	1.00	1.00	1	16	25	2
2	FIRING	1	4	Phantom	Phantom	BipedMek	SCOUT	11	12	1	14.00	0.00	0	0	0	0	0	0.89	0.87	1	8	17	2
ROUND	PHASE	PLAYER_ID	ENTITY_ID	CHASSIS	MODEL	TYPE	ROLE	X	Y	FACING	MP	HEAT	PRONE	AIRBORNE	OFF_BOARD	CRIPPLED	DESTROYED	ARMOR_P	INTERNAL_P	DONE	MAX_RANGE	TOTAL_DAMAGE	TEAM_ID
3	TARGETING	0	1	Lightning	Lightning	BipedMek	SNIPER	19	10	3	8.00	0.00	0	0	0	0	0	1.00	1.00	1	24	37	1
3	TARGETING	0	2	Thunder	Thunder	BipedMek	SKIRMISHER	22	12	5	4.00	0.00	0	0	0	0	0	0.96	1.00	1	16	39	1
3	TARGETING	1	3	Hellhound	Hellhound	BipedMek	SKIRMISHER	12	11	1	5.00	0.00	0	0	0	0	0	1.00	1.00	1	20	25	2
3	TARGETING	1	4	Phantom	Phantom	BipedMek	SCOUT	11	12	1	9.00	0.00	0	0	0	0	0	0.89	0.87	1	28	17	2
PLAYER_ID	ENTITY_ID	CHASSIS	MODEL	FACING	FROM_X	FROM_Y	TO_X	TO_Y	HEXES_MOVED	DISTANCE	MP_USED	MAX_MP	MP_P	HEAT_P	ARMOR_P	INTERNAL_P	JUMPING	PRONE	LEGAL	STEPS	TEAM_ID	CHANCE_OF_FAILURE	IS_BOT
0	1	Lightning	LHN-C5	3	19	9	19	5	5	0	5	5	1.00	0.00	1.00	1.00	0	0	1	BACKWARDS BACKWARDS BACKWARDS BACKWARDS BACKWARDS	1	0.00	0
ROUND	PHASE	PLAYER_ID	ENTITY_ID	CHASSIS	MODEL	TYPE	ROLE	X	Y	FACING	MP	HEAT	PRONE	AIRBORNE	OFF_BOARD	CRIPPLED	DESTROYED	ARMOR_P	INTERNAL_P	DONE	MAX_RANGE	TOTAL_DAMAGE	TEAM_ID
3	MOVEMENT	0	1	Lightning	Lightning	BipedMek	SNIPER	19	5	3	8.00	0.00	0	0	0	0	0	1.00	1.00	1	24	37	1
3	MOVEMENT	0	2	Thunder	Thunder	BipedMek	SKIRMISHER	22	12	5	4.00	0.00	0	0	0	0	0	0.96	1.00	0	16	39	1
3	MOVEMENT	1	3	Hellhound	Hellhound	BipedMek	SKIRMISHER	12	11	1	5.00	0.00	0	0	0	0	0	1.00	1.00	0	20	25	2
3	MOVEMENT	1	4	Phantom	Phantom	BipedMek	SCOUT	11	12	1	9.00	0.00	0	0	0	0	0	0.89	0.87	0	28	17	2
PLAYER_ID	ENTITY_ID	CHASSIS	MODEL	FACING	FROM_X	FROM_Y	TO_X	TO_Y	HEXES_MOVED	DISTANCE	MP_USED	MAX_MP	MP_P	HEAT_P	ARMOR_P	INTERNAL_P	JUMPING	PRONE	LEGAL	STEPS	TEAM_ID	CHANCE_OF_FAILURE	IS_BOT
1	3	Hellhound	8	2	12	11	14	7	5	0	5	5	1.00	0.00	1.00	1.00	1	0	1	START_JUMP FORWARDS FORWARDS TURN_LEFT FORWARDS FORWARDS FORWARDS TURN_RIGHT TURN_RIGHT	2	0.00	1
ROUND	PHASE	PLAYER_ID	ENTITY_ID	CHASSIS	MODEL	TYPE	ROLE	X	Y	FACING	MP	HEAT	PRONE	AIRBORNE	OFF_BOARD	CRIPPLED	DESTROYED	ARMOR_P	INTERNAL_P	DONE	MAX_RANGE	TOTAL_DAMAGE	TEAM_ID
3	MOVEMENT	0	1	Lightning	Lightning	BipedMek	SNIPER	19	5	3	8.00	0.00	0	0	0	0	0	1.00	1.00	1	24	37	1
3	MOVEMENT	0	2	Thunder	Thunder	BipedMek	SKIRMISHER	22	12	5	4.00	0.00	0	0	0	0	0	0.96	1.00	0	16	39	1
3	MOVEMENT	1	3	Hellhound	Hellhound	BipedMek	SKIRMISHER	14	7	2	5.00	0.00	0	0	0	0	0	1.00	1.00	1	20	25	2
3	MOVEMENT	1	4	Phantom	Phantom	BipedMek	SCOUT	11	12	1	9.00	0.00	0	0	0	0	0	0.89	0.87	0	28	17	2
PLAYER_ID	ENTITY_ID	CHASSIS	MODEL	FACING	FROM_X	FROM_Y	TO_X	TO_Y	HEXES_MOVED	DISTANCE	MP_USED	MAX_MP	MP_P	HEAT_P	ARMOR_P	INTERNAL_P	JUMPING	PRONE	LEGAL	STEPS	TEAM_ID	CHANCE_OF_FAILURE	IS_BOT
0	2	Thunder	THR-2L	5	22	12	18	9	5	0	7	10	0.70	0.00	0.96	1.00	0	0	1	TURN_RIGHT FORWARDS TURN_LEFT FORWARDS FORWARDS FORWARDS FORWARDS	1	0.00	0
ROUND	PHASE	PLAYER_ID	ENTITY_ID	CHASSIS	MODEL	TYPE	ROLE	X	Y	FACING	MP	HEAT	PRONE	AIRBORNE	OFF_BOARD	CRIPPLED	DESTROYED	ARMOR_P	INTERNAL_P	DONE	MAX_RANGE	TOTAL_DAMAGE	TEAM_ID
3	MOVEMENT	0	1	Lightning	Lightning	BipedMek	SNIPER	19	5	3	8.00	0.00	0	0	0	0	0	1.00	1.00	1	24	37	1
3	MOVEMENT	0	2	Thunder	Thunder	BipedMek	SKIRMISHER	18	9	5	4.00	0.00	0	0	0	0	0	0.96	1.00	1	16	39	1
3	MOVEMENT	1	3	Hellhound	Hellhound	BipedMek	SKIRMISHER	14	7	2	5.00	0.00	0	0	0	0	0	1.00	1.00	1	20	25	2
3	MOVEMENT	1	4	Phantom	Phantom	BipedMek	SCOUT	11	12	1	9.00	0.00	0	0	0	0	0	0.89	0.87	0	28	17	2
PLAYER_ID	ENTITY_ID	CHASSIS	MODEL	FACING	FROM_X	FROM_Y	TO_X	TO_Y	HEXES_MOVED	DISTANCE	MP_USED	MAX_MP	MP_P	HEAT_P	ARMOR_P	INTERNAL_P	JUMPING	PRONE	LEGAL	STEPS	TEAM_ID	CHANCE_OF_FAILURE	IS_BOT
1	4	Phantom	Prime	2	11	12	11	14	4	0	14	18	0.78	0.00	0.89	0.87	0	0	1	TURN_RIGHT TURN_RIGHT TURN_RIGHT FORWARDS FORWARDS TURN_LEFT TURN_LEFT FORWARDS FORWARDS	2	0.00	1
ROUND	PHASE	PLAYER_ID	ENTITY_ID	CHASSIS	MODEL	TYPE	ROLE	X	Y	FACING	MP	HEAT	PRONE	AIRBORNE	OFF_BOARD	CRIPPLED	DESTROYED	ARMOR_P	INTERNAL_P	DONE	MAX_RANGE	TOTAL_DAMAGE	TEAM_ID
3	MOVEMENT	0	1	Lightning	Lightning	BipedMek	SNIPER	19	5	3	8.00	0.00	0	0	0	0	0	1.00	1.00	1	24	37	1
3	MOVEMENT	0	2	Thunder	Thunder	BipedMek	SKIRMISHER	18	9	5	4.00	0.00	0	0	0	0	0	0.96	1.00	1	16	39	1
3	MOVEMENT	1	3	Hellhound	Hellhound	BipedMek	SKIRMISHER	14	7	2	5.00	0.00	0	0	0	0	0	1.00	1.00	1	20	25	2
3	MOVEMENT	1	4	Phantom	Phantom	BipedMek	SCOUT	11	14	2	9.00	0.00	0	0	0	0	0	0.89	0.87	1	28	17	2
ROUND	PHASE	PLAYER_ID	ENTITY_ID	CHASSIS	MODEL	TYPE	ROLE	X	Y	FACING	MP	HEAT	PRONE	AIRBORNE	OFF_BOARD	CRIPPLED	DESTROYED	ARMOR_P	INTERNAL_P	DONE	MAX_RANGE	TOTAL_DAMAGE	TEAM_ID
3	OFFBOARD	0	1	Lightning	Lightning	BipedMek	SNIPER	19	5	3	8.00	0.00	0	0	0	0	0	1.00	1.00	1	24	37	1
3	OFFBOARD	0	2	Thunder	Thunder	BipedMek	SKIRMISHER	18	9	5	4.00	0.00	0	0	0	0	0	0.96	1.00	1	16	39	1
3	OFFBOARD	1	3	Hellhound	Hellhound	BipedMek	SKIRMISHER	14	7	2	5.00	0.00	0	0	0	0	0	1.00	1.00	1	20	25	2
3	OFFBOARD	1	4	Phantom	Phantom	BipedMek	SCOUT	11	14	2	9.00	0.00	0	0	0	0	0	0.89	0.87	1	28	17	2
ROUND	PLAYER_ID	ENTITY_ID	TYPE	ROLE	X	Y	FACING	TARGET_PLAYER_ID	TARGET_ID	TARGET_TYPE	TARGET_ROLE	TARGET_X	TARGET_Y	TARGET_FACING	AIMING_LOC	AIMING_MODE	WEAPON_ID	AMMO_ID	ATA	ATG	GTG	GTA	TO_HIT	TURNS_TO_HIT	SPOTTER_ID
3	1	3	BipedMek	SKIRMISHER	14	7	2	0	2	BipedMek	SKIRMISHER	18	9	5	-1	NONE	11	-1	0	0	1	0	7.00	0	-1
3	1	3	BipedMek	SKIRMISHER	14	7	2	0	2	BipedMek	SKIRMISHER	18	9	5	-1	NONE	12	-1	0	0	1	0	7.00	0	-1
3	1	3	BipedMek	SKIRMISHER	14	7	2	0	2	BipedMek	SKIRMISHER	18	9	5	-1	NONE	2	3	0	0	1	0	9.00	0	-1
3	1	3	BipedMek	SKIRMISHER	14	7	2	0	2	BipedMek	SKIRMISHER	18	9	5	-1	NONE	7	8	0	0	1	0	9.00	0	-1
ROUND	PLAYER_ID	ENTITY_ID	TYPE	ROLE	X	Y	FACING	TARGET_PLAYER_ID	TARGET_ID	TARGET_TYPE	TARGET_ROLE	TARGET_X	TARGET_Y	TARGET_FACING	AIMING_LOC	AIMING_MODE	WEAPON_ID	AMMO_ID	ATA	ATG	GTG	GTA	TO_HIT	TURNS_TO_HIT	SPOTTER_ID
3	0	2	BipedMek	SKIRMISHER	18	9	5	1	3	BipedMek	SKIRMISHER	14	7	2	-1	NONE	4	7	0	0	1	0	10.00	0	-1
3	0	2	BipedMek	SKIRMISHER	18	9	5	1	3	BipedMek	SKIRMISHER	14	7	2	-1	NONE	11	-1	0	0	1	0	10.00	0	-1
3	0	2	BipedMek	SKIRMISHER	18	9	5	1	3	BipedMek	SKIRMISHER	14	7	2	-1	NONE	13	-1	0	0	1	0	10.00	0	-1
3	0	2	BipedMek	SKIRMISHER	18	9	5	1	3	BipedMek	SKIRMISHER	14	7	2	-1	NONE	5	6	0	0	1	0	12.00	0	-1
3	0	2	BipedMek	SKIRMISHER	18	9	5	1	3	BipedMek	SKIRMISHER	14	7	2	-1	NONE	2	-1	0	0	1	0	12.00	0	-1
ROUND	PLAYER_ID	ENTITY_ID	TYPE	ROLE	X	Y	FACING	TARGET_PLAYER_ID	TARGET_ID	TARGET_TYPE	TARGET_ROLE	TARGET_X	TARGET_Y	TARGET_FACING	AIMING_LOC	AIMING_MODE	WEAPON_ID	AMMO_ID	ATA	ATG	GTG	GTA	TO_HIT	TURNS_TO_HIT	SPOTTER_ID
3	1	4	BipedMek	SCOUT	11	14	2	0	1	BipedMek	SNIPER	19	5	3	-1	NONE	2	3	0	0	1	0	12.00	0	-1
ROUND	PHASE	PLAYER_ID	ENTITY_ID	CHASSIS	MODEL	TYPE	ROLE	X	Y	FACING	MP	HEAT	PRONE	AIRBORNE	OFF_BOARD	CRIPPLED	DESTROYED	ARMOR_P	INTERNAL_P	DONE	MAX_RANGE	TOTAL_DAMAGE	TEAM_ID
3	FIRING	0	1	Lightning	Lightning	BipedMek	SNIPER	19	5	3	8.00	0.00	0	0	0	0	0	1.00	1.00	1	24	37	1
3	FIRING	0	2	Thunder	Thunder	BipedMek	SKIRMISHER	18	9	5	4.00	0.00	0	0	0	0	0	0.93	1.00	1	12	39	1
3	FIRING	1	3	Hellhound	Hellhound	BipedMek	SKIRMISHER	14	7	2	5.00	0.00	0	0	0	0	0	0.97	1.00	1	16	25	2
3	FIRING	1	4	Phantom	Phantom	BipedMek	SCOUT	11	14	2	9.00	0.00	0	0	0	0	0	0.89	0.87	1	20	17	2
ROUND	PHASE	PLAYER_ID	ENTITY_ID	CHASSIS	MODEL	TYPE	ROLE	X	Y	FACING	MP	HEAT	PRONE	AIRBORNE	OFF_BOARD	CRIPPLED	DESTROYED	ARMOR_P	INTERNAL_P	DONE	MAX_RANGE	TOTAL_DAMAGE	TEAM_ID
4	TARGETING	0	1	Lightning	Lightning	BipedMek	SNIPER	19	5	3	5.00	0.00	0	0	0	0	0	1.00	1.00	1	24	37	1
4	TARGETING	0	2	Thunder	Thunder	BipedMek	SKIRMISHER	18	9	5	7.00	0.00	0	0	0	0	0	0.93	1.00	1	16	39	1
4	TARGETING	1	3	Hellhound	Hellhound	BipedMek	SKIRMISHER	14	7	2	5.00	0.00	0	0	0	0	0	0.97	1.00	1	20	25	2
4	TARGETING	1	4	Phantom	Phantom	BipedMek	SCOUT	11	14	2	14.00	0.00	0	0	0	0	0	0.89	0.87	1	28	17	2
PLAYER_ID	ENTITY_ID	CHASSIS	MODEL	FACING	FROM_X	FROM_Y	TO_X	TO_Y	HEXES_MOVED	DISTANCE	MP_USED	MAX_MP	MP_P	HEAT_P	ARMOR_P	INTERNAL_P	JUMPING	PRONE	LEGAL	STEPS	TEAM_ID	CHANCE_OF_FAILURE	IS_BOT
1	4	Phantom	Prime	1	12	15	13	11	6	0	14	18	0.78	0.00	0.89	0.87	0	0	1	FORWARDS FORWARDS TURN_LEFT TURN_LEFT FORWARDS FORWARDS FORWARDS FORWARDS TURN_RIGHT	2	0.00	1
ROUND	PHASE	PLAYER_ID	ENTITY_ID	CHASSIS	MODEL	TYPE	ROLE	X	Y	FACING	MP	HEAT	PRONE	AIRBORNE	OFF_BOARD	CRIPPLED	DESTROYED	ARMOR_P	INTERNAL_P	DONE	MAX_RANGE	TOTAL_DAMAGE	TEAM_ID
4	MOVEMENT	0	1	Lightning	Lightning	BipedMek	SNIPER	19	5	3	5.00	0.00	0	0	0	0	0	1.00	1.00	0	24	37	1
4	MOVEMENT	0	2	Thunder	Thunder	BipedMek	SKIRMISHER	18	9	5	7.00	0.00	0	0	0	0	0	0.93	1.00	0	16	39	1
4	MOVEMENT	1	3	Hellhound	Hellhound	BipedMek	SKIRMISHER	14	7	2	5.00	0.00	0	0	0	0	0	0.97	1.00	0	20	25	2
4	MOVEMENT	1	4	Phantom	Phantom	BipedMek	SCOUT	13	11	1	14.00	0.00	0	0	0	0	0	0.89	0.87	1	28	17	2
PLAYER_ID	ENTITY_ID	CHASSIS	MODEL	FACING	FROM_X	FROM_Y	TO_X	TO_Y	HEXES_MOVED	DISTANCE	MP_USED	MAX_MP	MP_P	HEAT_P	ARMOR_P	INTERNAL_P	JUMPING	PRONE	LEGAL	STEPS	TEAM_ID	CHANCE_OF_FAILURE	IS_BOT
0	1	Lightning	LHN-C5	3	19	6	19	9	4	0	4	10	0.40	0.00	1.00	1.00	0	0	1	FORWARDS FORWARDS FORWARDS FORWARDS	1	0.00	0
ROUND	PHASE	PLAYER_ID	ENTITY_ID	CHASSIS	MODEL	TYPE	ROLE	X	Y	FACING	MP	HEAT	PRONE	AIRBORNE	OFF_BOARD	CRIPPLED	DESTROYED	ARMOR_P	INTERNAL_P	DONE	MAX_RANGE	TOTAL_DAMAGE	TEAM_ID
4	MOVEMENT	0	1	Lightning	Lightning	BipedMek	SNIPER	19	9	3	5.00	0.00	0	0	0	0	0	1.00	1.00	1	24	37	1
4	MOVEMENT	0	2	Thunder	Thunder	BipedMek	SKIRMISHER	18	9	5	7.00	0.00	0	0	0	0	0	0.93	1.00	0	16	39	1
4	MOVEMENT	1	3	Hellhound	Hellhound	BipedMek	SKIRMISHER	14	7	2	5.00	0.00	0	0	0	0	0	0.97	1.00	0	20	25	2
4	MOVEMENT	1	4	Phantom	Phantom	BipedMek	SCOUT	13	11	1	14.00	0.00	0	0	0	0	0	0.89	0.87	1	28	17	2
PLAYER_ID	ENTITY_ID	CHASSIS	MODEL	FACING	FROM_X	FROM_Y	TO_X	TO_Y	HEXES_MOVED	DISTANCE	MP_USED	MAX_MP	MP_P	HEAT_P	ARMOR_P	INTERNAL_P	JUMPING	PRONE	LEGAL	STEPS	TEAM_ID	CHANCE_OF_FAILURE	IS_BOT
1	3	Hellhound	8	2	-1	-1	14	7	0	0	0	10	0.00	0.00	0.97	1.00	0	0	1		2	0.00	1
ROUND	PHASE	PLAYER_ID	ENTITY_ID	CHASSIS	MODEL	TYPE	ROLE	X	Y	FACING	MP	HEAT	PRONE	AIRBORNE	OFF_BOARD	CRIPPLED	DESTROYED	ARMOR_P	INTERNAL_P	DONE	MAX_RANGE	TOTAL_DAMAGE	TEAM_ID
4	MOVEMENT	0	1	Lightning	Lightning	BipedMek	SNIPER	19	9	3	5.00	0.00	0	0	0	0	0	1.00	1.00	1	24	37	1
4	MOVEMENT	0	2	Thunder	Thunder	BipedMek	SKIRMISHER	18	9	5	7.00	0.00	0	0	0	0	0	0.93	1.00	0	16	39	1
4	MOVEMENT	1	3	Hellhound	Hellhound	BipedMek	SKIRMISHER	14	7	2	5.00	0.00	0	0	0	0	0	0.97	1.00	1	20	25	2
4	MOVEMENT	1	4	Phantom	Phantom	BipedMek	SCOUT	13	11	1	14.00	0.00	0	0	0	0	0	0.89	0.87	1	28	17	2
PLAYER_ID	ENTITY_ID	CHASSIS	MODEL	FACING	FROM_X	FROM_Y	TO_X	TO_Y	HEXES_MOVED	DISTANCE	MP_USED	MAX_MP	MP_P	HEAT_P	ARMOR_P	INTERNAL_P	JUMPING	PRONE	LEGAL	STEPS	TEAM_ID	CHANCE_OF_FAILURE	IS_BOT
0	2	Thunder	THR-2L	5	-1	-1	18	9	0	0	0	8	0.00	0.00	0.93	1.00	0	0	1		1	0.00	0
ROUND	PHASE	PLAYER_ID	ENTITY_ID	CHASSIS	MODEL	TYPE	ROLE	X	Y	FACING	MP	HEAT	PRONE	AIRBORNE	OFF_BOARD	CRIPPLED	DESTROYED	ARMOR_P	INTERNAL_P	DONE	MAX_RANGE	TOTAL_DAMAGE	TEAM_ID
4	MOVEMENT	0	1	Lightning	Lightning	BipedMek	SNIPER	19	9	3	5.00	0.00	0	0	0	0	0	1.00	1.00	1	24	37	1
4	MOVEMENT	0	2	Thunder	Thunder	BipedMek	SKIRMISHER	18	9	5	7.00	0.00	0	0	0	0	0	0.93	1.00	1	16	39	1
4	MOVEMENT	1	3	Hellhound	Hellhound	BipedMek	SKIRMISHER	14	7	2	5.00	0.00	0	0	0	0	0	0.97	1.00	1	20	25	2
4	MOVEMENT	1	4	Phantom	Phantom	BipedMek	SCOUT	13	11	1	14.00	0.00	0	0	0	0	0	0.89	0.87	1	28	17	2
ROUND	PLAYER_ID	ENTITY_ID	TYPE	ROLE	X	Y	FACING	TARGET_PLAYER_ID	TARGET_ID	TARGET_TYPE	TARGET_ROLE	TARGET_X	TARGET_Y	TARGET_FACING	AIMING_LOC	AIMING_MODE	WEAPON_ID	AMMO_ID	ATA	ATG	GTG	GTA	TO_HIT	TURNS_TO_HIT	SPOTTER_ID
4	1	4	BipedMek	SCOUT	13	11	1	0	2	BipedMek	SKIRMISHER	18	9	5	-1	NONE	6	-1	0	0	1	0	6.00	0	-1
ROUND	PHASE	PLAYER_ID	ENTITY_ID	CHASSIS	MODEL	TYPE	ROLE	X	Y	FACING	MP	HEAT	PRONE	AIRBORNE	OFF_BOARD	CRIPPLED	DESTROYED	ARMOR_P	INTERNAL_P	DONE	MAX_RANGE	TOTAL_DAMAGE	TEAM_ID
4	OFFBOARD	0	1	Lightning	Lightning	BipedMek	SNIPER	19	9	3	5.00	0.00	0	0	0	0	0	1.00	1.00	1	24	37	1
4	OFFBOARD	0	2	Thunder	Thunder	BipedMek	SKIRMISHER	18	9	5	7.00	0.00	0	0	0	0	0	0.93	1.00	1	16	39	1
4	OFFBOARD	1	3	Hellhound	Hellhound	BipedMek	SKIRMISHER	14	7	2	5.00	0.00	0	0	0	0	0	0.97	1.00	1	20	25	2
4	OFFBOARD	1	4	Phantom	Phantom	BipedMek	SCOUT	13	11	1	14.00	0.00	0	0	0	0	0	0.89	0.87	1	28	17	2
ROUND	PLAYER_ID	ENTITY_ID	TYPE	ROLE	X	Y	FACING	TARGET_PLAYER_ID	TARGET_ID	TARGET_TYPE	TARGET_ROLE	TARGET_X	TARGET_Y	TARGET_FACING	AIMING_LOC	AIMING_MODE	WEAPON_ID	AMMO_ID	ATA	ATG	GTG	GTA	TO_HIT	TURNS_TO_HIT	SPOTTER_ID
4	1	3	BipedMek	SKIRMISHER	14	7	2	0	2	BipedMek	SKIRMISHER	18	9	5	-1	NONE	11	-1	0	0	1	0	2.00	0	-1
4	1	3	BipedMek	SKIRMISHER	14	7	2	0	2	BipedMek	SKIRMISHER	18	9	5	-1	NONE	12	-1	0	0	1	0	2.00	0	-1
4	1	3	BipedMek	SKIRMISHER	14	7	2	0	2	BipedMek	SKIRMISHER	18	9	5	-1	NONE	2	3	0	0	1	0	4.00	0	-1
4	1	3	BipedMek	SKIRMISHER	14	7	2	0	2	BipedMek	SKIRMISHER	18	9	5	-1	NONE	7	8	0	0	1	0	4.00	0	-1
4	0	1	BipedMek	SNIPER	19	9	3	1	4	BipedMek	SCOUT	13	11	1	-1	NONE	6	3	0	0	1	0	2147483647.00	0	-1
4	0	1	BipedMek	SNIPER	19	9	3	1	4	BipedMek	SCOUT	13	11	1	-1	NONE	2	-1	0	0	1	0	2147483647.00	0	-1
ROUND	PLAYER_ID	ENTITY_ID	TYPE	ROLE	X	Y	FACING	TARGET_PLAYER_ID	TARGET_ID	TARGET_TYPE	TARGET_ROLE	TARGET_X	TARGET_Y	TARGET_FACING	AIMING_LOC	AIMING_MODE	WEAPON_ID	AMMO_ID	ATA	ATG	GTG	GTA	TO_HIT	TURNS_TO_HIT	SPOTTER_ID
4	1	4	BipedMek	SCOUT	13	11	1	0	2	BipedMek	SKIRMISHER	18	9	5	-1	NONE	4	-1	0	0	1	0	6.00	0	-1
4	1	4	BipedMek	SCOUT	13	11	1	0	2	BipedMek	SKIRMISHER	18	9	5	-1	NONE	5	-1	0	0	1	0	10.00	0	-1
4	1	4	BipedMek	SCOUT	13	11	1	0	2	BipedMek	SKIRMISHER	18	9	5	-1	NONE	2	3	0	0	1	0	6.00	0	-1
ROUND	PLAYER_ID	ENTITY_ID	TYPE	ROLE	X	Y	FACING	TARGET_PLAYER_ID	TARGET_ID	TARGET_TYPE	TARGET_ROLE	TARGET_X	TARGET_Y	TARGET_FACING	AIMING_LOC	AIMING_MODE	WEAPON_ID	AMMO_ID	ATA	ATG	GTG	GTA	TO_HIT	TURNS_TO_HIT	SPOTTER_ID
4	0	2	BipedMek	SKIRMISHER	18	9	5	1	3	BipedMek	SKIRMISHER	14	7	2	-1	NONE	4	7	0	0	1	0	5.00	0	-1
4	0	2	BipedMek	SKIRMISHER	18	9	5	1	3	BipedMek	SKIRMISHER	14	7	2	-1	NONE	11	-1	0	0	1	0	5.00	0	-1
4	0	2	BipedMek	SKIRMISHER	18	9	5	1	3	BipedMek	SKIRMISHER	14	7	2	-1	NONE	13	-1	0	0	1	0	5.00	0	-1
4	0	2	BipedMek	SKIRMISHER	18	9	5	1	3	BipedMek	SKIRMISHER	14	7	2	-1	NONE	5	6	0	0	1	0	7.00	0	-1
ROUND	PHASE	PLAYER_ID	ENTITY_ID	CHASSIS	MODEL	TYPE	ROLE	X	Y	FACING	MP	HEAT	PRONE	AIRBORNE	OFF_BOARD	CRIPPLED	DESTROYED	ARMOR_P	INTERNAL_P	DONE	MAX_RANGE	TOTAL_DAMAGE	TEAM_ID
4	FIRING	0	1	Lightning	Lightning	BipedMek	SNIPER	19	9	3	5.00	0.00	0	0	0	0	0	1.00	1.00	1	0	37	1
4	FIRING	0	2	Thunder	Thunder	BipedMek	SKIRMISHER	18	9	5	7.00	0.00	0	0	0	0	0	0.73	0.99	1	8	39	1
4	FIRING	1	3	Hellhound	Hellhound	BipedMek	SKIRMISHER	14	7	2	5.00	0.00	0	0	0	0	0	0.75	0.93	1	0	25	2
4	FIRING	1	4	Phantom	Phantom	BipedMek	SCOUT	13	11	1	14.00	0.00	0	0	0	0	0	0.78	0.82	1	0	17	2
ROUND	PHASE	PLAYER_ID	ENTITY_ID	CHASSIS	MODEL	TYPE	ROLE	X	Y	FACING	MP	HEAT	PRONE	AIRBORNE	OFF_BOARD	CRIPPLED	DESTROYED	ARMOR_P	INTERNAL_P	DONE	MAX_RANGE	TOTAL_DAMAGE	TEAM_ID
5	TARGETING	0	1	Lightning	Lightning	BipedMek	SNIPER	19	9	3	4.00	0.00	0	0	0	0	0	1.00	1.00	1	24	37	1
5	TARGETING	0	2	Thunder	Thunder	BipedMek	SKIRMISHER	18	9	5	0.00	0.00	0	0	0	0	0	0.73	0.99	1	16	39	1
5	TARGETING	1	3	Hellhound	Hellhound	BipedMek	SKIRMISHER	14	7	2	0.00	0.00	0	0	0	0	0	0.75	0.93	1	20	25	2
5	TARGETING	1	4	Phantom	Phantom	BipedMek	SCOUT	13	11	1	14.00	0.00	0	0	0	0	0	0.78	0.82	1	28	17	2
PLAYER_ID	ENTITY_ID	CHASSIS	MODEL	FACING	FROM_X	FROM_Y	TO_X	TO_Y	HEXES_MOVED	DISTANCE	MP_USED	MAX_MP	MP_P	HEAT_P	ARMOR_P	INTERNAL_P	JUMPING	PRONE	LEGAL	STEPS	TEAM_ID	CHANCE_OF_FAILURE	IS_BOT
0	1	Lightning	LHN-C5	4	19	9	21	10	2	0	5	10	0.50	0.00	1.00	1.00	0	0	1	TURN_LEFT FORWARDS FORWARDS TURN_RIGHT TURN_RIGHT	1	0.00	0
ROUND	PHASE	PLAYER_ID	ENTITY_ID	CHASSIS	MODEL	TYPE	ROLE	X	Y	FACING	MP	HEAT	PRONE	AIRBORNE	OFF_BOARD	CRIPPLED	DESTROYED	ARMOR_P	INTERNAL_P	DONE	MAX_RANGE	TOTAL_DAMAGE	TEAM_ID
5	MOVEMENT	0	1	Lightning	Lightning	BipedMek	SNIPER	21	10	4	4.00	0.00	0	0	0	0	0	1.00	1.00	1	24	37	1
5	MOVEMENT	0	2	Thunder	Thunder	BipedMek	SKIRMISHER	18	9	5	0.00	0.00	0	0	0	0	0	0.73	0.99	0	16	39	1
5	MOVEMENT	1	3	Hellhound	Hellhound	BipedMek	SKIRMISHER	14	7	2	0.00	0.00	0	0	0	0	0	0.75	0.93	0	20	25	2
5	MOVEMENT	1	4	Phantom	Phantom	BipedMek	SCOUT	13	11	1	14.00	0.00	0	0	0	0	0	0.78	0.82	0	28	17	2
PLAYER_ID	ENTITY_ID	CHASSIS	MODEL	FACING	FROM_X	FROM_Y	TO_X	TO_Y	HEXES_MOVED	DISTANCE	MP_USED	MAX_MP	MP_P	HEAT_P	ARMOR_P	INTERNAL_P	JUMPING	PRONE	LEGAL	STEPS	TEAM_ID	CHANCE_OF_FAILURE	IS_BOT
1	3	Hellhound	8	2	14	7	15	6	1	0	7	10	0.70	0.00	0.75	0.93	0	0	1	GET_UP TURN_LEFT FORWARDS TURN_RIGHT	2	0.00	1
ROUND	PHASE	PLAYER_ID	ENTITY_ID	CHASSIS	MODEL	TYPE	ROLE	X	Y	FACING	MP	HEAT	PRONE	AIRBORNE	OFF_BOARD	CRIPPLED	DESTROYED	ARMOR_P	INTERNAL_P	DONE	MAX_RANGE	TOTAL_DAMAGE	TEAM_ID
5	MOVEMENT	0	1	Lightning	Lightning	BipedMek	SNIPER	21	10	4	4.00	0.00	0	0	0	0	0	1.00	1.00	1	24	37	1
5	MOVEMENT	0	2	Thunder	Thunder	BipedMek	SKIRMISHER	18	9	5	0.00	0.00	0	0	0	0	0	0.73	0.99	0	16	39	1
5	MOVEMENT	1	3	Hellhound	Hellhound	BipedMek	SKIRMISHER	15	6	2	0.00	0.00	0	0	0	0	0	0.75	0.93	1	20	25	2
5	MOVEMENT	1	4	Phantom	Phantom	BipedMek	SCOUT	13	11	1	14.00	0.00	0	0	0	0	0	0.78	0.82	0	28	17	2
PLAYER_ID	ENTITY_ID	CHASSIS	MODEL	FACING	FROM_X	FROM_Y	TO_X	TO_Y	HEXES_MOVED	DISTANCE	MP_USED	MAX_MP	MP_P	HEAT_P	ARMOR_P	INTERNAL_P	JUMPING	PRONE	LEGAL	STEPS	TEAM_ID	CHANCE_OF_FAILURE	IS_BOT
0	2	Thunder	THR-2L	5	18	9	18	6	4	0	8	10	0.80	0.00	0.73	0.99	0	0	1	TURN_RIGHT TURN_RIGHT FORWARDS TURN_LEFT FORWARDS FORWARDS TURN_LEFT FORWARDS	1	0.00	0
ROUND	PHASE	PLAYER_ID	ENTITY_ID	CHASSIS	MODEL	TYPE	ROLE	X	Y	FACING	MP	HEAT	PRONE	AIRBORNE	OFF_BOARD	CRIPPLED	DESTROYED	ARMOR_P	INTERNAL_P	DONE	MAX_RANGE	TOTAL_DAMAGE	TEAM_ID
5	MOVEMENT	0	1	Lightning	Lightning	BipedMek	SNIPER	21	10	4	4.00	0.00	0	0	0	0	0	1.00	1.00	1	24	37	1
5	MOVEMENT	0	2	Thunder	Thunder	BipedMek	SKIRMISHER	18	6	5	0.00	0.00	0	0	0	0	0	0.73	0.99	1	16	39	1
5	MOVEMENT	1	3	Hellhound	Hellhound	BipedMek	SKIRMISHER	15	6	2	0.00	0.00	0	0	0	0	0	0.75	0.93	1	20	25	2
5	MOVEMENT	1	4	Phantom	Phantom	BipedMek	SCOUT	13	11	1	14.00	0.00	0	0	0	0	0	0.78	0.82	0	28	17	2
PLAYER_ID	ENTITY_ID	CHASSIS	MODEL	FACING	FROM_X	FROM_Y	TO_X	TO_Y	HEXES_MOVED	DISTANCE	MP_USED	MAX_MP	MP_P	HEAT_P	ARMOR_P	INTERNAL_P	JUMPING	PRONE	LEGAL	STEPS	TEAM_ID	CHANCE_OF_FAILURE	IS_BOT
1	4	Phantom	Prime	1	13	11	20	10	10	0	14	18	0.78	0.00	0.78	0.82	0	0	1	TURN_LEFT FORWARDS FORWARDS FORWARDS TURN_RIGHT TURN_RIGHT FORWARDS FORWARDS FORWARDS FORWARDS FORWARDS TURN_LEFT FORWARDS FORWARDS	2	0.00	1
ROUND	PHASE	PLAYER_ID	ENTITY_ID	CHASSIS	MODEL	TYPE	ROLE	X	Y	FACING	MP	HEAT	PRONE	AIRBORNE	OFF_BOARD	CRIPPLED	DESTROYED	ARMOR_P	INTERNAL_P	DONE	MAX_RANGE	TOTAL_DAMAGE	TEAM_ID
5	MOVEMENT	0	1	Lightning	Lightning	BipedMek	SNIPER	21	10	4	4.00	0.00	0	0	0	0	0	1.00	1.00	1	24	37	1
5	MOVEMENT	0	2	Thunder	Thunder	BipedMek	SKIRMISHER	18	6	5	0.00	0.00	0	0	0	0	0	0.73	0.99	1	16	39	1
5	MOVEMENT	1	3	Hellhound	Hellhound	BipedMek	SKIRMISHER	15	6	2	0.00	0.00	0	0	0	0	0	0.75	0.93	1	20	25	2
5	MOVEMENT	1	4	Phantom	Phantom	BipedMek	SCOUT	20	10	1	14.00	0.00	0	0	0	0	0	0.78	0.82	1	28	17	2
ROUND	PLAYER_ID	ENTITY_ID	TYPE	ROLE	X	Y	FACING	TARGET_PLAYER_ID	TARGET_ID	TARGET_TYPE	TARGET_ROLE	TARGET_X	TARGET_Y	TARGET_FACING	AIMING_LOC	AIMING_MODE	WEAPON_ID	AMMO_ID	ATA	ATG	GTG	GTA	TO_HIT	TURNS_TO_HIT	SPOTTER_ID
5	1	4	BipedMek	SCOUT	20	10	1	0	1	BipedMek	SNIPER	21	10	4	-1	NONE	6	-1	0	0	1	0	6.00	0	-1
ROUND	PHASE	PLAYER_ID	ENTITY_ID	CHASSIS	MODEL	TYPE	ROLE	X	Y	FACING	MP	HEAT	PRONE	AIRBORNE	OFF_BOARD	CRIPPLED	DESTROYED	ARMOR_P	INTERNAL_P	DONE	MAX_RANGE	TOTAL_DAMAGE	TEAM_ID
5	OFFBOARD	0	1	Lightning	Lightning	BipedMek	SNIPER	21	10	4	4.00	0.00	0	0	0	0	0	1.00	1.00	1	24	37	1
5	OFFBOARD	0	2	Thunder	Thunder	BipedMek	SKIRMISHER	18	6	5	0.00	0.00	0	0	0	0	0	0.73	0.99	1	16	39	1
5	OFFBOARD	1	3	Hellhound	Hellhound	BipedMek	SKIRMISHER	15	6	2	0.00	0.00	0	0	0	0	0	0.75	0.93	1	20	25	2
5	OFFBOARD	1	4	Phantom	Phantom	BipedMek	SCOUT	20	10	1	14.00	0.00	0	0	0	0	0	0.78	0.82	1	28	17	2
5	0	1	BipedMek	SNIPER	21	10	4	1	3	BipedMek	SKIRMISHER	15	6	2	-1	NONE	6	3	0	0	1	0	2147483647.00	0	-1
5	0	1	BipedMek	SNIPER	21	10	4	1	3	BipedMek	SKIRMISHER	15	6	2	-1	NONE	2	-1	0	0	1	0	2147483647.00	0	-1
ROUND	PLAYER_ID	ENTITY_ID	TYPE	ROLE	X	Y	FACING	TARGET_PLAYER_ID	TARGET_ID	TARGET_TYPE	TARGET_ROLE	TARGET_X	TARGET_Y	TARGET_FACING	AIMING_LOC	AIMING_MODE	WEAPON_ID	AMMO_ID	ATA	ATG	GTG	GTA	TO_HIT	TURNS_TO_HIT	SPOTTER_ID
5	1	3	BipedMek	SKIRMISHER	15	6	2	0	2	BipedMek	SKIRMISHER	18	6	5	-1	NONE	11	-1	0	0	1	0	5.00	0	-1
5	1	3	BipedMek	SKIRMISHER	15	6	2	0	2	BipedMek	SKIRMISHER	18	6	5	-1	NONE	12	-1	0	0	1	0	5.00	0	-1
5	1	3	BipedMek	SKIRMISHER	15	6	2	0	2	BipedMek	SKIRMISHER	18	6	5	-1	NONE	2	3	0	0	1	0	7.00	0	-1
5	1	3	BipedMek	SKIRMISHER	15	6	2	0	2	BipedMek	SKIRMISHER	18	6	5	-1	NONE	7	8	0	0	1	0	7.00	0	-1
ROUND	PLAYER_ID	ENTITY_ID	TYPE	ROLE	X	Y	FACING	TARGET_PLAYER_ID	TARGET_ID	TARGET_TYPE	TARGET_ROLE	TARGET_X	TARGET_Y	TARGET_FACING	AIMING_LOC	AIMING_MODE	WEAPON_ID	AMMO_ID	ATA	ATG	GTG	GTA	TO_HIT	TURNS_TO_HIT	SPOTTER_ID
5	0	2	BipedMek	SKIRMISHER	18	6	5	1	3	BipedMek	SKIRMISHER	15	6	2	-1	NONE	4	7	0	0	1	0	8.00	0	-1
5	0	2	BipedMek	SKIRMISHER	18	6	5	1	3	BipedMek	SKIRMISHER	15	6	2	-1	NONE	11	-1	0	0	1	0	8.00	0	-1
5	0	2	BipedMek	SKIRMISHER	18	6	5	1	3	BipedMek	SKIRMISHER	15	6	2	-1	NONE	13	-1	0	0	1	0	8.00	0	-1
5	0	2	BipedMek	SKIRMISHER	18	6	5	1	3	BipedMek	SKIRMISHER	15	6	2	-1	NONE	5	6	0	0	1	0	8.00	0	-1
5	0	2	BipedMek	SKIRMISHER	18	6	5	1	3	BipedMek	SKIRMISHER	15	6	2	-1	NONE	2	-1	0	0	1	0	14.00	0	-1
ROUND	PLAYER_ID	ENTITY_ID	TYPE	ROLE	X	Y	FACING	TARGET_PLAYER_ID	TARGET_ID	TARGET_TYPE	TARGET_ROLE	TARGET_X	TARGET_Y	TARGET_FACING	AIMING_LOC	AIMING_MODE	WEAPON_ID	AMMO_ID	ATA	ATG	GTG	GTA	TO_HIT	TURNS_TO_HIT	SPOTTER_ID
5	1	4	BipedMek	SCOUT	20	10	1	0	1	BipedMek	SNIPER	21	10	4	-1	NONE	4	-1	0	0	1	0	6.00	0	-1
5	1	4	BipedMek	SCOUT	20	10	1	0	1	BipedMek	SNIPER	21	10	4	-1	NONE	5	-1	0	0	1	0	6.00	0	-1
5	1	4	BipedMek	SCOUT	20	10	1	0	1	BipedMek	SNIPER	21	10	4	-1	NONE	2	3	0	0	1	0	6.00	0	-1
ROUND	PHASE	PLAYER_ID	ENTITY_ID	CHASSIS	MODEL	TYPE	ROLE	X	Y	FACING	MP	HEAT	PRONE	AIRBORNE	OFF_BOARD	CRIPPLED	DESTROYED	ARMOR_P	INTERNAL_P	DONE	MAX_RANGE	TOTAL_DAMAGE	TEAM_ID
5	FIRING	0	1	Lightning	Lightning	BipedMek	SNIPER	21	10	4	4.00	0.00	0	0	0	0	0	0.94	1.00	1	0	37	1
5	FIRING	0	2	Thunder	Thunder	BipedMek	SKIRMISHER	18	6	5	0.00	0.00	0	0	0	0	0	0.63	0.99	1	12	39	1
5	FIRING	1	3	Hellhound	Hellhound	BipedMek	SKIRMISHER	15	6	2	0.00	0.00	0	0	0	0	0	0.60	0.93	1	0	25	2
5	FIRING	1	4	Phantom	Phantom	BipedMek	SCOUT	20	10	1	14.00	0.00	0	0	0	0	0	0.78	0.82	1	0	17	2
ROUND	PLAYER_ID	ENTITY_ID	TYPE	ROLE	X	Y	FACING	TARGET_PLAYER_ID	TARGET_ID	TARGET_TYPE	TARGET_ROLE	TARGET_X	TARGET_Y	TARGET_FACING	AIMING_LOC	AIMING_MODE	WEAPON_ID	AMMO_ID	ATA	ATG	GTG	GTA	TO_HIT	TURNS_TO_HIT	SPOTTER_ID
5	0	1	BipedMek	SNIPER	21	10	4	1	4	BipedMek	SCOUT	20	10	1	-1	NONE	-1	-1	0	0	0	0	0	0	-1
ROUND	PLAYER_ID	ENTITY_ID	TYPE	ROLE	X	Y	FACING	TARGET_PLAYER_ID	TARGET_ID	TARGET_TYPE	TARGET_ROLE	TARGET_X	TARGET_Y	TARGET_FACING	AIMING_LOC	AIMING_MODE	WEAPON_ID	AMMO_ID	ATA	ATG	GTG	GTA	TO_HIT	TURNS_TO_HIT	SPOTTER_ID
5	1	4	BipedMek	SCOUT	20	10	1	0	1	BipedMek	SNIPER	21	10	4	-1	NONE	-1	-1	0	0	0	0	0	0	-1
ROUND	PHASE	PLAYER_ID	ENTITY_ID	CHASSIS	MODEL	TYPE	ROLE	X	Y	FACING	MP	HEAT	PRONE	AIRBORNE	OFF_BOARD	CRIPPLED	DESTROYED	ARMOR_P	INTERNAL_P	DONE	MAX_RANGE	TOTAL_DAMAGE	TEAM_ID
6	TARGETING	0	1	Lightning	Lightning	BipedMek	SNIPER	21	10	4	5.00	0.00	0	0	0	0	0	0.90	1.00	1	24	37	1
6	TARGETING	0	2	Thunder	Thunder	BipedMek	SKIRMISHER	18	6	5	8.00	0.00	0	0	0	0	0	0.63	0.99	1	16	39	1
6	TARGETING	1	3	Hellhound	Hellhound	BipedMek	SKIRMISHER	15	6	2	7.00	0.00	1	0	0	0	0	0.56	0.93	1	20	25	2
6	TARGETING	1	4	Phantom	Phantom	BipedMek	SCOUT	20	10	5	14.00	0.00	1	0	0	0	0	0.69	0.72	1	28	17	2
PLAYER_ID	ENTITY_ID	CHASSIS	MODEL	FACING	FROM_X	FROM_Y	TO_X	TO_Y	HEXES_MOVED	DISTANCE	MP_USED	MAX_MP	MP_P	HEAT_P	ARMOR_P	INTERNAL_P	JUMPING	PRONE	LEGAL	STEPS	TEAM_ID	CHANCE_OF_FAILURE	IS_BOT
0	1	Lightning	LHN-C5	5	21	10	25	12	4	0	5	5	1.00	0.00	0.90	1.00	0	0	1	TURN_RIGHT BACKWARDS BACKWARDS BACKWARDS BACKWARDS	1	0.00	0
ROUND	PHASE	PLAYER_ID	ENTITY_ID	CHASSIS	MODEL	TYPE	ROLE	X	Y	FACING	MP	HEAT	PRONE	AIRBORNE	OFF_BOARD	CRIPPLED	DESTROYED	ARMOR_P	INTERNAL_P	DONE	MAX_RANGE	TOTAL_DAMAGE	TEAM_ID
6	MOVEMENT	0	1	Lightning	Lightning	BipedMek	SNIPER	25	12	5	5.00	0.00	0	0	0	0	0	0.90	1.00	1	24	37	1
6	MOVEMENT	0	2	Thunder	Thunder	BipedMek	SKIRMISHER	18	6	5	8.00	0.00	0	0	0	0	0	0.63	0.99	0	16	39	1
6	MOVEMENT	1	3	Hellhound	Hellhound	BipedMek	SKIRMISHER	15	6	2	7.00	0.00	1	0	0	0	0	0.56	0.93	0	20	25	2
6	MOVEMENT	1	4	Phantom	Phantom	BipedMek	SCOUT	20	10	5	14.00	0.00	1	0	0	0	0	0.69	0.72	0	28	17	2
PLAYER_ID	ENTITY_ID	CHASSIS	MODEL	FACING	FROM_X	FROM_Y	TO_X	TO_Y	HEXES_MOVED	DISTANCE	MP_USED	MAX_MP	MP_P	HEAT_P	ARMOR_P	INTERNAL_P	JUMPING	PRONE	LEGAL	STEPS	TEAM_ID	CHANCE_OF_FAILURE	IS_BOT
1	4	Phantom	Prime	1	20	10	20	10	0	0	1	2	0.50	0.00	0.65	0.72	0	0	1	GET_UP TURN_RIGHT TURN_RIGHT	2	0.00	1
ROUND	PHASE	PLAYER_ID	ENTITY_ID	CHASSIS	MODEL	TYPE	ROLE	X	Y	FACING	MP	HEAT	PRONE	AIRBORNE	OFF_BOARD	CRIPPLED	DESTROYED	ARMOR_P	INTERNAL_P	DONE	MAX_RANGE	TOTAL_DAMAGE	TEAM_ID
6	MOVEMENT	0	1	Lightning	Lightning	BipedMek	SNIPER	25	12	5	5.00	0.00	0	0	0	0	0	0.90	1.00	1	24	37	1
6	MOVEMENT	0	2	Thunder	Thunder	BipedMek	SKIRMISHER	18	6	5	8.00	0.00	0	0	0	0	0	0.63	0.99	0	16	39	1
6	MOVEMENT	1	3	Hellhound	Hellhound	BipedMek	SKIRMISHER	15	6	2	7.00	0.00	1	0	0	0	0	0.56	0.93	0	20	25	2
6	MOVEMENT	1	4	Phantom	Phantom	BipedMek	SCOUT	20	10	2	14.00	0.00	1	0	0	0	0	0.65	0.72	1	28	17	2
PLAYER_ID	ENTITY_ID	CHASSIS	MODEL	FACING	FROM_X	FROM_Y	TO_X	TO_Y	HEXES_MOVED	DISTANCE	MP_USED	MAX_MP	MP_P	HEAT_P	ARMOR_P	INTERNAL_P	JUMPING	PRONE	LEGAL	STEPS	TEAM_ID	CHANCE_OF_FAILURE	IS_BOT
0	2	Thunder	THR-2L	4	18	6	16	6	2	0	5	10	0.50	0.00	0.63	0.99	0	0	1	TURN_LEFT FORWARDS TURN_RIGHT FORWARDS TURN_LEFT	1	0.00	0
ROUND	PHASE	PLAYER_ID	ENTITY_ID	CHASSIS	MODEL	TYPE	ROLE	X	Y	FACING	MP	HEAT	PRONE	AIRBORNE	OFF_BOARD	CRIPPLED	DESTROYED	ARMOR_P	INTERNAL_P	DONE	MAX_RANGE	TOTAL_DAMAGE	TEAM_ID
6	MOVEMENT	0	1	Lightning	Lightning	BipedMek	SNIPER	25	12	5	5.00	0.00	0	0	0	0	0	0.90	1.00	1	24	37	1
6	MOVEMENT	0	2	Thunder	Thunder	BipedMek	SKIRMISHER	16	6	4	8.00	0.00	0	0	0	0	0	0.63	0.99	1	16	39	1
6	MOVEMENT	1	3	Hellhound	Hellhound	BipedMek	SKIRMISHER	15	6	2	7.00	0.00	1	0	0	0	0	0.56	0.93	0	20	25	2
6	MOVEMENT	1	4	Phantom	Phantom	BipedMek	SCOUT	20	10	2	14.00	0.00	1	0	0	0	0	0.65	0.72	1	28	17	2
PLAYER_ID	ENTITY_ID	CHASSIS	MODEL	FACING	FROM_X	FROM_Y	TO_X	TO_Y	HEXES_MOVED	DISTANCE	MP_USED	MAX_MP	MP_P	HEAT_P	ARMOR_P	INTERNAL_P	JUMPING	PRONE	LEGAL	STEPS	TEAM_ID	CHANCE_OF_FAILURE	IS_BOT
1	3	Hellhound	8	4	15	6	17	6	2	2	5	5	1.00	0.00	0.53	0.93	0	0	1	GET_UP TURN_RIGHT TURN_RIGHT TURN_RIGHT BACKWARDS TURN_LEFT BACKWARDS	2	0.00	1
ROUND	PHASE	PLAYER_ID	ENTITY_ID	CHASSIS	MODEL	TYPE	ROLE	X	Y	FACING	MP	HEAT	PRONE	AIRBORNE	OFF_BOARD	CRIPPLED	DESTROYED	ARMOR_P	INTERNAL_P	DONE	MAX_RANGE	TOTAL_DAMAGE	TEAM_ID
6	MOVEMENT	0	1	Lightning	Lightning	BipedMek	SNIPER	25	12	5	5.00	0.00	0	0	0	0	0	0.90	1.00	1	24	37	1
6	MOVEMENT	0	2	Thunder	Thunder	BipedMek	SKIRMISHER	16	6	4	8.00	0.00	0	0	0	0	0	0.63	0.99	1	16	39	1
6	MOVEMENT	1	3	Hellhound	Hellhound	BipedMek	SKIRMISHER	15	6	1	7.00	0.00	1	0	0	0	0	0.53	0.93	0	20	25	2
6	MOVEMENT	1	4	Phantom	Phantom	BipedMek	SCOUT	20	10	2	14.00	0.00	1	0	0	0	0	0.65	0.72	1	28	17	2
PLAYER_ID	ENTITY_ID	CHASSIS	MODEL	FACING	FROM_X	FROM_Y	TO_X	TO_Y	HEXES_MOVED	DISTANCE	MP_USED	MAX_MP	MP_P	HEAT_P	ARMOR_P	INTERNAL_P	JUMPING	PRONE	LEGAL	STEPS	TEAM_ID	CHANCE_OF_FAILURE	IS_BOT
1	3	Hellhound	8	0	15	6	15	6	0	0	4	10	0.40	0.00	0.53	0.93	0	0	1	GET_UP TURN_LEFT	2	0.00	1
ROUND	PHASE	PLAYER_ID	ENTITY_ID	CHASSIS	MODEL	TYPE	ROLE	X	Y	FACING	MP	HEAT	PRONE	AIRBORNE	OFF_BOARD	CRIPPLED	DESTROYED	ARMOR_P	INTERNAL_P	DONE	MAX_RANGE	TOTAL_DAMAGE	TEAM_ID
6	MOVEMENT	0	1	Lightning	Lightning	BipedMek	SNIPER	25	12	5	5.00	0.00	0	0	0	0	0	0.90	1.00	1	24	37	1
6	MOVEMENT	0	2	Thunder	Thunder	BipedMek	SKIRMISHER	16	6	4	8.00	0.00	0	0	0	0	0	0.63	0.99	1	16	39	1
6	MOVEMENT	1	3	Hellhound	Hellhound	BipedMek	SKIRMISHER	15	6	0	7.00	0.00	0	0	0	0	0	0.53	0.93	1	20	25	2
6	MOVEMENT	1	4	Phantom	Phantom	BipedMek	SCOUT	20	10	2	14.00	0.00	1	0	0	0	0	0.65	0.72	1	28	17	2
ROUND	PLAYER_ID	ENTITY_ID	TYPE	ROLE	X	Y	FACING	TARGET_PLAYER_ID	TARGET_ID	TARGET_TYPE	TARGET_ROLE	TARGET_X	TARGET_Y	TARGET_FACING	AIMING_LOC	AIMING_MODE	WEAPON_ID	AMMO_ID	ATA	ATG	GTG	GTA	TO_HIT	TURNS_TO_HIT	SPOTTER_ID
6	1	4	BipedMek	SCOUT	20	10	2	0	1	BipedMek	SNIPER	25	12	5	-1	NONE	6	-1	0	0	1	0	9.00	0	-1
ROUND	PHASE	PLAYER_ID	ENTITY_ID	CHASSIS	MODEL	TYPE	ROLE	X	Y	FACING	MP	HEAT	PRONE	AIRBORNE	OFF_BOARD	CRIPPLED	DESTROYED	ARMOR_P	INTERNAL_P	DONE	MAX_RANGE	TOTAL_DAMAGE	TEAM_ID
6	OFFBOARD	0	1	Lightning	Lightning	BipedMek	SNIPER	25	12	5	5.00	0.00	0	0	0	0	0	0.90	1.00	1	24	37	1
6	OFFBOARD	0	2	Thunder	Thunder	BipedMek	SKIRMISHER	16	6	4	8.00	0.00	0	0	0	0	0	0.63	0.99	1	16	39	1
6	OFFBOARD	1	3	Hellhound	Hellhound	BipedMek	SKIRMISHER	15	6	0	7.00	0.00	0	0	0	0	0	0.53	0.93	1	20	25	2
6	OFFBOARD	1	4	Phantom	Phantom	BipedMek	SCOUT	20	10	2	14.00	0.00	1	0	0	0	0	0.65	0.72	1	28	17	2
ROUND	PLAYER_ID	ENTITY_ID	TYPE	ROLE	X	Y	FACING	TARGET_PLAYER_ID	TARGET_ID	TARGET_TYPE	TARGET_ROLE	TARGET_X	TARGET_Y	TARGET_FACING	AIMING_LOC	AIMING_MODE	WEAPON_ID	AMMO_ID	ATA	ATG	GTG	GTA	TO_HIT	TURNS_TO_HIT	SPOTTER_ID
6	0	1	BipedMek	SNIPER	25	12	5	1	4	BipedMek	SCOUT	20	10	2	-1	NONE	6	3	0	0	1	0	5.00	0	-1
6	0	1	BipedMek	SNIPER	25	12	5	1	4	BipedMek	SCOUT	20	10	2	-1	NONE	2	-1	0	0	1	0	5.00	0	-1
ROUND	PLAYER_ID	ENTITY_ID	TYPE	ROLE	X	Y	FACING	TARGET_PLAYER_ID	TARGET_ID	TARGET_TYPE	TARGET_ROLE	TARGET_X	TARGET_Y	TARGET_FACING	AIMING_LOC	AIMING_MODE	WEAPON_ID	AMMO_ID	ATA	ATG	GTG	GTA	TO_HIT	TURNS_TO_HIT	SPOTTER_ID
6	1	3	BipedMek	SKIRMISHER	15	6	0	0	2	BipedMek	SKIRMISHER	16	6	4	-1	NONE	11	-1	0	0	1	0	3.00	0	-1
6	1	3	BipedMek	SKIRMISHER	15	6	0	0	2	BipedMek	SKIRMISHER	16	6	4	-1	NONE	12	-1	0	0	1	0	3.00	0	-1
6	1	3	BipedMek	SKIRMISHER	15	6	0	0	2	BipedMek	SKIRMISHER	16	6	4	-1	NONE	2	3	0	0	1	0	5.00	0	-1
6	1	3	BipedMek	SKIRMISHER	15	6	0	0	2	BipedMek	SKIRMISHER	16	6	4	-1	NONE	7	8	0	0	1	0	5.00	0	-1
ROUND	PLAYER_ID	ENTITY_ID	TYPE	ROLE	X	Y	FACING	TARGET_PLAYER_ID	TARGET_ID	TARGET_TYPE	TARGET_ROLE	TARGET_X	TARGET_Y	TARGET_FACING	AIMING_LOC	AIMING_MODE	WEAPON_ID	AMMO_ID	ATA	ATG	GTG	GTA	TO_HIT	TURNS_TO_HIT	SPOTTER_ID
6	0	2	BipedMek	SKIRMISHER	16	6	4	1	3	BipedMek	SKIRMISHER	15	6	0	-1	NONE	4	8	0	0	1	0	6.00	0	-1
6	0	2	BipedMek	SKIRMISHER	16	6	4	1	3	BipedMek	SKIRMISHER	15	6	0	-1	NONE	11	-1	0	0	1	0	7.00	0	-1
6	0	2	BipedMek	SKIRMISHER	16	6	4	1	3	BipedMek	SKIRMISHER	15	6	0	-1	NONE	13	-1	0	0	1	0	7.00	0	-1
6	0	2	BipedMek	SKIRMISHER	16	6	4	1	3	BipedMek	SKIRMISHER	15	6	0	-1	NONE	5	6	0	0	1	0	7.00	0	-1
6	0	2	BipedMek	SKIRMISHER	16	6	4	1	3	BipedMek	SKIRMISHER	15	6	0	-1	NONE	2	-1	0	0	1	0	11.00	0	-1
ROUND	PLAYER_ID	ENTITY_ID	TYPE	ROLE	X	Y	FACING	TARGET_PLAYER_ID	TARGET_ID	TARGET_TYPE	TARGET_ROLE	TARGET_X	TARGET_Y	TARGET_FACING	AIMING_LOC	AIMING_MODE	WEAPON_ID	AMMO_ID	ATA	ATG	GTG	GTA	TO_HIT	TURNS_TO_HIT	SPOTTER_ID
6	1	4	BipedMek	SCOUT	20	10	2	0	1	BipedMek	SNIPER	25	12	5	-1	NONE	4	-1	0	0	1	0	9.00	0	-1
6	1	4	BipedMek	SCOUT	20	10	2	0	1	BipedMek	SNIPER	25	12	5	-1	NONE	2	3	0	0	1	0	2147483647.00	0	-1
ROUND	PHASE	PLAYER_ID	ENTITY_ID	CHASSIS	MODEL	TYPE	ROLE	X	Y	FACING	MP	HEAT	PRONE	AIRBORNE	OFF_BOARD	CRIPPLED	DESTROYED	ARMOR_P	INTERNAL_P	DONE	MAX_RANGE	TOTAL_DAMAGE	TEAM_ID
6	FIRING	0	1	Lightning	Lightning	BipedMek	SNIPER	25	12	5	5.00	0.00	0	0	0	0	0	0.90	1.00	1	0	37	1
6	FIRING	0	2	Thunder	Thunder	BipedMek	SKIRMISHER	16	6	4	8.00	0.00	0	0	0	0	0	0.46	0.99	1	0	39	1
6	FIRING	1	3	Hellhound	Hellhound	BipedMek	SKIRMISHER	15	6	0	7.00	0.00	0	0	0	1	0	0.31	0.88	1	0	25	2
6	FIRING	1	4	Phantom	Phantom	BipedMek	SCOUT	20	10	2	14.00	0.00	1	0	0	1	0	0.32	0.42	1	8	12	2
