# Log file created at 2025-03-29T23:05:40.294220900
ROUND	PHASE	PLAYER_ID	ENTITY_ID	CHASSIS	MODEL	TYPE	ROLE	X	Y	FACING	MP	HEAT	PRONE	AIRBORNE	OFF_BOARD	CRIPPLED	DESTROYED	ARMOR_P	INTERNAL_P	DONE	MAX_RANGE	TOTAL_DAMAGE	TEAM_ID	ARMOR	INTERNAL	BV
10	TARGETING	0	1	Stalker	STK-3F	BipedMek	JUGGERNAUT	20	57	0	0.00	0.00	0	0	0	0	0	0.67	1.00	1	21	68	1	144.00	130.00	2619.00
10	TARGETING	0	71	Awesome	AWS-8Q	BipedMek	SNIPER	19	53	0	0.00	2.00	0	0	0	0	0	0.80	1.00	1	18	33	1	192.00	122.00	2696.00
10	TARGETING	0	7	Griffin	GRF-2N	BipedMek	SKIRMISHER	19	59	0	0.00	0.00	0	0	0	0	0	1.00	1.00	1	23	22	1	179.00	91.00	2120.00
10	TARGETING	1	72	Champion	CHP-2N	BipedMek	SKIRMISHER	22	46	5	6.00	6.00	0	0	0	0	0	0.98	1.00	1	15	32	1	126.00	99.00	960.00
10	TARGETING	1	73	Archer	ARC-2R	BipedMek	MISSILE_BOAT	21	47	0	5.00	5.00	0	0	0	0	0	1.00	1.00	1	21	60	1	208.00	107.00	1351.00
10	TARGETING	3	78	Wyvern	WVE-6N	BipedMek	SKIRMISHER	18	43	0	5.00	6.00	0	0	0	0	0	0.34	0.88	1	21	30	2	46.00	66.00	1307.00
10	TARGETING	4	79	Sholagar	SL-21L	AeroSpaceFighter	INTERCEPTOR	13	30	4	10.00	0.00	0	1	0	0	0	0.81	1.00	1	0	15	1	78.00	10.00	628.00
10	TARGETING	4	80	Sparrowhawk	SPR-H5K	AeroSpaceFighter	INTERCEPTOR	34	41	2	8.00	0.00	0	1	0	0	0	0.78	1.00	1	0	15	1	94.00	10.00	478.00
10	TARGETING	4	81	Lucifer	LCF-R15	AeroSpaceFighter	ATTACK_FIGHTER	26	32	3	6.00	0.00	0	1	0	0	0	0.93	1.00	1	0	53	1	163.00	6.00	1226.00
10	TARGETING	4	82	Thunderbird	TRB-D36	AeroSpaceFighter	ATTACK_FIGHTER	22	53	1	2.00	0.00	0	0	0	0	0	0.79	1.00	1	21	89	1	177.00	10.00	1562.00
10	TARGETING	0	51	Riever	F-100	AeroSpaceFighter	ATTACK_FIGHTER	17	33	2	7.00	0.00	0	1	0	0	0	0.84	1.00	1	0	54	1	216.00	10.00	3252.00
10	TARGETING	5	83	Patton Tank		Tank	BRAWLER	37	13	2	6.00	0.00	0	0	0	0	0	1.00	1.00	1	21	20	1	232.00	35.00	826.00
10	TARGETING	5	84	Manticore Heavy Tank		Tank	BRAWLER	47	16	3	6.00	0.00	0	0	0	0	0	1.00	1.00	1	21	31	1	176.00	30.00	854.00
10	TARGETING	5	85	Partisan Heavy Tank	(LRM)	Tank	MISSILE_BOAT	40	11	4	5.00	0.00	0	0	0	0	0	1.00	1.00	1	21	64	1	96.00	40.00	1109.00
10	TARGETING	5	86	Partisan Heavy Tank		Tank	SNIPER	34	10	3	5.00	0.00	0	0	0	0	0	1.00	1.00	1	18	24	1	96.00	40.00	579.00
10	TARGETING	0	29	Thumper Artillery Vehicle		Tank	MISSILE_BOAT	25	77	0	0.00	0.00	0	0	1	1	0	0.49	1.00	1	21	23	1	86.00	24.00	440.00
10	TARGETING	0	62	Wolverine	WVR-6K	BipedMek	SKIRMISHER	17	43	1	6.00	6.00	0	0	0	0	0	0.78	0.99	1	15	27	1	144.00	90.00	1248.00
PLAYER_ID	ENTITY_ID	CHASSIS	MODEL	FACING	FROM_X	FROM_Y	TO_X	TO_Y	HEXES_MOVED	DISTANCE	MP_USED	MAX_MP	MP_P	HEAT_P	ARMOR_P	INTERNAL_P	JUMPING	PRONE	LEGAL	STEPS	TEAM_ID	CHANCE_OF_FAILURE	IS_BOT
3	78	Wyvern	WVE-6N	2	18	43	18	43	0	0	2	5	0.40	0.50	0.34	0.88	0	0	1	TURN_RIGHT TURN_RIGHT	2	0.00	1
ROUND	PHASE	PLAYER_ID	ENTITY_ID	CHASSIS	MODEL	TYPE	ROLE	X	Y	FACING	MP	HEAT	PRONE	AIRBORNE	OFF_BOARD	CRIPPLED	DESTROYED	ARMOR_P	INTERNAL_P	DONE	MAX_RANGE	TOTAL_DAMAGE	TEAM_ID	ARMOR	INTERNAL	BV
10	MOVEMENT	0	1	Stalker	STK-3F	BipedMek	JUGGERNAUT	20	57	0	0.00	0.00	0	0	0	0	0	0.67	1.00	0	21	68	1	144.00	130.00	2619.00
10	MOVEMENT	0	71	Awesome	AWS-8Q	BipedMek	SNIPER	19	53	0	0.00	2.00	0	0	0	0	0	0.80	1.00	0	18	33	1	192.00	122.00	2696.00
10	MOVEMENT	0	7	Griffin	GRF-2N	BipedMek	SKIRMISHER	19	59	0	0.00	0.00	0	0	0	0	0	1.00	1.00	0	23	22	1	179.00	91.00	2120.00
10	MOVEMENT	1	72	Champion	CHP-2N	BipedMek	SKIRMISHER	22	46	5	6.00	6.00	0	0	0	0	0	0.98	1.00	0	15	32	1	126.00	99.00	960.00
10	MOVEMENT	1	73	Archer	ARC-2R	BipedMek	MISSILE_BOAT	21	47	0	5.00	5.00	0	0	0	0	0	1.00	1.00	0	21	60	1	208.00	107.00	1351.00
10	MOVEMENT	3	78	Wyvern	WVE-6N	BipedMek	SKIRMISHER	18	43	2	5.00	6.00	0	0	0	0	0	0.34	0.88	1	21	30	2	46.00	66.00	1307.00
10	MOVEMENT	4	79	Sholagar	SL-21L	AeroSpaceFighter	INTERCEPTOR	13	30	4	10.00	0.00	0	1	0	0	0	0.81	1.00	0	0	15	1	78.00	10.00	628.00
10	MOVEMENT	4	80	Sparrowhawk	SPR-H5K	AeroSpaceFighter	INTERCEPTOR	34	41	2	8.00	0.00	0	1	0	0	0	0.78	1.00	0	0	15	1	94.00	10.00	478.00
10	MOVEMENT	4	81	Lucifer	LCF-R15	AeroSpaceFighter	ATTACK_FIGHTER	26	32	3	6.00	0.00	0	1	0	0	0	0.93	1.00	0	0	53	1	163.00	6.00	1226.00
10	MOVEMENT	4	82	Thunderbird	TRB-D36	AeroSpaceFighter	ATTACK_FIGHTER	22	53	1	2.00	0.00	0	0	0	0	0	0.79	1.00	0	21	89	1	177.00	10.00	1562.00
10	MOVEMENT	0	51	Riever	F-100	AeroSpaceFighter	ATTACK_FIGHTER	17	33	2	7.00	0.00	0	1	0	0	0	0.84	1.00	0	0	54	1	216.00	10.00	3252.00
10	MOVEMENT	5	83	Patton Tank		Tank	BRAWLER	37	13	2	6.00	0.00	0	0	0	0	0	1.00	1.00	0	21	20	1	232.00	35.00	826.00
10	MOVEMENT	5	84	Manticore Heavy Tank		Tank	BRAWLER	47	16	3	6.00	0.00	0	0	0	0	0	1.00	1.00	0	21	31	1	176.00	30.00	854.00
10	MOVEMENT	5	85	Partisan Heavy Tank	(LRM)	Tank	MISSILE_BOAT	40	11	4	5.00	0.00	0	0	0	0	0	1.00	1.00	0	21	64	1	96.00	40.00	1109.00
10	MOVEMENT	5	86	Partisan Heavy Tank		Tank	SNIPER	34	10	3	5.00	0.00	0	0	0	0	0	1.00	1.00	0	18	24	1	96.00	40.00	579.00
10	MOVEMENT	0	29	Thumper Artillery Vehicle		Tank	MISSILE_BOAT	25	77	0	0.00	0.00	0	0	1	1	0	0.49	1.00	1	21	23	1	86.00	24.00	440.00
10	MOVEMENT	0	62	Wolverine	WVR-6K	BipedMek	SKIRMISHER	17	43	1	6.00	6.00	0	0	0	0	0	0.78	0.99	0	15	27	1	144.00	90.00	1248.00
PLAYER_ID	ENTITY_ID	CHASSIS	MODEL	FACING	FROM_X	FROM_Y	TO_X	TO_Y	HEXES_MOVED	DISTANCE	MP_USED	MAX_MP	MP_P	HEAT_P	ARMOR_P	INTERNAL_P	JUMPING	PRONE	LEGAL	STEPS	TEAM_ID	CHANCE_OF_FAILURE	IS_BOT
5	85	Partisan Heavy Tank	(LRM)	4	39	11	35	13	5	0	5	5	1.00	0.00	1.00	1.00	0	0	1	FORWARDS FORWARDS FORWARDS FORWARDS FORWARDS	1	0.00	1
ROUND	PHASE	PLAYER_ID	ENTITY_ID	CHASSIS	MODEL	TYPE	ROLE	X	Y	FACING	MP	HEAT	PRONE	AIRBORNE	OFF_BOARD	CRIPPLED	DESTROYED	ARMOR_P	INTERNAL_P	DONE	MAX_RANGE	TOTAL_DAMAGE	TEAM_ID	ARMOR	INTERNAL	BV
10	MOVEMENT	0	1	Stalker	STK-3F	BipedMek	JUGGERNAUT	20	57	0	0.00	0.00	0	0	0	0	0	0.67	1.00	0	21	68	1	144.00	130.00	2619.00
10	MOVEMENT	0	71	Awesome	AWS-8Q	BipedMek	SNIPER	19	53	0	0.00	2.00	0	0	0	0	0	0.80	1.00	0	18	33	1	192.00	122.00	2696.00
10	MOVEMENT	0	7	Griffin	GRF-2N	BipedMek	SKIRMISHER	19	59	0	0.00	0.00	0	0	0	0	0	1.00	1.00	0	23	22	1	179.00	91.00	2120.00
10	MOVEMENT	1	72	Champion	CHP-2N	BipedMek	SKIRMISHER	22	46	5	6.00	6.00	0	0	0	0	0	0.98	1.00	0	15	32	1	126.00	99.00	960.00
10	MOVEMENT	1	73	Archer	ARC-2R	BipedMek	MISSILE_BOAT	21	47	0	5.00	5.00	0	0	0	0	0	1.00	1.00	0	21	60	1	208.00	107.00	1351.00
10	MOVEMENT	3	78	Wyvern	WVE-6N	BipedMek	SKIRMISHER	18	43	2	5.00	6.00	0	0	0	0	0	0.34	0.88	1	21	30	2	46.00	66.00	1307.00
10	MOVEMENT	4	79	Sholagar	SL-21L	AeroSpaceFighter	INTERCEPTOR	13	30	4	10.00	0.00	0	1	0	0	0	0.81	1.00	0	0	15	1	78.00	10.00	628.00
10	MOVEMENT	4	80	Sparrowhawk	SPR-H5K	AeroSpaceFighter	INTERCEPTOR	34	41	2	8.00	0.00	0	1	0	0	0	0.78	1.00	0	0	15	1	94.00	10.00	478.00
10	MOVEMENT	4	81	Lucifer	LCF-R15	AeroSpaceFighter	ATTACK_FIGHTER	26	32	3	6.00	0.00	0	1	0	0	0	0.93	1.00	0	0	53	1	163.00	6.00	1226.00
10	MOVEMENT	4	82	Thunderbird	TRB-D36	AeroSpaceFighter	ATTACK_FIGHTER	22	53	1	2.00	0.00	0	0	0	0	0	0.79	1.00	0	21	89	1	177.00	10.00	1562.00
10	MOVEMENT	0	51	Riever	F-100	AeroSpaceFighter	ATTACK_FIGHTER	17	33	2	7.00	0.00	0	1	0	0	0	0.84	1.00	0	0	54	1	216.00	10.00	3252.00
10	MOVEMENT	5	83	Patton Tank		Tank	BRAWLER	37	13	2	6.00	0.00	0	0	0	0	0	1.00	1.00	0	21	20	1	232.00	35.00	826.00
10	MOVEMENT	5	84	Manticore Heavy Tank		Tank	BRAWLER	47	16	3	6.00	0.00	0	0	0	0	0	1.00	1.00	0	21	31	1	176.00	30.00	854.00
10	MOVEMENT	5	85	Partisan Heavy Tank	(LRM)	Tank	MISSILE_BOAT	35	13	4	5.00	0.00	0	0	0	0	0	1.00	1.00	1	21	64	1	96.00	40.00	1109.00
10	MOVEMENT	5	86	Partisan Heavy Tank		Tank	SNIPER	34	10	3	5.00	0.00	0	0	0	0	0	1.00	1.00	0	18	24	1	96.00	40.00	579.00
10	MOVEMENT	0	29	Thumper Artillery Vehicle		Tank	MISSILE_BOAT	25	77	0	0.00	0.00	0	0	1	1	0	0.49	1.00	1	21	23	1	86.00	24.00	440.00
10	MOVEMENT	0	62	Wolverine	WVR-6K	BipedMek	SKIRMISHER	17	43	1	6.00	6.00	0	0	0	0	0	0.78	0.99	0	15	27	1	144.00	90.00	1248.00
PLAYER_ID	ENTITY_ID	CHASSIS	MODEL	FACING	FROM_X	FROM_Y	TO_X	TO_Y	HEXES_MOVED	DISTANCE	MP_USED	MAX_MP	MP_P	HEAT_P	ARMOR_P	INTERNAL_P	JUMPING	PRONE	LEGAL	STEPS	TEAM_ID	CHANCE_OF_FAILURE	IS_BOT
5	86	Partisan Heavy Tank		4	34	11	33	13	4	0	5	5	1.00	0.00	1.00	1.00	0	0	1	FORWARDS FORWARDS FORWARDS TURN_RIGHT FORWARDS	1	0.00	1
ROUND	PHASE	PLAYER_ID	ENTITY_ID	CHASSIS	MODEL	TYPE	ROLE	X	Y	FACING	MP	HEAT	PRONE	AIRBORNE	OFF_BOARD	CRIPPLED	DESTROYED	ARMOR_P	INTERNAL_P	DONE	MAX_RANGE	TOTAL_DAMAGE	TEAM_ID	ARMOR	INTERNAL	BV
10	MOVEMENT	0	1	Stalker	STK-3F	BipedMek	JUGGERNAUT	20	57	0	0.00	0.00	0	0	0	0	0	0.67	1.00	0	21	68	1	144.00	130.00	2619.00
10	MOVEMENT	0	71	Awesome	AWS-8Q	BipedMek	SNIPER	19	53	0	0.00	2.00	0	0	0	0	0	0.80	1.00	0	18	33	1	192.00	122.00	2696.00
10	MOVEMENT	0	7	Griffin	GRF-2N	BipedMek	SKIRMISHER	19	59	0	0.00	0.00	0	0	0	0	0	1.00	1.00	0	23	22	1	179.00	91.00	2120.00
10	MOVEMENT	1	72	Champion	CHP-2N	BipedMek	SKIRMISHER	22	46	5	6.00	6.00	0	0	0	0	0	0.98	1.00	0	15	32	1	126.00	99.00	960.00
10	MOVEMENT	1	73	Archer	ARC-2R	BipedMek	MISSILE_BOAT	21	47	0	5.00	5.00	0	0	0	0	0	1.00	1.00	0	21	60	1	208.00	107.00	1351.00
10	MOVEMENT	3	78	Wyvern	WVE-6N	BipedMek	SKIRMISHER	18	43	2	5.00	6.00	0	0	0	0	0	0.34	0.88	1	21	30	2	46.00	66.00	1307.00
10	MOVEMENT	4	79	Sholagar	SL-21L	AeroSpaceFighter	INTERCEPTOR	13	30	4	10.00	0.00	0	1	0	0	0	0.81	1.00	0	0	15	1	78.00	10.00	628.00
10	MOVEMENT	4	80	Sparrowhawk	SPR-H5K	AeroSpaceFighter	INTERCEPTOR	34	41	2	8.00	0.00	0	1	0	0	0	0.78	1.00	0	0	15	1	94.00	10.00	478.00
10	MOVEMENT	4	81	Lucifer	LCF-R15	AeroSpaceFighter	ATTACK_FIGHTER	26	32	3	6.00	0.00	0	1	0	0	0	0.93	1.00	0	0	53	1	163.00	6.00	1226.00
10	MOVEMENT	4	82	Thunderbird	TRB-D36	AeroSpaceFighter	ATTACK_FIGHTER	22	53	1	2.00	0.00	0	0	0	0	0	0.79	1.00	0	21	89	1	177.00	10.00	1562.00
10	MOVEMENT	0	51	Riever	F-100	AeroSpaceFighter	ATTACK_FIGHTER	17	33	2	7.00	0.00	0	1	0	0	0	0.84	1.00	0	0	54	1	216.00	10.00	3252.00
10	MOVEMENT	5	83	Patton Tank		Tank	BRAWLER	37	13	2	6.00	0.00	0	0	0	0	0	1.00	1.00	0	21	20	1	232.00	35.00	826.00
10	MOVEMENT	5	84	Manticore Heavy Tank		Tank	BRAWLER	47	16	3	6.00	0.00	0	0	0	0	0	1.00	1.00	0	21	31	1	176.00	30.00	854.00
10	MOVEMENT	5	85	Partisan Heavy Tank	(LRM)	Tank	MISSILE_BOAT	35	13	4	5.00	0.00	0	0	0	0	0	1.00	1.00	1	21	64	1	96.00	40.00	1109.00
10	MOVEMENT	5	86	Partisan Heavy Tank		Tank	SNIPER	33	13	4	5.00	0.00	0	0	0	0	0	1.00	1.00	1	18	24	1	96.00	40.00	579.00
10	MOVEMENT	0	29	Thumper Artillery Vehicle		Tank	MISSILE_BOAT	25	77	0	0.00	0.00	0	0	1	1	0	0.49	1.00	1	21	23	1	86.00	24.00	440.00
10	MOVEMENT	0	62	Wolverine	WVR-6K	BipedMek	SKIRMISHER	17	43	1	6.00	6.00	0	0	0	0	0	0.78	0.99	0	15	27	1	144.00	90.00	1248.00
PLAYER_ID	ENTITY_ID	CHASSIS	MODEL	FACING	FROM_X	FROM_Y	TO_X	TO_Y	HEXES_MOVED	DISTANCE	MP_USED	MAX_MP	MP_P	HEAT_P	ARMOR_P	INTERNAL_P	JUMPING	PRONE	LEGAL	STEPS	TEAM_ID	CHANCE_OF_FAILURE	IS_BOT
5	84	Manticore Heavy Tank		4	47	16	44	18	3	0	6	6	1.00	0.00	1.00	1.00	0	0	1	TURN_RIGHT FORWARDS FORWARDS FORWARDS	1	0.00	1
ROUND	PHASE	PLAYER_ID	ENTITY_ID	CHASSIS	MODEL	TYPE	ROLE	X	Y	FACING	MP	HEAT	PRONE	AIRBORNE	OFF_BOARD	CRIPPLED	DESTROYED	ARMOR_P	INTERNAL_P	DONE	MAX_RANGE	TOTAL_DAMAGE	TEAM_ID	ARMOR	INTERNAL	BV
10	MOVEMENT	0	1	Stalker	STK-3F	BipedMek	JUGGERNAUT	20	57	0	0.00	0.00	0	0	0	0	0	0.67	1.00	0	21	68	1	144.00	130.00	2619.00
10	MOVEMENT	0	71	Awesome	AWS-8Q	BipedMek	SNIPER	19	53	0	0.00	2.00	0	0	0	0	0	0.80	1.00	0	18	33	1	192.00	122.00	2696.00
10	MOVEMENT	0	7	Griffin	GRF-2N	BipedMek	SKIRMISHER	19	59	0	0.00	0.00	0	0	0	0	0	1.00	1.00	0	23	22	1	179.00	91.00	2120.00
10	MOVEMENT	1	72	Champion	CHP-2N	BipedMek	SKIRMISHER	22	46	5	6.00	6.00	0	0	0	0	0	0.98	1.00	0	15	32	1	126.00	99.00	960.00
10	MOVEMENT	1	73	Archer	ARC-2R	BipedMek	MISSILE_BOAT	21	47	0	5.00	5.00	0	0	0	0	0	1.00	1.00	0	21	60	1	208.00	107.00	1351.00
10	MOVEMENT	3	78	Wyvern	WVE-6N	BipedMek	SKIRMISHER	18	43	2	5.00	6.00	0	0	0	0	0	0.34	0.88	1	21	30	2	46.00	66.00	1307.00
10	MOVEMENT	4	79	Sholagar	SL-21L	AeroSpaceFighter	INTERCEPTOR	13	30	4	10.00	0.00	0	1	0	0	0	0.81	1.00	0	0	15	1	78.00	10.00	628.00
10	MOVEMENT	4	80	Sparrowhawk	SPR-H5K	AeroSpaceFighter	INTERCEPTOR	34	41	2	8.00	0.00	0	1	0	0	0	0.78	1.00	0	0	15	1	94.00	10.00	478.00
10	MOVEMENT	4	81	Lucifer	LCF-R15	AeroSpaceFighter	ATTACK_FIGHTER	26	32	3	6.00	0.00	0	1	0	0	0	0.93	1.00	0	0	53	1	163.00	6.00	1226.00
10	MOVEMENT	4	82	Thunderbird	TRB-D36	AeroSpaceFighter	ATTACK_FIGHTER	22	53	1	2.00	0.00	0	0	0	0	0	0.79	1.00	0	21	89	1	177.00	10.00	1562.00
10	MOVEMENT	0	51	Riever	F-100	AeroSpaceFighter	ATTACK_FIGHTER	17	33	2	7.00	0.00	0	1	0	0	0	0.84	1.00	0	0	54	1	216.00	10.00	3252.00
10	MOVEMENT	5	83	Patton Tank		Tank	BRAWLER	37	13	2	6.00	0.00	0	0	0	0	0	1.00	1.00	0	21	20	1	232.00	35.00	826.00
10	MOVEMENT	5	84	Manticore Heavy Tank		Tank	BRAWLER	44	18	4	6.00	0.00	0	0	0	0	0	1.00	1.00	1	21	31	1	176.00	30.00	854.00
10	MOVEMENT	5	85	Partisan Heavy Tank	(LRM)	Tank	MISSILE_BOAT	35	13	4	5.00	0.00	0	0	0	0	0	1.00	1.00	1	21	64	1	96.00	40.00	1109.00
10	MOVEMENT	5	86	Partisan Heavy Tank		Tank	SNIPER	33	13	4	5.00	0.00	0	0	0	0	0	1.00	1.00	1	18	24	1	96.00	40.00	579.00
10	MOVEMENT	0	29	Thumper Artillery Vehicle		Tank	MISSILE_BOAT	25	77	0	0.00	0.00	0	0	1	1	0	0.49	1.00	1	21	23	1	86.00	24.00	440.00
10	MOVEMENT	0	62	Wolverine	WVR-6K	BipedMek	SKIRMISHER	17	43	1	6.00	6.00	0	0	0	0	0	0.78	0.99	0	15	27	1	144.00	90.00	1248.00
PLAYER_ID	ENTITY_ID	CHASSIS	MODEL	FACING	FROM_X	FROM_Y	TO_X	TO_Y	HEXES_MOVED	DISTANCE	MP_USED	MAX_MP	MP_P	HEAT_P	ARMOR_P	INTERNAL_P	JUMPING	PRONE	LEGAL	STEPS	TEAM_ID	CHANCE_OF_FAILURE	IS_BOT
5	83	Patton Tank		4	37	13	33	15	4	0	6	6	1.00	0.00	1.00	1.00	0	0	1	CLIMB_MODE_ON TURN_RIGHT TURN_RIGHT FORWARDS FORWARDS FORWARDS FORWARDS	1	0.00	1
ROUND	PHASE	PLAYER_ID	ENTITY_ID	CHASSIS	MODEL	TYPE	ROLE	X	Y	FACING	MP	HEAT	PRONE	AIRBORNE	OFF_BOARD	CRIPPLED	DESTROYED	ARMOR_P	INTERNAL_P	DONE	MAX_RANGE	TOTAL_DAMAGE	TEAM_ID	ARMOR	INTERNAL	BV
10	MOVEMENT	0	1	Stalker	STK-3F	BipedMek	JUGGERNAUT	20	57	0	0.00	0.00	0	0	0	0	0	0.67	1.00	0	21	68	1	144.00	130.00	2619.00
10	MOVEMENT	0	71	Awesome	AWS-8Q	BipedMek	SNIPER	19	53	0	0.00	2.00	0	0	0	0	0	0.80	1.00	0	18	33	1	192.00	122.00	2696.00
10	MOVEMENT	0	7	Griffin	GRF-2N	BipedMek	SKIRMISHER	19	59	0	0.00	0.00	0	0	0	0	0	1.00	1.00	0	23	22	1	179.00	91.00	2120.00
10	MOVEMENT	1	72	Champion	CHP-2N	BipedMek	SKIRMISHER	22	46	5	6.00	6.00	0	0	0	0	0	0.98	1.00	0	15	32	1	126.00	99.00	960.00
10	MOVEMENT	1	73	Archer	ARC-2R	BipedMek	MISSILE_BOAT	21	47	0	5.00	5.00	0	0	0	0	0	1.00	1.00	0	21	60	1	208.00	107.00	1351.00
10	MOVEMENT	3	78	Wyvern	WVE-6N	BipedMek	SKIRMISHER	18	43	2	5.00	6.00	0	0	0	0	0	0.34	0.88	1	21	30	2	46.00	66.00	1307.00
10	MOVEMENT	4	79	Sholagar	SL-21L	AeroSpaceFighter	INTERCEPTOR	13	30	4	10.00	0.00	0	1	0	0	0	0.81	1.00	0	0	15	1	78.00	10.00	628.00
10	MOVEMENT	4	80	Sparrowhawk	SPR-H5K	AeroSpaceFighter	INTERCEPTOR	34	41	2	8.00	0.00	0	1	0	0	0	0.78	1.00	0	0	15	1	94.00	10.00	478.00
10	MOVEMENT	4	81	Lucifer	LCF-R15	AeroSpaceFighter	ATTACK_FIGHTER	26	32	3	6.00	0.00	0	1	0	0	0	0.93	1.00	0	0	53	1	163.00	6.00	1226.00
10	MOVEMENT	4	82	Thunderbird	TRB-D36	AeroSpaceFighter	ATTACK_FIGHTER	22	53	1	2.00	0.00	0	0	0	0	0	0.79	1.00	0	21	89	1	177.00	10.00	1562.00
10	MOVEMENT	0	51	Riever	F-100	AeroSpaceFighter	ATTACK_FIGHTER	17	33	2	7.00	0.00	0	1	0	0	0	0.84	1.00	0	0	54	1	216.00	10.00	3252.00
10	MOVEMENT	5	83	Patton Tank		Tank	BRAWLER	33	15	4	6.00	0.00	0	0	0	0	0	1.00	1.00	1	21	20	1	232.00	35.00	826.00
10	MOVEMENT	5	84	Manticore Heavy Tank		Tank	BRAWLER	44	18	4	6.00	0.00	0	0	0	0	0	1.00	1.00	1	21	31	1	176.00	30.00	854.00
10	MOVEMENT	5	85	Partisan Heavy Tank	(LRM)	Tank	MISSILE_BOAT	35	13	4	5.00	0.00	0	0	0	0	0	1.00	1.00	1	21	64	1	96.00	40.00	1109.00
10	MOVEMENT	5	86	Partisan Heavy Tank		Tank	SNIPER	33	13	4	5.00	0.00	0	0	0	0	0	1.00	1.00	1	18	24	1	96.00	40.00	579.00
10	MOVEMENT	0	29	Thumper Artillery Vehicle		Tank	MISSILE_BOAT	25	77	0	0.00	0.00	0	0	1	1	0	0.49	1.00	1	21	23	1	86.00	24.00	440.00
10	MOVEMENT	0	62	Wolverine	WVR-6K	BipedMek	SKIRMISHER	17	43	1	6.00	6.00	0	0	0	0	0	0.78	0.99	0	15	27	1	144.00	90.00	1248.00
PLAYER_ID	ENTITY_ID	CHASSIS	MODEL	FACING	FROM_X	FROM_Y	TO_X	TO_Y	HEXES_MOVED	DISTANCE	MP_USED	MAX_MP	MP_P	HEAT_P	ARMOR_P	INTERNAL_P	JUMPING	PRONE	LEGAL	STEPS	TEAM_ID	CHANCE_OF_FAILURE	IS_BOT
0	1	Stalker	STK-3F	0	-1	-1	20	57	0	0	0	5	0.00	0.00	0.67	1.00	0	0	1		1	0.00	0
ROUND	PHASE	PLAYER_ID	ENTITY_ID	CHASSIS	MODEL	TYPE	ROLE	X	Y	FACING	MP	HEAT	PRONE	AIRBORNE	OFF_BOARD	CRIPPLED	DESTROYED	ARMOR_P	INTERNAL_P	DONE	MAX_RANGE	TOTAL_DAMAGE	TEAM_ID	ARMOR	INTERNAL	BV
10	MOVEMENT	0	1	Stalker	STK-3F	BipedMek	JUGGERNAUT	20	57	0	0.00	0.00	0	0	0	0	0	0.67	1.00	1	21	68	1	144.00	130.00	2619.00
10	MOVEMENT	0	71	Awesome	AWS-8Q	BipedMek	SNIPER	19	53	0	0.00	2.00	0	0	0	0	0	0.80	1.00	0	18	33	1	192.00	122.00	2696.00
10	MOVEMENT	0	7	Griffin	GRF-2N	BipedMek	SKIRMISHER	19	59	0	0.00	0.00	0	0	0	0	0	1.00	1.00	0	23	22	1	179.00	91.00	2120.00
10	MOVEMENT	1	72	Champion	CHP-2N	BipedMek	SKIRMISHER	22	46	5	6.00	6.00	0	0	0	0	0	0.98	1.00	0	15	32	1	126.00	99.00	960.00
10	MOVEMENT	1	73	Archer	ARC-2R	BipedMek	MISSILE_BOAT	21	47	0	5.00	5.00	0	0	0	0	0	1.00	1.00	0	21	60	1	208.00	107.00	1351.00
10	MOVEMENT	3	78	Wyvern	WVE-6N	BipedMek	SKIRMISHER	18	43	2	5.00	6.00	0	0	0	0	0	0.34	0.88	1	21	30	2	46.00	66.00	1307.00
10	MOVEMENT	4	79	Sholagar	SL-21L	AeroSpaceFighter	INTERCEPTOR	13	30	4	10.00	0.00	0	1	0	0	0	0.81	1.00	0	0	15	1	78.00	10.00	628.00
10	MOVEMENT	4	80	Sparrowhawk	SPR-H5K	AeroSpaceFighter	INTERCEPTOR	34	41	2	8.00	0.00	0	1	0	0	0	0.78	1.00	0	0	15	1	94.00	10.00	478.00
10	MOVEMENT	4	81	Lucifer	LCF-R15	AeroSpaceFighter	ATTACK_FIGHTER	26	32	3	6.00	0.00	0	1	0	0	0	0.93	1.00	0	0	53	1	163.00	6.00	1226.00
10	MOVEMENT	4	82	Thunderbird	TRB-D36	AeroSpaceFighter	ATTACK_FIGHTER	22	53	1	2.00	0.00	0	0	0	0	0	0.79	1.00	0	21	89	1	177.00	10.00	1562.00
10	MOVEMENT	0	51	Riever	F-100	AeroSpaceFighter	ATTACK_FIGHTER	17	33	2	7.00	0.00	0	1	0	0	0	0.84	1.00	0	0	54	1	216.00	10.00	3252.00
10	MOVEMENT	5	83	Patton Tank		Tank	BRAWLER	33	15	4	6.00	0.00	0	0	0	0	0	1.00	1.00	1	21	20	1	232.00	35.00	826.00
10	MOVEMENT	5	84	Manticore Heavy Tank		Tank	BRAWLER	44	18	4	6.00	0.00	0	0	0	0	0	1.00	1.00	1	21	31	1	176.00	30.00	854.00
10	MOVEMENT	5	85	Partisan Heavy Tank	(LRM)	Tank	MISSILE_BOAT	35	13	4	5.00	0.00	0	0	0	0	0	1.00	1.00	1	21	64	1	96.00	40.00	1109.00
10	MOVEMENT	5	86	Partisan Heavy Tank		Tank	SNIPER	33	13	4	5.00	0.00	0	0	0	0	0	1.00	1.00	1	18	24	1	96.00	40.00	579.00
10	MOVEMENT	0	29	Thumper Artillery Vehicle		Tank	MISSILE_BOAT	25	77	0	0.00	0.00	0	0	1	1	0	0.49	1.00	1	21	23	1	86.00	24.00	440.00
10	MOVEMENT	0	62	Wolverine	WVR-6K	BipedMek	SKIRMISHER	17	43	1	6.00	6.00	0	0	0	0	0	0.78	0.99	0	15	27	1	144.00	90.00	1248.00
PLAYER_ID	ENTITY_ID	CHASSIS	MODEL	FACING	FROM_X	FROM_Y	TO_X	TO_Y	HEXES_MOVED	DISTANCE	MP_USED	MAX_MP	MP_P	HEAT_P	ARMOR_P	INTERNAL_P	JUMPING	PRONE	LEGAL	STEPS	TEAM_ID	CHANCE_OF_FAILURE	IS_BOT
0	71	Awesome	AWS-8Q	0	-1	-1	19	53	0	0	0	5	0.00	0.07	0.80	1.00	0	0	1		1	0.00	0
ROUND	PHASE	PLAYER_ID	ENTITY_ID	CHASSIS	MODEL	TYPE	ROLE	X	Y	FACING	MP	HEAT	PRONE	AIRBORNE	OFF_BOARD	CRIPPLED	DESTROYED	ARMOR_P	INTERNAL_P	DONE	MAX_RANGE	TOTAL_DAMAGE	TEAM_ID	ARMOR	INTERNAL	BV
10	MOVEMENT	0	1	Stalker	STK-3F	BipedMek	JUGGERNAUT	20	57	0	0.00	0.00	0	0	0	0	0	0.67	1.00	1	21	68	1	144.00	130.00	2619.00
10	MOVEMENT	0	71	Awesome	AWS-8Q	BipedMek	SNIPER	19	53	0	0.00	2.00	0	0	0	0	0	0.80	1.00	1	18	33	1	192.00	122.00	2696.00
10	MOVEMENT	0	7	Griffin	GRF-2N	BipedMek	SKIRMISHER	19	59	0	0.00	0.00	0	0	0	0	0	1.00	1.00	0	23	22	1	179.00	91.00	2120.00
10	MOVEMENT	1	72	Champion	CHP-2N	BipedMek	SKIRMISHER	22	46	5	6.00	6.00	0	0	0	0	0	0.98	1.00	0	15	32	1	126.00	99.00	960.00
10	MOVEMENT	1	73	Archer	ARC-2R	BipedMek	MISSILE_BOAT	21	47	0	5.00	5.00	0	0	0	0	0	1.00	1.00	0	21	60	1	208.00	107.00	1351.00
10	MOVEMENT	3	78	Wyvern	WVE-6N	BipedMek	SKIRMISHER	18	43	2	5.00	6.00	0	0	0	0	0	0.34	0.88	1	21	30	2	46.00	66.00	1307.00
10	MOVEMENT	4	79	Sholagar	SL-21L	AeroSpaceFighter	INTERCEPTOR	13	30	4	10.00	0.00	0	1	0	0	0	0.81	1.00	0	0	15	1	78.00	10.00	628.00
10	MOVEMENT	4	80	Sparrowhawk	SPR-H5K	AeroSpaceFighter	INTERCEPTOR	34	41	2	8.00	0.00	0	1	0	0	0	0.78	1.00	0	0	15	1	94.00	10.00	478.00
10	MOVEMENT	4	81	Lucifer	LCF-R15	AeroSpaceFighter	ATTACK_FIGHTER	26	32	3	6.00	0.00	0	1	0	0	0	0.93	1.00	0	0	53	1	163.00	6.00	1226.00
10	MOVEMENT	4	82	Thunderbird	TRB-D36	AeroSpaceFighter	ATTACK_FIGHTER	22	53	1	2.00	0.00	0	0	0	0	0	0.79	1.00	0	21	89	1	177.00	10.00	1562.00
10	MOVEMENT	0	51	Riever	F-100	AeroSpaceFighter	ATTACK_FIGHTER	17	33	2	7.00	0.00	0	1	0	0	0	0.84	1.00	0	0	54	1	216.00	10.00	3252.00
10	MOVEMENT	5	83	Patton Tank		Tank	BRAWLER	33	15	4	6.00	0.00	0	0	0	0	0	1.00	1.00	1	21	20	1	232.00	35.00	826.00
10	MOVEMENT	5	84	Manticore Heavy Tank		Tank	BRAWLER	44	18	4	6.00	0.00	0	0	0	0	0	1.00	1.00	1	21	31	1	176.00	30.00	854.00
10	MOVEMENT	5	85	Partisan Heavy Tank	(LRM)	Tank	MISSILE_BOAT	35	13	4	5.00	0.00	0	0	0	0	0	1.00	1.00	1	21	64	1	96.00	40.00	1109.00
10	MOVEMENT	5	86	Partisan Heavy Tank		Tank	SNIPER	33	13	4	5.00	0.00	0	0	0	0	0	1.00	1.00	1	18	24	1	96.00	40.00	579.00
10	MOVEMENT	0	29	Thumper Artillery Vehicle		Tank	MISSILE_BOAT	25	77	0	0.00	0.00	0	0	1	1	0	0.49	1.00	1	21	23	1	86.00	24.00	440.00
10	MOVEMENT	0	62	Wolverine	WVR-6K	BipedMek	SKIRMISHER	17	43	1	6.00	6.00	0	0	0	0	0	0.78	0.99	0	15	27	1	144.00	90.00	1248.00
PLAYER_ID	ENTITY_ID	CHASSIS	MODEL	FACING	FROM_X	FROM_Y	TO_X	TO_Y	HEXES_MOVED	DISTANCE	MP_USED	MAX_MP	MP_P	HEAT_P	ARMOR_P	INTERNAL_P	JUMPING	PRONE	LEGAL	STEPS	TEAM_ID	CHANCE_OF_FAILURE	IS_BOT
0	7	Griffin	GRF-2N	0	-1	-1	19	59	0	0	0	9	0.00	0.00	1.00	1.00	0	0	1		1	0.00	0
ROUND	PHASE	PLAYER_ID	ENTITY_ID	CHASSIS	MODEL	TYPE	ROLE	X	Y	FACING	MP	HEAT	PRONE	AIRBORNE	OFF_BOARD	CRIPPLED	DESTROYED	ARMOR_P	INTERNAL_P	DONE	MAX_RANGE	TOTAL_DAMAGE	TEAM_ID	ARMOR	INTERNAL	BV
10	MOVEMENT	0	1	Stalker	STK-3F	BipedMek	JUGGERNAUT	20	57	0	0.00	0.00	0	0	0	0	0	0.67	1.00	1	21	68	1	144.00	130.00	2619.00
10	MOVEMENT	0	71	Awesome	AWS-8Q	BipedMek	SNIPER	19	53	0	0.00	2.00	0	0	0	0	0	0.80	1.00	1	18	33	1	192.00	122.00	2696.00
10	MOVEMENT	0	7	Griffin	GRF-2N	BipedMek	SKIRMISHER	19	59	0	0.00	0.00	0	0	0	0	0	1.00	1.00	1	23	22	1	179.00	91.00	2120.00
10	MOVEMENT	1	72	Champion	CHP-2N	BipedMek	SKIRMISHER	22	46	5	6.00	6.00	0	0	0	0	0	0.98	1.00	0	15	32	1	126.00	99.00	960.00
10	MOVEMENT	1	73	Archer	ARC-2R	BipedMek	MISSILE_BOAT	21	47	0	5.00	5.00	0	0	0	0	0	1.00	1.00	0	21	60	1	208.00	107.00	1351.00
10	MOVEMENT	3	78	Wyvern	WVE-6N	BipedMek	SKIRMISHER	18	43	2	5.00	6.00	0	0	0	0	0	0.34	0.88	1	21	30	2	46.00	66.00	1307.00
10	MOVEMENT	4	79	Sholagar	SL-21L	AeroSpaceFighter	INTERCEPTOR	13	30	4	10.00	0.00	0	1	0	0	0	0.81	1.00	0	0	15	1	78.00	10.00	628.00
10	MOVEMENT	4	80	Sparrowhawk	SPR-H5K	AeroSpaceFighter	INTERCEPTOR	34	41	2	8.00	0.00	0	1	0	0	0	0.78	1.00	0	0	15	1	94.00	10.00	478.00
10	MOVEMENT	4	81	Lucifer	LCF-R15	AeroSpaceFighter	ATTACK_FIGHTER	26	32	3	6.00	0.00	0	1	0	0	0	0.93	1.00	0	0	53	1	163.00	6.00	1226.00
10	MOVEMENT	4	82	Thunderbird	TRB-D36	AeroSpaceFighter	ATTACK_FIGHTER	22	53	1	2.00	0.00	0	0	0	0	0	0.79	1.00	0	21	89	1	177.00	10.00	1562.00
10	MOVEMENT	0	51	Riever	F-100	AeroSpaceFighter	ATTACK_FIGHTER	17	33	2	7.00	0.00	0	1	0	0	0	0.84	1.00	0	0	54	1	216.00	10.00	3252.00
10	MOVEMENT	5	83	Patton Tank		Tank	BRAWLER	33	15	4	6.00	0.00	0	0	0	0	0	1.00	1.00	1	21	20	1	232.00	35.00	826.00
10	MOVEMENT	5	84	Manticore Heavy Tank		Tank	BRAWLER	44	18	4	6.00	0.00	0	0	0	0	0	1.00	1.00	1	21	31	1	176.00	30.00	854.00
10	MOVEMENT	5	85	Partisan Heavy Tank	(LRM)	Tank	MISSILE_BOAT	35	13	4	5.00	0.00	0	0	0	0	0	1.00	1.00	1	21	64	1	96.00	40.00	1109.00
10	MOVEMENT	5	86	Partisan Heavy Tank		Tank	SNIPER	33	13	4	5.00	0.00	0	0	0	0	0	1.00	1.00	1	18	24	1	96.00	40.00	579.00
10	MOVEMENT	0	29	Thumper Artillery Vehicle		Tank	MISSILE_BOAT	25	77	0	0.00	0.00	0	0	1	1	0	0.49	1.00	1	21	23	1	86.00	24.00	440.00
10	MOVEMENT	0	62	Wolverine	WVR-6K	BipedMek	SKIRMISHER	17	43	1	6.00	6.00	0	0	0	0	0	0.78	0.99	0	15	27	1	144.00	90.00	1248.00
PLAYER_ID	ENTITY_ID	CHASSIS	MODEL	FACING	FROM_X	FROM_Y	TO_X	TO_Y	HEXES_MOVED	DISTANCE	MP_USED	MAX_MP	MP_P	HEAT_P	ARMOR_P	INTERNAL_P	JUMPING	PRONE	LEGAL	STEPS	TEAM_ID	CHANCE_OF_FAILURE	IS_BOT
0	62	Wolverine	WVR-6K	1	17	43	17	42	1	0	3	6	0.50	0.43	0.78	0.99	0	0	1	TURN_LEFT FORWARDS TURN_RIGHT	1	0.00	0
ROUND	PHASE	PLAYER_ID	ENTITY_ID	CHASSIS	MODEL	TYPE	ROLE	X	Y	FACING	MP	HEAT	PRONE	AIRBORNE	OFF_BOARD	CRIPPLED	DESTROYED	ARMOR_P	INTERNAL_P	DONE	MAX_RANGE	TOTAL_DAMAGE	TEAM_ID	ARMOR	INTERNAL	BV
10	MOVEMENT	0	1	Stalker	STK-3F	BipedMek	JUGGERNAUT	20	57	0	0.00	0.00	0	0	0	0	0	0.67	1.00	1	21	68	1	144.00	130.00	2619.00
10	MOVEMENT	0	71	Awesome	AWS-8Q	BipedMek	SNIPER	19	53	0	0.00	2.00	0	0	0	0	0	0.80	1.00	1	18	33	1	192.00	122.00	2696.00
10	MOVEMENT	0	7	Griffin	GRF-2N	BipedMek	SKIRMISHER	19	59	0	0.00	0.00	0	0	0	0	0	1.00	1.00	1	23	22	1	179.00	91.00	2120.00
10	MOVEMENT	1	72	Champion	CHP-2N	BipedMek	SKIRMISHER	22	46	5	6.00	6.00	0	0	0	0	0	0.98	1.00	0	15	32	1	126.00	99.00	960.00
10	MOVEMENT	1	73	Archer	ARC-2R	BipedMek	MISSILE_BOAT	21	47	0	5.00	5.00	0	0	0	0	0	1.00	1.00	0	21	60	1	208.00	107.00	1351.00
10	MOVEMENT	3	78	Wyvern	WVE-6N	BipedMek	SKIRMISHER	18	43	2	5.00	6.00	0	0	0	0	0	0.34	0.88	1	21	30	2	46.00	66.00	1307.00
10	MOVEMENT	4	79	Sholagar	SL-21L	AeroSpaceFighter	INTERCEPTOR	13	30	4	10.00	0.00	0	1	0	0	0	0.81	1.00	0	0	15	1	78.00	10.00	628.00
10	MOVEMENT	4	80	Sparrowhawk	SPR-H5K	AeroSpaceFighter	INTERCEPTOR	34	41	2	8.00	0.00	0	1	0	0	0	0.78	1.00	0	0	15	1	94.00	10.00	478.00
10	MOVEMENT	4	81	Lucifer	LCF-R15	AeroSpaceFighter	ATTACK_FIGHTER	26	32	3	6.00	0.00	0	1	0	0	0	0.93	1.00	0	0	53	1	163.00	6.00	1226.00
10	MOVEMENT	4	82	Thunderbird	TRB-D36	AeroSpaceFighter	ATTACK_FIGHTER	22	53	1	2.00	0.00	0	0	0	0	0	0.79	1.00	0	21	89	1	177.00	10.00	1562.00
10	MOVEMENT	0	51	Riever	F-100	AeroSpaceFighter	ATTACK_FIGHTER	17	33	2	7.00	0.00	0	1	0	0	0	0.84	1.00	0	0	54	1	216.00	10.00	3252.00
10	MOVEMENT	5	83	Patton Tank		Tank	BRAWLER	33	15	4	6.00	0.00	0	0	0	0	0	1.00	1.00	1	21	20	1	232.00	35.00	826.00
10	MOVEMENT	5	84	Manticore Heavy Tank		Tank	BRAWLER	44	18	4	6.00	0.00	0	0	0	0	0	1.00	1.00	1	21	31	1	176.00	30.00	854.00
10	MOVEMENT	5	85	Partisan Heavy Tank	(LRM)	Tank	MISSILE_BOAT	35	13	4	5.00	0.00	0	0	0	0	0	1.00	1.00	1	21	64	1	96.00	40.00	1109.00
10	MOVEMENT	5	86	Partisan Heavy Tank		Tank	SNIPER	33	13	4	5.00	0.00	0	0	0	0	0	1.00	1.00	1	18	24	1	96.00	40.00	579.00
10	MOVEMENT	0	29	Thumper Artillery Vehicle		Tank	MISSILE_BOAT	25	77	0	0.00	0.00	0	0	1	1	0	0.49	1.00	1	21	23	1	86.00	24.00	440.00
10	MOVEMENT	0	62	Wolverine	WVR-6K	BipedMek	SKIRMISHER	17	42	1	6.00	6.00	0	0	0	0	0	0.78	0.99	1	15	27	1	144.00	90.00	1248.00
PLAYER_ID	ENTITY_ID	CHASSIS	MODEL	FACING	FROM_X	FROM_Y	TO_X	TO_Y	HEXES_MOVED	DISTANCE	MP_USED	MAX_MP	MP_P	HEAT_P	ARMOR_P	INTERNAL_P	JUMPING	PRONE	LEGAL	STEPS	TEAM_ID	CHANCE_OF_FAILURE	IS_BOT
4	82	Thunderbird	TRB-D36	1	23	52	24	52	2	0	2	2	1.00	0.00	0.79	1.00	0	0	1	FORWARDS FORWARDS	1	0.00	1
ROUND	PHASE	PLAYER_ID	ENTITY_ID	CHASSIS	MODEL	TYPE	ROLE	X	Y	FACING	MP	HEAT	PRONE	AIRBORNE	OFF_BOARD	CRIPPLED	DESTROYED	ARMOR_P	INTERNAL_P	DONE	MAX_RANGE	TOTAL_DAMAGE	TEAM_ID	ARMOR	INTERNAL	BV
10	MOVEMENT	0	1	Stalker	STK-3F	BipedMek	JUGGERNAUT	20	57	0	0.00	0.00	0	0	0	0	0	0.67	1.00	1	21	68	1	144.00	130.00	2619.00
10	MOVEMENT	0	71	Awesome	AWS-8Q	BipedMek	SNIPER	19	53	0	0.00	2.00	0	0	0	0	0	0.80	1.00	1	18	33	1	192.00	122.00	2696.00
10	MOVEMENT	0	7	Griffin	GRF-2N	BipedMek	SKIRMISHER	19	59	0	0.00	0.00	0	0	0	0	0	1.00	1.00	1	23	22	1	179.00	91.00	2120.00
10	MOVEMENT	1	72	Champion	CHP-2N	BipedMek	SKIRMISHER	22	46	5	6.00	6.00	0	0	0	0	0	0.98	1.00	0	15	32	1	126.00	99.00	960.00
10	MOVEMENT	1	73	Archer	ARC-2R	BipedMek	MISSILE_BOAT	21	47	0	5.00	5.00	0	0	0	0	0	1.00	1.00	0	21	60	1	208.00	107.00	1351.00
10	MOVEMENT	3	78	Wyvern	WVE-6N	BipedMek	SKIRMISHER	18	43	2	5.00	6.00	0	0	0	0	0	0.34	0.88	1	21	30	2	46.00	66.00	1307.00
10	MOVEMENT	4	79	Sholagar	SL-21L	AeroSpaceFighter	INTERCEPTOR	13	30	4	10.00	0.00	0	1	0	0	0	0.81	1.00	0	0	15	1	78.00	10.00	628.00
10	MOVEMENT	4	80	Sparrowhawk	SPR-H5K	AeroSpaceFighter	INTERCEPTOR	34	41	2	8.00	0.00	0	1	0	0	0	0.78	1.00	0	0	15	1	94.00	10.00	478.00
10	MOVEMENT	4	81	Lucifer	LCF-R15	AeroSpaceFighter	ATTACK_FIGHTER	26	32	3	6.00	0.00	0	1	0	0	0	0.93	1.00	0	0	53	1	163.00	6.00	1226.00
10	MOVEMENT	4	82	Thunderbird	TRB-D36	AeroSpaceFighter	ATTACK_FIGHTER	24	52	1	2.00	0.00	0	0	0	0	0	0.79	1.00	1	21	89	1	177.00	10.00	1562.00
10	MOVEMENT	0	51	Riever	F-100	AeroSpaceFighter	ATTACK_FIGHTER	17	33	2	7.00	0.00	0	1	0	0	0	0.84	1.00	0	0	54	1	216.00	10.00	3252.00
10	MOVEMENT	5	83	Patton Tank		Tank	BRAWLER	33	15	4	6.00	0.00	0	0	0	0	0	1.00	1.00	1	21	20	1	232.00	35.00	826.00
10	MOVEMENT	5	84	Manticore Heavy Tank		Tank	BRAWLER	44	18	4	6.00	0.00	0	0	0	0	0	1.00	1.00	1	21	31	1	176.00	30.00	854.00
10	MOVEMENT	5	85	Partisan Heavy Tank	(LRM)	Tank	MISSILE_BOAT	35	13	4	5.00	0.00	0	0	0	0	0	1.00	1.00	1	21	64	1	96.00	40.00	1109.00
10	MOVEMENT	5	86	Partisan Heavy Tank		Tank	SNIPER	33	13	4	5.00	0.00	0	0	0	0	0	1.00	1.00	1	18	24	1	96.00	40.00	579.00
10	MOVEMENT	0	29	Thumper Artillery Vehicle		Tank	MISSILE_BOAT	25	77	0	0.00	0.00	0	0	1	1	0	0.49	1.00	1	21	23	1	86.00	24.00	440.00
10	MOVEMENT	0	62	Wolverine	WVR-6K	BipedMek	SKIRMISHER	17	42	1	6.00	6.00	0	0	0	0	0	0.78	0.99	1	15	27	1	144.00	90.00	1248.00
PLAYER_ID	ENTITY_ID	CHASSIS	MODEL	FACING	FROM_X	FROM_Y	TO_X	TO_Y	HEXES_MOVED	DISTANCE	MP_USED	MAX_MP	MP_P	HEAT_P	ARMOR_P	INTERNAL_P	JUMPING	PRONE	LEGAL	STEPS	TEAM_ID	CHANCE_OF_FAILURE	IS_BOT
1	73	Archer	ARC-2R	5	21	48	21	48	1	0	2	3	0.67	0.50	1.00	1.00	0	0	1	BACKWARDS TURN_LEFT	1	0.00	1
ROUND	PHASE	PLAYER_ID	ENTITY_ID	CHASSIS	MODEL	TYPE	ROLE	X	Y	FACING	MP	HEAT	PRONE	AIRBORNE	OFF_BOARD	CRIPPLED	DESTROYED	ARMOR_P	INTERNAL_P	DONE	MAX_RANGE	TOTAL_DAMAGE	TEAM_ID	ARMOR	INTERNAL	BV
10	MOVEMENT	0	1	Stalker	STK-3F	BipedMek	JUGGERNAUT	20	57	0	0.00	0.00	0	0	0	0	0	0.67	1.00	1	21	68	1	144.00	130.00	2619.00
10	MOVEMENT	0	71	Awesome	AWS-8Q	BipedMek	SNIPER	19	53	0	0.00	2.00	0	0	0	0	0	0.80	1.00	1	18	33	1	192.00	122.00	2696.00
10	MOVEMENT	0	7	Griffin	GRF-2N	BipedMek	SKIRMISHER	19	59	0	0.00	0.00	0	0	0	0	0	1.00	1.00	1	23	22	1	179.00	91.00	2120.00
10	MOVEMENT	1	72	Champion	CHP-2N	BipedMek	SKIRMISHER	22	46	5	6.00	6.00	0	0	0	0	0	0.98	1.00	0	15	32	1	126.00	99.00	960.00
10	MOVEMENT	1	73	Archer	ARC-2R	BipedMek	MISSILE_BOAT	21	48	5	5.00	5.00	0	0	0	0	0	1.00	1.00	1	21	60	1	208.00	107.00	1351.00
10	MOVEMENT	3	78	Wyvern	WVE-6N	BipedMek	SKIRMISHER	18	43	2	5.00	6.00	0	0	0	0	0	0.34	0.88	1	21	30	2	46.00	66.00	1307.00
10	MOVEMENT	4	79	Sholagar	SL-21L	AeroSpaceFighter	INTERCEPTOR	13	30	4	10.00	0.00	0	1	0	0	0	0.81	1.00	0	0	15	1	78.00	10.00	628.00
10	MOVEMENT	4	80	Sparrowhawk	SPR-H5K	AeroSpaceFighter	INTERCEPTOR	34	41	2	8.00	0.00	0	1	0	0	0	0.78	1.00	0	0	15	1	94.00	10.00	478.00
10	MOVEMENT	4	81	Lucifer	LCF-R15	AeroSpaceFighter	ATTACK_FIGHTER	26	32	3	6.00	0.00	0	1	0	0	0	0.93	1.00	0	0	53	1	163.00	6.00	1226.00
10	MOVEMENT	4	82	Thunderbird	TRB-D36	AeroSpaceFighter	ATTACK_FIGHTER	24	52	1	2.00	0.00	0	0	0	0	0	0.79	1.00	1	21	89	1	177.00	10.00	1562.00
10	MOVEMENT	0	51	Riever	F-100	AeroSpaceFighter	ATTACK_FIGHTER	17	33	2	7.00	0.00	0	1	0	0	0	0.84	1.00	0	0	54	1	216.00	10.00	3252.00
10	MOVEMENT	5	83	Patton Tank		Tank	BRAWLER	33	15	4	6.00	0.00	0	0	0	0	0	1.00	1.00	1	21	20	1	232.00	35.00	826.00
10	MOVEMENT	5	84	Manticore Heavy Tank		Tank	BRAWLER	44	18	4	6.00	0.00	0	0	0	0	0	1.00	1.00	1	21	31	1	176.00	30.00	854.00
10	MOVEMENT	5	85	Partisan Heavy Tank	(LRM)	Tank	MISSILE_BOAT	35	13	4	5.00	0.00	0	0	0	0	0	1.00	1.00	1	21	64	1	96.00	40.00	1109.00
10	MOVEMENT	5	86	Partisan Heavy Tank		Tank	SNIPER	33	13	4	5.00	0.00	0	0	0	0	0	1.00	1.00	1	18	24	1	96.00	40.00	579.00
10	MOVEMENT	0	29	Thumper Artillery Vehicle		Tank	MISSILE_BOAT	25	77	0	0.00	0.00	0	0	1	1	0	0.49	1.00	1	21	23	1	86.00	24.00	440.00
10	MOVEMENT	0	62	Wolverine	WVR-6K	BipedMek	SKIRMISHER	17	42	1	6.00	6.00	0	0	0	0	0	0.78	0.99	1	15	27	1	144.00	90.00	1248.00
PLAYER_ID	ENTITY_ID	CHASSIS	MODEL	FACING	FROM_X	FROM_Y	TO_X	TO_Y	HEXES_MOVED	DISTANCE	MP_USED	MAX_MP	MP_P	HEAT_P	ARMOR_P	INTERNAL_P	JUMPING	PRONE	LEGAL	STEPS	TEAM_ID	CHANCE_OF_FAILURE	IS_BOT
1	72	Champion	CHP-2N	5	21	45	18	44	4	0	4	6	0.67	0.60	0.98	1.00	0	0	1	FORWARDS FORWARDS FORWARDS FORWARDS	1	0.00	1
ROUND	PHASE	PLAYER_ID	ENTITY_ID	CHASSIS	MODEL	TYPE	ROLE	X	Y	FACING	MP	HEAT	PRONE	AIRBORNE	OFF_BOARD	CRIPPLED	DESTROYED	ARMOR_P	INTERNAL_P	DONE	MAX_RANGE	TOTAL_DAMAGE	TEAM_ID	ARMOR	INTERNAL	BV
10	MOVEMENT	0	1	Stalker	STK-3F	BipedMek	JUGGERNAUT	20	57	0	0.00	0.00	0	0	0	0	0	0.67	1.00	1	21	68	1	144.00	130.00	2619.00
10	MOVEMENT	0	71	Awesome	AWS-8Q	BipedMek	SNIPER	19	53	0	0.00	2.00	0	0	0	0	0	0.80	1.00	1	18	33	1	192.00	122.00	2696.00
10	MOVEMENT	0	7	Griffin	GRF-2N	BipedMek	SKIRMISHER	19	59	0	0.00	0.00	0	0	0	0	0	1.00	1.00	1	23	22	1	179.00	91.00	2120.00
10	MOVEMENT	1	72	Champion	CHP-2N	BipedMek	SKIRMISHER	18	44	5	6.00	6.00	0	0	0	0	0	0.98	1.00	1	15	32	1	126.00	99.00	960.00
10	MOVEMENT	1	73	Archer	ARC-2R	BipedMek	MISSILE_BOAT	21	48	5	5.00	5.00	0	0	0	0	0	1.00	1.00	1	21	60	1	208.00	107.00	1351.00
10	MOVEMENT	3	78	Wyvern	WVE-6N	BipedMek	SKIRMISHER	18	43	2	5.00	6.00	0	0	0	0	0	0.34	0.88	1	21	30	2	46.00	66.00	1307.00
10	MOVEMENT	4	79	Sholagar	SL-21L	AeroSpaceFighter	INTERCEPTOR	13	30	4	10.00	0.00	0	1	0	0	0	0.81	1.00	0	0	15	1	78.00	10.00	628.00
10	MOVEMENT	4	80	Sparrowhawk	SPR-H5K	AeroSpaceFighter	INTERCEPTOR	34	41	2	8.00	0.00	0	1	0	0	0	0.78	1.00	0	0	15	1	94.00	10.00	478.00
10	MOVEMENT	4	81	Lucifer	LCF-R15	AeroSpaceFighter	ATTACK_FIGHTER	26	32	3	6.00	0.00	0	1	0	0	0	0.93	1.00	0	0	53	1	163.00	6.00	1226.00
10	MOVEMENT	4	82	Thunderbird	TRB-D36	AeroSpaceFighter	ATTACK_FIGHTER	24	52	1	2.00	0.00	0	0	0	0	0	0.79	1.00	1	21	89	1	177.00	10.00	1562.00
10	MOVEMENT	0	51	Riever	F-100	AeroSpaceFighter	ATTACK_FIGHTER	17	33	2	7.00	0.00	0	1	0	0	0	0.84	1.00	0	0	54	1	216.00	10.00	3252.00
10	MOVEMENT	5	83	Patton Tank		Tank	BRAWLER	33	15	4	6.00	0.00	0	0	0	0	0	1.00	1.00	1	21	20	1	232.00	35.00	826.00
10	MOVEMENT	5	84	Manticore Heavy Tank		Tank	BRAWLER	44	18	4	6.00	0.00	0	0	0	0	0	1.00	1.00	1	21	31	1	176.00	30.00	854.00
10	MOVEMENT	5	85	Partisan Heavy Tank	(LRM)	Tank	MISSILE_BOAT	35	13	4	5.00	0.00	0	0	0	0	0	1.00	1.00	1	21	64	1	96.00	40.00	1109.00
10	MOVEMENT	5	86	Partisan Heavy Tank		Tank	SNIPER	33	13	4	5.00	0.00	0	0	0	0	0	1.00	1.00	1	18	24	1	96.00	40.00	579.00
10	MOVEMENT	0	29	Thumper Artillery Vehicle		Tank	MISSILE_BOAT	25	77	0	0.00	0.00	0	0	1	1	0	0.49	1.00	1	21	23	1	86.00	24.00	440.00
10	MOVEMENT	0	62	Wolverine	WVR-6K	BipedMek	SKIRMISHER	17	42	1	6.00	6.00	0	0	0	0	0	0.78	0.99	1	15	27	1	144.00	90.00	1248.00
PLAYER_ID	ENTITY_ID	CHASSIS	MODEL	FACING	FROM_X	FROM_Y	TO_X	TO_Y	HEXES_MOVED	DISTANCE	MP_USED	MAX_MP	MP_P	HEAT_P	ARMOR_P	INTERNAL_P	JUMPING	PRONE	LEGAL	STEPS	TEAM_ID	CHANCE_OF_FAILURE	IS_BOT
0	51	Riever	F-100	2	18	34	33	41	16	0	0	8	0.00	0.00	0.84	1.00	0	0	1	FORWARDS FORWARDS FORWARDS FORWARDS FORWARDS FORWARDS FORWARDS FORWARDS FORWARDS FORWARDS FORWARDS FORWARDS FORWARDS FORWARDS FORWARDS FORWARDS	1	0.00	0
ROUND	PHASE	PLAYER_ID	ENTITY_ID	CHASSIS	MODEL	TYPE	ROLE	X	Y	FACING	MP	HEAT	PRONE	AIRBORNE	OFF_BOARD	CRIPPLED	DESTROYED	ARMOR_P	INTERNAL_P	DONE	MAX_RANGE	TOTAL_DAMAGE	TEAM_ID	ARMOR	INTERNAL	BV
10	MOVEMENT	0	1	Stalker	STK-3F	BipedMek	JUGGERNAUT	20	57	0	0.00	0.00	0	0	0	0	0	0.67	1.00	1	21	68	1	144.00	130.00	2619.00
10	MOVEMENT	0	71	Awesome	AWS-8Q	BipedMek	SNIPER	19	53	0	0.00	2.00	0	0	0	0	0	0.80	1.00	1	18	33	1	192.00	122.00	2696.00
10	MOVEMENT	0	7	Griffin	GRF-2N	BipedMek	SKIRMISHER	19	59	0	0.00	0.00	0	0	0	0	0	1.00	1.00	1	23	22	1	179.00	91.00	2120.00
10	MOVEMENT	1	72	Champion	CHP-2N	BipedMek	SKIRMISHER	18	44	5	6.00	6.00	0	0	0	0	0	0.98	1.00	1	15	32	1	126.00	99.00	960.00
10	MOVEMENT	1	73	Archer	ARC-2R	BipedMek	MISSILE_BOAT	21	48	5	5.00	5.00	0	0	0	0	0	1.00	1.00	1	21	60	1	208.00	107.00	1351.00
10	MOVEMENT	3	78	Wyvern	WVE-6N	BipedMek	SKIRMISHER	18	43	2	5.00	6.00	0	0	0	0	0	0.34	0.88	1	21	30	2	46.00	66.00	1307.00
10	MOVEMENT	4	79	Sholagar	SL-21L	AeroSpaceFighter	INTERCEPTOR	13	30	4	10.00	0.00	0	1	0	0	0	0.81	1.00	0	0	15	1	78.00	10.00	628.00
10	MOVEMENT	4	80	Sparrowhawk	SPR-H5K	AeroSpaceFighter	INTERCEPTOR	34	41	2	8.00	0.00	0	1	0	0	0	0.78	1.00	0	0	15	1	94.00	10.00	478.00
10	MOVEMENT	4	81	Lucifer	LCF-R15	AeroSpaceFighter	ATTACK_FIGHTER	26	32	3	6.00	0.00	0	1	0	0	0	0.93	1.00	0	0	53	1	163.00	6.00	1226.00
10	MOVEMENT	4	82	Thunderbird	TRB-D36	AeroSpaceFighter	ATTACK_FIGHTER	24	52	1	2.00	0.00	0	0	0	0	0	0.79	1.00	1	21	89	1	177.00	10.00	1562.00
10	MOVEMENT	0	51	Riever	F-100	AeroSpaceFighter	ATTACK_FIGHTER	33	41	2	7.00	0.00	0	1	0	0	0	0.84	1.00	1	0	54	1	216.00	10.00	3252.00
10	MOVEMENT	5	83	Patton Tank		Tank	BRAWLER	33	15	4	6.00	0.00	0	0	0	0	0	1.00	1.00	1	21	20	1	232.00	35.00	826.00
10	MOVEMENT	5	84	Manticore Heavy Tank		Tank	BRAWLER	44	18	4	6.00	0.00	0	0	0	0	0	1.00	1.00	1	21	31	1	176.00	30.00	854.00
10	MOVEMENT	5	85	Partisan Heavy Tank	(LRM)	Tank	MISSILE_BOAT	35	13	4	5.00	0.00	0	0	0	0	0	1.00	1.00	1	21	64	1	96.00	40.00	1109.00
10	MOVEMENT	5	86	Partisan Heavy Tank		Tank	SNIPER	33	13	4	5.00	0.00	0	0	0	0	0	1.00	1.00	1	18	24	1	96.00	40.00	579.00
10	MOVEMENT	0	29	Thumper Artillery Vehicle		Tank	MISSILE_BOAT	25	77	0	0.00	0.00	0	0	1	1	0	0.49	1.00	1	21	23	1	86.00	24.00	440.00
10	MOVEMENT	0	62	Wolverine	WVR-6K	BipedMek	SKIRMISHER	17	42	1	6.00	6.00	0	0	0	0	0	0.78	0.99	1	15	27	1	144.00	90.00	1248.00
PLAYER_ID	ENTITY_ID	CHASSIS	MODEL	FACING	FROM_X	FROM_Y	TO_X	TO_Y	HEXES_MOVED	DISTANCE	MP_USED	MAX_MP	MP_P	HEAT_P	ARMOR_P	INTERNAL_P	JUMPING	PRONE	LEGAL	STEPS	TEAM_ID	CHANCE_OF_FAILURE	IS_BOT
4	81	Lucifer	LCF-R15	4	26	32	1	51	32	0	3	8	0.38	0.00	0.93	1.00	0	0	1	ACC FORWARDS FORWARDS FORWARDS FORWARDS FORWARDS FORWARDS FORWARDS TURN_RIGHT FORWARDS FORWARDS FORWARDS FORWARDS FORWARDS FORWARDS FORWARDS FORWARDS FORWARDS FORWARDS FORWARDS FORWARDS FORWARDS FORWARDS FORWARDS FORWARDS FORWARDS FORWARDS FORWARDS FORWARDS FORWARDS FORWARDS FORWARDS FORWARDS FORWARDS UP	1	0.00	1
ROUND	PHASE	PLAYER_ID	ENTITY_ID	CHASSIS	MODEL	TYPE	ROLE	X	Y	FACING	MP	HEAT	PRONE	AIRBORNE	OFF_BOARD	CRIPPLED	DESTROYED	ARMOR_P	INTERNAL_P	DONE	MAX_RANGE	TOTAL_DAMAGE	TEAM_ID	ARMOR	INTERNAL	BV
10	MOVEMENT	0	1	Stalker	STK-3F	BipedMek	JUGGERNAUT	20	57	0	0.00	0.00	0	0	0	0	0	0.67	1.00	1	21	68	1	144.00	130.00	2619.00
10	MOVEMENT	0	71	Awesome	AWS-8Q	BipedMek	SNIPER	19	53	0	0.00	2.00	0	0	0	0	0	0.80	1.00	1	18	33	1	192.00	122.00	2696.00
10	MOVEMENT	0	7	Griffin	GRF-2N	BipedMek	SKIRMISHER	19	59	0	0.00	0.00	0	0	0	0	0	1.00	1.00	1	23	22	1	179.00	91.00	2120.00
10	MOVEMENT	1	72	Champion	CHP-2N	BipedMek	SKIRMISHER	18	44	5	6.00	6.00	0	0	0	0	0	0.98	1.00	1	15	32	1	126.00	99.00	960.00
10	MOVEMENT	1	73	Archer	ARC-2R	BipedMek	MISSILE_BOAT	21	48	5	5.00	5.00	0	0	0	0	0	1.00	1.00	1	21	60	1	208.00	107.00	1351.00
10	MOVEMENT	3	78	Wyvern	WVE-6N	BipedMek	SKIRMISHER	18	43	2	5.00	6.00	0	0	0	0	0	0.34	0.88	1	21	30	2	46.00	66.00	1307.00
10	MOVEMENT	4	79	Sholagar	SL-21L	AeroSpaceFighter	INTERCEPTOR	13	30	4	10.00	0.00	0	1	0	0	0	0.81	1.00	0	0	15	1	78.00	10.00	628.00
10	MOVEMENT	4	80	Sparrowhawk	SPR-H5K	AeroSpaceFighter	INTERCEPTOR	34	41	2	8.00	0.00	0	1	0	0	0	0.78	1.00	0	0	15	1	94.00	10.00	478.00
10	MOVEMENT	4	81	Lucifer	LCF-R15	AeroSpaceFighter	ATTACK_FIGHTER	1	51	4	6.00	0.00	0	1	0	0	0	0.93	1.00	1	0	53	1	163.00	6.00	1226.00
10	MOVEMENT	4	82	Thunderbird	TRB-D36	AeroSpaceFighter	ATTACK_FIGHTER	24	52	1	2.00	0.00	0	0	0	0	0	0.79	1.00	1	21	89	1	177.00	10.00	1562.00
10	MOVEMENT	0	51	Riever	F-100	AeroSpaceFighter	ATTACK_FIGHTER	33	41	2	7.00	0.00	0	1	0	0	0	0.84	1.00	1	0	54	1	216.00	10.00	3252.00
10	MOVEMENT	5	83	Patton Tank		Tank	BRAWLER	33	15	4	6.00	0.00	0	0	0	0	0	1.00	1.00	1	21	20	1	232.00	35.00	826.00
10	MOVEMENT	5	84	Manticore Heavy Tank		Tank	BRAWLER	44	18	4	6.00	0.00	0	0	0	0	0	1.00	1.00	1	21	31	1	176.00	30.00	854.00
10	MOVEMENT	5	85	Partisan Heavy Tank	(LRM)	Tank	MISSILE_BOAT	35	13	4	5.00	0.00	0	0	0	0	0	1.00	1.00	1	21	64	1	96.00	40.00	1109.00
10	MOVEMENT	5	86	Partisan Heavy Tank		Tank	SNIPER	33	13	4	5.00	0.00	0	0	0	0	0	1.00	1.00	1	18	24	1	96.00	40.00	579.00
10	MOVEMENT	0	29	Thumper Artillery Vehicle		Tank	MISSILE_BOAT	25	77	0	0.00	0.00	0	0	1	1	0	0.49	1.00	1	21	23	1	86.00	24.00	440.00
10	MOVEMENT	0	62	Wolverine	WVR-6K	BipedMek	SKIRMISHER	17	42	1	6.00	6.00	0	0	0	0	0	0.78	0.99	1	15	27	1	144.00	90.00	1248.00
PLAYER_ID	ENTITY_ID	CHASSIS	MODEL	FACING	FROM_X	FROM_Y	TO_X	TO_Y	HEXES_MOVED	DISTANCE	MP_USED	MAX_MP	MP_P	HEAT_P	ARMOR_P	INTERNAL_P	JUMPING	PRONE	LEGAL	STEPS	TEAM_ID	CHANCE_OF_FAILURE	IS_BOT
4	80	Sparrowhawk	SPR-H5K	3	34	41	23	43	48	0	10	15	0.67	0.00	0.78	1.00	0	0	1	ACC ACC TURN_LEFT FORWARDS FORWARDS FORWARDS FORWARDS FORWARDS FORWARDS FORWARDS FORWARDS TURN_LEFT FORWARDS FORWARDS FORWARDS FORWARDS FORWARDS FORWARDS FORWARDS FORWARDS TURN_LEFT FORWARDS FORWARDS FORWARDS FORWARDS FORWARDS FORWARDS FORWARDS FORWARDS TURN_LEFT FORWARDS FORWARDS FORWARDS FORWARDS FORWARDS FORWARDS FORWARDS FORWARDS FORWARDS FORWARDS FORWARDS TURN_LEFT FORWARDS FORWARDS FORWARDS FORWARDS FORWARDS FORWARDS FORWARDS FORWARDS FORWARDS FORWARDS FORWARDS FORWARDS FORWARDS	1	0.00	1
ROUND	PHASE	PLAYER_ID	ENTITY_ID	CHASSIS	MODEL	TYPE	ROLE	X	Y	FACING	MP	HEAT	PRONE	AIRBORNE	OFF_BOARD	CRIPPLED	DESTROYED	ARMOR_P	INTERNAL_P	DONE	MAX_RANGE	TOTAL_DAMAGE	TEAM_ID	ARMOR	INTERNAL	BV
10	MOVEMENT	0	1	Stalker	STK-3F	BipedMek	JUGGERNAUT	20	57	0	0.00	0.00	0	0	0	0	0	0.67	1.00	1	21	68	1	144.00	130.00	2619.00
10	MOVEMENT	0	71	Awesome	AWS-8Q	BipedMek	SNIPER	19	53	0	0.00	2.00	0	0	0	0	0	0.80	1.00	1	18	33	1	192.00	122.00	2696.00
10	MOVEMENT	0	7	Griffin	GRF-2N	BipedMek	SKIRMISHER	19	59	0	0.00	0.00	0	0	0	0	0	1.00	1.00	1	23	22	1	179.00	91.00	2120.00
10	MOVEMENT	1	72	Champion	CHP-2N	BipedMek	SKIRMISHER	18	44	5	6.00	6.00	0	0	0	0	0	0.98	1.00	1	15	32	1	126.00	99.00	960.00
10	MOVEMENT	1	73	Archer	ARC-2R	BipedMek	MISSILE_BOAT	21	48	5	5.00	5.00	0	0	0	0	0	1.00	1.00	1	21	60	1	208.00	107.00	1351.00
10	MOVEMENT	3	78	Wyvern	WVE-6N	BipedMek	SKIRMISHER	18	43	2	5.00	6.00	0	0	0	0	0	0.34	0.88	1	21	30	2	46.00	66.00	1307.00
10	MOVEMENT	4	79	Sholagar	SL-21L	AeroSpaceFighter	INTERCEPTOR	13	30	4	10.00	0.00	0	1	0	0	0	0.81	1.00	0	0	15	1	78.00	10.00	628.00
10	MOVEMENT	4	80	Sparrowhawk	SPR-H5K	AeroSpaceFighter	INTERCEPTOR	23	43	3	8.00	0.00	0	1	0	0	0	0.78	1.00	1	0	15	1	94.00	10.00	478.00
10	MOVEMENT	4	81	Lucifer	LCF-R15	AeroSpaceFighter	ATTACK_FIGHTER	1	51	4	6.00	0.00	0	1	0	0	0	0.93	1.00	1	0	53	1	163.00	6.00	1226.00
10	MOVEMENT	4	82	Thunderbird	TRB-D36	AeroSpaceFighter	ATTACK_FIGHTER	24	52	1	2.00	0.00	0	0	0	0	0	0.79	1.00	1	21	89	1	177.00	10.00	1562.00
10	MOVEMENT	0	51	Riever	F-100	AeroSpaceFighter	ATTACK_FIGHTER	33	41	2	7.00	0.00	0	1	0	0	0	0.84	1.00	1	0	54	1	216.00	10.00	3252.00
10	MOVEMENT	5	83	Patton Tank		Tank	BRAWLER	33	15	4	6.00	0.00	0	0	0	0	0	1.00	1.00	1	21	20	1	232.00	35.00	826.00
10	MOVEMENT	5	84	Manticore Heavy Tank		Tank	BRAWLER	44	18	4	6.00	0.00	0	0	0	0	0	1.00	1.00	1	21	31	1	176.00	30.00	854.00
10	MOVEMENT	5	85	Partisan Heavy Tank	(LRM)	Tank	MISSILE_BOAT	35	13	4	5.00	0.00	0	0	0	0	0	1.00	1.00	1	21	64	1	96.00	40.00	1109.00
10	MOVEMENT	5	86	Partisan Heavy Tank		Tank	SNIPER	33	13	4	5.00	0.00	0	0	0	0	0	1.00	1.00	1	18	24	1	96.00	40.00	579.00
10	MOVEMENT	0	29	Thumper Artillery Vehicle		Tank	MISSILE_BOAT	25	77	0	0.00	0.00	0	0	1	1	0	0.49	1.00	1	21	23	1	86.00	24.00	440.00
10	MOVEMENT	0	62	Wolverine	WVR-6K	BipedMek	SKIRMISHER	17	42	1	6.00	6.00	0	0	0	0	0	0.78	0.99	1	15	27	1	144.00	90.00	1248.00
PLAYER_ID	ENTITY_ID	CHASSIS	MODEL	FACING	FROM_X	FROM_Y	TO_X	TO_Y	HEXES_MOVED	DISTANCE	MP_USED	MAX_MP	MP_P	HEAT_P	ARMOR_P	INTERNAL_P	JUMPING	PRONE	LEGAL	STEPS	TEAM_ID	CHANCE_OF_FAILURE	IS_BOT
4	79	Sholagar	SL-21L	3	13	30	21	34	48	0	10	15	0.67	0.00	0.81	1.00	0	0	1	ACC ACC TURN_RIGHT FORWARDS FORWARDS FORWARDS FORWARDS FORWARDS FORWARDS FORWARDS FORWARDS TURN_RIGHT FORWARDS FORWARDS FORWARDS FORWARDS FORWARDS FORWARDS FORWARDS FORWARDS TURN_RIGHT FORWARDS FORWARDS FORWARDS FORWARDS FORWARDS FORWARDS FORWARDS FORWARDS TURN_RIGHT FORWARDS FORWARDS FORWARDS FORWARDS FORWARDS FORWARDS FORWARDS FORWARDS TURN_RIGHT FORWARDS FORWARDS FORWARDS FORWARDS FORWARDS FORWARDS FORWARDS FORWARDS FORWARDS FORWARDS FORWARDS FORWARDS FORWARDS FORWARDS FORWARDS FORWARDS	1	0.00	1
ROUND	PHASE	PLAYER_ID	ENTITY_ID	CHASSIS	MODEL	TYPE	ROLE	X	Y	FACING	MP	HEAT	PRONE	AIRBORNE	OFF_BOARD	CRIPPLED	DESTROYED	ARMOR_P	INTERNAL_P	DONE	MAX_RANGE	TOTAL_DAMAGE	TEAM_ID	ARMOR	INTERNAL	BV
10	MOVEMENT	0	1	Stalker	STK-3F	BipedMek	JUGGERNAUT	20	57	0	0.00	0.00	0	0	0	0	0	0.67	1.00	1	21	68	1	144.00	130.00	2619.00
10	MOVEMENT	0	71	Awesome	AWS-8Q	BipedMek	SNIPER	19	53	0	0.00	2.00	0	0	0	0	0	0.80	1.00	1	18	33	1	192.00	122.00	2696.00
10	MOVEMENT	0	7	Griffin	GRF-2N	BipedMek	SKIRMISHER	19	59	0	0.00	0.00	0	0	0	0	0	1.00	1.00	1	23	22	1	179.00	91.00	2120.00
10	MOVEMENT	1	72	Champion	CHP-2N	BipedMek	SKIRMISHER	18	44	5	6.00	6.00	0	0	0	0	0	0.98	1.00	1	15	32	1	126.00	99.00	960.00
10	MOVEMENT	1	73	Archer	ARC-2R	BipedMek	MISSILE_BOAT	21	48	5	5.00	5.00	0	0	0	0	0	1.00	1.00	1	21	60	1	208.00	107.00	1351.00
10	MOVEMENT	3	78	Wyvern	WVE-6N	BipedMek	SKIRMISHER	18	43	2	5.00	6.00	0	0	0	0	0	0.34	0.88	1	21	30	2	46.00	66.00	1307.00
10	MOVEMENT	4	79	Sholagar	SL-21L	AeroSpaceFighter	INTERCEPTOR	21	34	3	10.00	0.00	0	1	0	0	0	0.81	1.00	1	0	15	1	78.00	10.00	628.00
10	MOVEMENT	4	80	Sparrowhawk	SPR-H5K	AeroSpaceFighter	INTERCEPTOR	23	43	3	8.00	0.00	0	1	0	0	0	0.78	1.00	1	0	15	1	94.00	10.00	478.00
10	MOVEMENT	4	81	Lucifer	LCF-R15	AeroSpaceFighter	ATTACK_FIGHTER	1	51	4	6.00	0.00	0	1	0	0	0	0.93	1.00	1	0	53	1	163.00	6.00	1226.00
10	MOVEMENT	4	82	Thunderbird	TRB-D36	AeroSpaceFighter	ATTACK_FIGHTER	24	52	1	2.00	0.00	0	0	0	0	0	0.79	1.00	1	21	89	1	177.00	10.00	1562.00
10	MOVEMENT	0	51	Riever	F-100	AeroSpaceFighter	ATTACK_FIGHTER	33	41	2	7.00	0.00	0	1	0	0	0	0.84	1.00	1	0	54	1	216.00	10.00	3252.00
10	MOVEMENT	5	83	Patton Tank		Tank	BRAWLER	33	15	4	6.00	0.00	0	0	0	0	0	1.00	1.00	1	21	20	1	232.00	35.00	826.00
10	MOVEMENT	5	84	Manticore Heavy Tank		Tank	BRAWLER	44	18	4	6.00	0.00	0	0	0	0	0	1.00	1.00	1	21	31	1	176.00	30.00	854.00
10	MOVEMENT	5	85	Partisan Heavy Tank	(LRM)	Tank	MISSILE_BOAT	35	13	4	5.00	0.00	0	0	0	0	0	1.00	1.00	1	21	64	1	96.00	40.00	1109.00
10	MOVEMENT	5	86	Partisan Heavy Tank		Tank	SNIPER	33	13	4	5.00	0.00	0	0	0	0	0	1.00	1.00	1	18	24	1	96.00	40.00	579.00
10	MOVEMENT	0	29	Thumper Artillery Vehicle		Tank	MISSILE_BOAT	25	77	0	0.00	0.00	0	0	1	1	0	0.49	1.00	1	21	23	1	86.00	24.00	440.00
10	MOVEMENT	0	62	Wolverine	WVR-6K	BipedMek	SKIRMISHER	17	42	1	6.00	6.00	0	0	0	0	0	0.78	0.99	1	15	27	1	144.00	90.00	1248.00
ROUND	PHASE	PLAYER_ID	ENTITY_ID	CHASSIS	MODEL	TYPE	ROLE	X	Y	FACING	MP	HEAT	PRONE	AIRBORNE	OFF_BOARD	CRIPPLED	DESTROYED	ARMOR_P	INTERNAL_P	DONE	MAX_RANGE	TOTAL_DAMAGE	TEAM_ID	ARMOR	INTERNAL	BV
10	OFFBOARD	0	1	Stalker	STK-3F	BipedMek	JUGGERNAUT	20	57	0	0.00	0.00	0	0	0	0	0	0.67	1.00	1	21	68	1	144.00	130.00	2619.00
10	OFFBOARD	0	71	Awesome	AWS-8Q	BipedMek	SNIPER	19	53	0	0.00	2.00	0	0	0	0	0	0.80	1.00	1	18	33	1	192.00	122.00	2696.00
10	OFFBOARD	0	7	Griffin	GRF-2N	BipedMek	SKIRMISHER	19	59	0	0.00	0.00	0	0	0	0	0	1.00	1.00	1	23	22	1	179.00	91.00	2120.00
10	OFFBOARD	1	72	Champion	CHP-2N	BipedMek	SKIRMISHER	18	44	5	6.00	6.00	0	0	0	0	0	0.98	1.00	1	15	32	1	126.00	99.00	960.00
10	OFFBOARD	1	73	Archer	ARC-2R	BipedMek	MISSILE_BOAT	21	48	5	5.00	5.00	0	0	0	0	0	1.00	1.00	1	21	60	1	208.00	107.00	1351.00
10	OFFBOARD	3	78	Wyvern	WVE-6N	BipedMek	SKIRMISHER	18	43	2	5.00	6.00	0	0	0	0	0	0.34	0.88	1	21	30	2	46.00	66.00	1307.00
10	OFFBOARD	4	79	Sholagar	SL-21L	AeroSpaceFighter	INTERCEPTOR	21	34	3	10.00	0.00	0	1	0	0	0	0.81	1.00	1	0	15	1	78.00	10.00	628.00
10	OFFBOARD	4	80	Sparrowhawk	SPR-H5K	AeroSpaceFighter	INTERCEPTOR	23	43	3	8.00	0.00	0	1	0	0	0	0.78	1.00	1	0	15	1	94.00	10.00	478.00
10	OFFBOARD	4	81	Lucifer	LCF-R15	AeroSpaceFighter	ATTACK_FIGHTER	1	51	4	6.00	0.00	0	1	0	0	0	0.93	1.00	1	0	53	1	163.00	6.00	1226.00
10	OFFBOARD	4	82	Thunderbird	TRB-D36	AeroSpaceFighter	ATTACK_FIGHTER	24	52	1	2.00	0.00	0	0	0	0	0	0.79	1.00	1	21	89	1	177.00	10.00	1562.00
10	OFFBOARD	0	51	Riever	F-100	AeroSpaceFighter	ATTACK_FIGHTER	33	41	2	7.00	0.00	0	1	0	0	0	0.84	1.00	1	0	54	1	216.00	10.00	3252.00
10	OFFBOARD	5	83	Patton Tank		Tank	BRAWLER	33	15	4	6.00	0.00	0	0	0	0	0	1.00	1.00	1	21	20	1	232.00	35.00	826.00
10	OFFBOARD	5	84	Manticore Heavy Tank		Tank	BRAWLER	44	18	4	6.00	0.00	0	0	0	0	0	1.00	1.00	1	21	31	1	176.00	30.00	854.00
10	OFFBOARD	5	85	Partisan Heavy Tank	(LRM)	Tank	MISSILE_BOAT	35	13	4	5.00	0.00	0	0	0	0	0	1.00	1.00	1	21	64	1	96.00	40.00	1109.00
10	OFFBOARD	5	86	Partisan Heavy Tank		Tank	SNIPER	33	13	4	5.00	0.00	0	0	0	0	0	1.00	1.00	1	18	24	1	96.00	40.00	579.00
10	OFFBOARD	0	29	Thumper Artillery Vehicle		Tank	MISSILE_BOAT	25	77	0	0.00	0.00	0	0	1	1	0	0.49	1.00	1	21	23	1	86.00	24.00	440.00
10	OFFBOARD	0	62	Wolverine	WVR-6K	BipedMek	SKIRMISHER	17	42	1	6.00	6.00	0	0	0	0	0	0.78	0.99	1	15	27	1	144.00	90.00	1248.00
10	3	78	BipedMek	SKIRMISHER	18	43	2	0	62	BipedMek	SKIRMISHER	17	42	1	-1	NONE	4	-1	0	0	1	0	2147483647.00	0	-1
10	3	78	BipedMek	SKIRMISHER	18	43	2	0	62	BipedMek	SKIRMISHER	17	42	1	-1	NONE	5	-1	0	0	1	0	2147483647.00	0	-1
10	3	78	BipedMek	SKIRMISHER	18	43	2	0	62	BipedMek	SKIRMISHER	17	42	1	-1	NONE	6	-1	0	0	1	0	2147483647.00	0	-1
ROUND	PLAYER_ID	ENTITY_ID	TYPE	ROLE	X	Y	FACING	TARGET_PLAYER_ID	TARGET_ID	TARGET_TYPE	TARGET_ROLE	TARGET_X	TARGET_Y	TARGET_FACING	AIMING_LOC	AIMING_MODE	WEAPON_ID	AMMO_ID	ATA	ATG	GTG	GTA	TO_HIT	TURNS_TO_HIT	SPOTTER_ID
10	0	71	BipedMek	SNIPER	19	53	0	3	78	BipedMek	SKIRMISHER	18	43	2	-1	NONE	11	-1	0	0	1	0	6.00	0	-1
10	0	71	BipedMek	SNIPER	19	53	0	3	78	BipedMek	SKIRMISHER	18	43	2	-1	NONE	17	-1	0	0	1	0	6.00	0	-1
10	0	71	BipedMek	SNIPER	19	53	0	3	78	BipedMek	SKIRMISHER	18	43	2	-1	NONE	21	-1	0	0	1	0	6.00	0	-1
ROUND	PLAYER_ID	ENTITY_ID	TYPE	ROLE	X	Y	FACING	TARGET_PLAYER_ID	TARGET_ID	TARGET_TYPE	TARGET_ROLE	TARGET_X	TARGET_Y	TARGET_FACING	AIMING_LOC	AIMING_MODE	WEAPON_ID	AMMO_ID	ATA	ATG	GTG	GTA	TO_HIT	TURNS_TO_HIT	SPOTTER_ID
10	0	62	BipedMek	SKIRMISHER	17	42	1	3	78	BipedMek	SKIRMISHER	18	43	2	-1	NONE	4	-1	0	0	1	0	6.00	0	-1
10	0	62	BipedMek	SKIRMISHER	17	42	1	3	78	BipedMek	SKIRMISHER	18	43	2	-1	NONE	5	-1	0	0	1	0	6.00	0	-1
10	0	62	BipedMek	SKIRMISHER	17	42	1	3	78	BipedMek	SKIRMISHER	18	43	2	-1	NONE	11	-1	0	0	1	0	6.00	0	-1
10	0	62	BipedMek	SKIRMISHER	17	42	1	3	78	BipedMek	SKIRMISHER	18	43	2	-1	NONE	6	-1	0	0	1	0	6.00	0	-1
10	0	62	BipedMek	SKIRMISHER	17	42	1	3	78	BipedMek	SKIRMISHER	18	43	2	-1	NONE	7	8	0	0	1	0	6.00	0	-1
ROUND	PLAYER_ID	ENTITY_ID	TYPE	ROLE	X	Y	FACING	TARGET_PLAYER_ID	TARGET_ID	TARGET_TYPE	TARGET_ROLE	TARGET_X	TARGET_Y	TARGET_FACING	AIMING_LOC	AIMING_MODE	WEAPON_ID	AMMO_ID	ATA	ATG	GTG	GTA	TO_HIT	TURNS_TO_HIT	SPOTTER_ID
10	4	81	AeroSpaceFighter	ATTACK_FIGHTER	1	51	4	3	78	BipedMek	SKIRMISHER	18	43	2	-1	NONE	1	-1	0	1	0	0	8.00	0	-1
10	4	81	AeroSpaceFighter	ATTACK_FIGHTER	1	51	4	3	78	BipedMek	SKIRMISHER	18	43	2	-1	NONE	3	-1	0	1	0	0	8.00	0	-1
10	4	81	AeroSpaceFighter	ATTACK_FIGHTER	1	51	4	3	78	BipedMek	SKIRMISHER	18	43	2	-1	NONE	4	-1	0	1	0	0	8.00	0	-1
10	4	81	AeroSpaceFighter	ATTACK_FIGHTER	1	51	4	3	78	BipedMek	SKIRMISHER	18	43	2	-1	NONE	5	-1	0	1	0	0	8.00	0	-1
10	4	81	AeroSpaceFighter	ATTACK_FIGHTER	1	51	4	3	78	BipedMek	SKIRMISHER	18	43	2	-1	NONE	6	-1	0	1	0	0	8.00	0	-1
10	4	81	AeroSpaceFighter	ATTACK_FIGHTER	1	51	4	3	78	BipedMek	SKIRMISHER	18	43	2	-1	NONE	0	8	0	1	0	0	8.00	0	-1
ROUND	PLAYER_ID	ENTITY_ID	TYPE	ROLE	X	Y	FACING	TARGET_PLAYER_ID	TARGET_ID	TARGET_TYPE	TARGET_ROLE	TARGET_X	TARGET_Y	TARGET_FACING	AIMING_LOC	AIMING_MODE	WEAPON_ID	AMMO_ID	ATA	ATG	GTG	GTA	TO_HIT	TURNS_TO_HIT	SPOTTER_ID
10	1	72	BipedMek	SKIRMISHER	18	44	5	3	78	BipedMek	SKIRMISHER	18	43	2	-1	NONE	6	7	0	0	1	0	6.00	0	-1
10	1	72	BipedMek	SKIRMISHER	18	44	5	3	78	BipedMek	SKIRMISHER	18	43	2	-1	NONE	3	-1	0	0	1	0	7.00	0	-1
10	1	72	BipedMek	SKIRMISHER	18	44	5	3	78	BipedMek	SKIRMISHER	18	43	2	-1	NONE	4	-1	0	0	1	0	7.00	0	-1
10	1	72	BipedMek	SKIRMISHER	18	44	5	3	78	BipedMek	SKIRMISHER	18	43	2	-1	NONE	9	-1	0	0	1	0	7.00	0	-1
10	1	72	BipedMek	SKIRMISHER	18	44	5	3	78	BipedMek	SKIRMISHER	18	43	2	-1	NONE	10	-1	0	0	1	0	7.00	0	-1
ROUND	PLAYER_ID	ENTITY_ID	TYPE	ROLE	X	Y	FACING	TARGET_PLAYER_ID	TARGET_ID	TARGET_TYPE	TARGET_ROLE	TARGET_X	TARGET_Y	TARGET_FACING	AIMING_LOC	AIMING_MODE	WEAPON_ID	AMMO_ID	ATA	ATG	GTG	GTA	TO_HIT	TURNS_TO_HIT	SPOTTER_ID
10	0	1	BipedMek	JUGGERNAUT	20	57	0	3	78	BipedMek	SKIRMISHER	18	43	2	-1	NONE	17	-1	0	0	1	0	8.00	0	-1
10	0	1	BipedMek	JUGGERNAUT	20	57	0	3	78	BipedMek	SKIRMISHER	18	43	2	-1	NONE	21	-1	0	0	1	0	8.00	0	-1
10	0	1	BipedMek	JUGGERNAUT	20	57	0	3	78	BipedMek	SKIRMISHER	18	43	2	-1	NONE	7	15	0	0	1	0	8.00	0	-1
10	0	1	BipedMek	JUGGERNAUT	20	57	0	3	78	BipedMek	SKIRMISHER	18	43	2	-1	NONE	12	15	0	0	1	0	8.00	0	-1
ROUND	PLAYER_ID	ENTITY_ID	TYPE	ROLE	X	Y	FACING	TARGET_PLAYER_ID	TARGET_ID	TARGET_TYPE	TARGET_ROLE	TARGET_X	TARGET_Y	TARGET_FACING	AIMING_LOC	AIMING_MODE	WEAPON_ID	AMMO_ID	ATA	ATG	GTG	GTA	TO_HIT	TURNS_TO_HIT	SPOTTER_ID
10	1	73	BipedMek	MISSILE_BOAT	21	48	5	3	78	BipedMek	SKIRMISHER	18	43	2	-1	NONE	4	9	0	0	1	0	8.00	0	-1
10	1	73	BipedMek	MISSILE_BOAT	21	48	5	3	78	BipedMek	SKIRMISHER	18	43	2	-1	NONE	7	9	0	0	1	0	8.00	0	-1
ROUND	PHASE	PLAYER_ID	ENTITY_ID	CHASSIS	MODEL	TYPE	ROLE	X	Y	FACING	MP	HEAT	PRONE	AIRBORNE	OFF_BOARD	CRIPPLED	DESTROYED	ARMOR_P	INTERNAL_P	DONE	MAX_RANGE	TOTAL_DAMAGE	TEAM_ID	ARMOR	INTERNAL	BV
10	FIRING	0	1	Stalker	STK-3F	BipedMek	JUGGERNAUT	20	57	0	0.00	0.00	0	0	0	0	0	0.67	1.00	1	9	68	1	144.00	130.00	2619.00
10	FIRING	0	71	Awesome	AWS-8Q	BipedMek	SNIPER	19	53	0	0.00	2.00	0	0	0	0	0	0.80	1.00	1	3	33	1	192.00	122.00	2696.00
10	FIRING	0	7	Griffin	GRF-2N	BipedMek	SKIRMISHER	19	59	0	0.00	0.00	0	0	0	0	0	1.00	1.00	1	23	22	1	179.00	91.00	2120.00
10	FIRING	1	72	Champion	CHP-2N	BipedMek	SKIRMISHER	18	44	5	6.00	6.00	0	0	0	0	0	0.98	1.00	1	9	32	1	126.00	99.00	960.00
10	FIRING	1	73	Archer	ARC-2R	BipedMek	MISSILE_BOAT	21	48	5	5.00	5.00	0	0	0	0	0	1.00	1.00	1	9	60	1	208.00	107.00	1351.00
10	FIRING	3	78	Wyvern	WVE-6N	BipedMek	SKIRMISHER	18	43	2	5.00	6.00	0	0	0	1	0	0.10	0.16	1	21	20	2	14.00	12.00	1307.00
10	FIRING	4	79	Sholagar	SL-21L	AeroSpaceFighter	INTERCEPTOR	21	34	3	10.00	0.00	0	1	0	0	0	0.81	1.00	1	0	15	1	78.00	10.00	628.00
10	FIRING	4	80	Sparrowhawk	SPR-H5K	AeroSpaceFighter	INTERCEPTOR	23	43	3	8.00	0.00	0	1	0	0	0	0.78	1.00	1	0	15	1	94.00	10.00	478.00
10	FIRING	4	81	Lucifer	LCF-R15	AeroSpaceFighter	ATTACK_FIGHTER	1	51	4	6.00	0.00	0	1	0	0	0	0.93	1.00	1	0	53	1	163.00	6.00	1226.00
10	FIRING	4	82	Thunderbird	TRB-D36	AeroSpaceFighter	ATTACK_FIGHTER	24	52	1	2.00	0.00	0	0	0	0	0	0.79	1.00	1	21	89	1	177.00	10.00	1562.00
10	FIRING	0	51	Riever	F-100	AeroSpaceFighter	ATTACK_FIGHTER	33	41	2	7.00	0.00	0	1	0	0	0	0.84	1.00	1	0	54	1	216.00	10.00	3252.00
10	FIRING	5	83	Patton Tank		Tank	BRAWLER	33	15	4	6.00	0.00	0	0	0	0	0	1.00	1.00	1	21	20	1	232.00	35.00	826.00
10	FIRING	5	84	Manticore Heavy Tank		Tank	BRAWLER	44	18	4	6.00	0.00	0	0	0	0	0	1.00	1.00	1	21	31	1	176.00	30.00	854.00
10	FIRING	5	85	Partisan Heavy Tank	(LRM)	Tank	MISSILE_BOAT	35	13	4	5.00	0.00	0	0	0	0	0	1.00	1.00	1	21	64	1	96.00	40.00	1109.00
10	FIRING	5	86	Partisan Heavy Tank		Tank	SNIPER	33	13	4	5.00	0.00	0	0	0	0	0	1.00	1.00	1	18	24	1	96.00	40.00	579.00
10	FIRING	3	90	Pilot	Jim Tommen	MekWarrior	UNDETERMINED	17	42	0	0.00	0.00	0	0	0	1	0	-1.00	1.00	1	0	0	2	0.00	1.00	0.00
10	FIRING	0	29	Thumper Artillery Vehicle		Tank	MISSILE_BOAT	25	77	0	0.00	0.00	0	0	1	1	0	0.49	1.00	1	21	23	1	86.00	24.00	440.00
10	FIRING	0	62	Wolverine	WVR-6K	BipedMek	SKIRMISHER	17	42	1	6.00	6.00	0	0	0	0	0	0.71	0.99	1	0	27	1	130.00	90.00	1248.00
