# Log file created at 2025-03-17T19:11:24.392241400
BOARD_NAME	WIDTH	HEIGHT
Board #0	32	17
COL_0	COL_1	COL_2	COL_3	COL_4	COL_5	COL_6	COL_7	COL_8	COL_9	COL_10	COL_11	COL_12	COL_13	COL_14	COL_15	COL_16	COL_17	COL_18	COL_19	COL_20	COL_21	COL_22	COL_23	COL_24	COL_25	COL_26	COL_27	COL_28	COL_29	COL_30	COL_31	
ROW_0	Level: 0  Features: 	Level: 0  Features: 	Level: 0  Features: 	Level: 0  Features: 	Level: 0  Features: sand(1, 100); 	Level: 0  Features: sand(1, 100); 	Level: 0  Features: 	Level: 0  Features: 	Level: 0  Features: sand(1, 100); 	Level: 0  Features: Light Woods; foliage_elev(2, 0); 	Level: 0  Features: Light Woods; foliage_elev(2, 0); 	Level: 0  Features: 	Level: 0  Features: 	Level: 0  Features: 	Level: 0  Features: 	Level: 0  Features: 	Level: 0  Features: 
ROW_1	Level: 0  Features: sand(1, 100); 	Level: 0  Features: 	Level: 0  Features: sand(1, 100); 	Level: 0  Features: sand(1, 100); 	Level: 0  Features: 	Level: 0  Features: sand(1, 100); 	Level: 0  Features: sand(1, 100); 	Level: 0  Features: sand(1, 100); 	Level: 0  Features: Light Woods; foliage_elev(2, 0); 	Level: 0  Features: Light Woods; foliage_elev(2, 0); 	Level: 0  Features: 	Level: 0  Features: 	Level: 0  Features: 	Level: 0  Features: 	Level: 0  Features: 	Level: 0  Features: Light Woods; foliage_elev(2, 0); 	Level: 0  Features: 
ROW_2	Level: 0  Features: sand(1, 100); 	Level: 0  Features: sand(1, 100); 	Level: 0  Features: 	Level: 0  Features: sand(1, 100); 	Level: 0  Features: 	Level: 0  Features: 	Level: 0  Features: 	Level: 0  Features: sand(1, 100); 	Level: 0  Features: Light Woods; foliage_elev(2, 0); 	Level: 0  Features: 	Level: 0  Features: 	Level: 0  Features: 	Level: 0  Features: 	Level: 0  Features: 	Level: 0  Features: 	Level: 0  Features: Light Woods; foliage_elev(2, 0); 	Level: 0  Features: Heavy Woods; foliage_elev(2, 0); 
ROW_3	Level: 0  Features: 	Level: 0  Features: 	Level: 0  Features: 	Level: 0  Features: sand(1, 100); 	Level: 0  Features: 	Level: 0  Features: Water, depth: 2; 	Level: 0  Features: Water, depth: 1; 	Level: 0  Features: Light Woods; foliage_elev(2, 0); 	Level: 0  Features: 	Level: 0  Features: 	Level: 0  Features: 	Level: 0  Features: 	Level: 0  Features: 	Level: 0  Features: 	Level: 0  Features: Heavy Woods; foliage_elev(2, 0); 	Level: 0  Features: 	Level: 0  Features: 
ROW_4	Level: 0  Features: 	Level: 0  Features: 	Level: 0  Features: 	Level: 0  Features: 	Level: 0  Features: Light Woods; foliage_elev(2, 0); 	Level: 0  Features: Water, depth: 1; 	Level: 0  Features: Water, depth: 2; 	Level: 0  Features: 	Level: 0  Features: Light Woods; foliage_elev(2, 0); 	Level: 0  Features: 	Level: 0  Features: 	Level: 0  Features: Rubble; 	Level: 0  Features: Rubble; 	Level: 0  Features: 	Level: 0  Features: 	Level: 0  Features: 	Level: 0  Features: 
ROW_5	Level: 0  Features: 	Level: 0  Features: 	Level: 0  Features: 	Level: 0  Features: Light Woods; foliage_elev(2, 0); 	Level: 0  Features: Heavy Woods; foliage_elev(2, 0); 	Level: 0  Features: Water, depth: 1; 	Level: 0  Features: 	Level: 0  Features: 	Level: 0  Features: Water, depth: 2; 	Level: 0  Features: 	Level: 0  Features: 	Level: 0  Features: 	Level: 0  Features: Rubble; 	Level: 0  Features: Rubble; 	Level: 0  Features: 	Level: 0  Features: 	Level: 0  Features: 
ROW_6	Level: 0  Features: 	Level: 0  Features: 	Level: 0  Features: 	Level: 0  Features: 	Level: 0  Features: 	Level: 0  Features: 	Level: 0  Features: Water, depth: 1; 	Level: 0  Features: Water, depth: 2; 	Level: 0  Features: Water, depth: 1; 	Level: 0  Features: Light Woods; foliage_elev(2, 0); 	Level: 0  Features: 	Level: 0  Features: 	Level: 0  Features: 	Level: 0  Features: 	Level: 0  Features: Rubble; 	Level: 0  Features: Rubble; 	Level: 0  Features: Rubble; 
ROW_7	Level: 0  Features: 	Level: 0  Features: 	Level: 0  Features: 	Level: 0  Features: 	Level: 0  Features: 	Level: 0  Features: 	Level: 0  Features: sand(1, 100); 	Level: 0  Features: sand(1, 100); 	Level: 0  Features: Rubble; 	Level: 0  Features: Heavy Woods; foliage_elev(2, 0); 	Level: 0  Features: 	Level: 0  Features: 	Level: 0  Features: Rubble; 	Level: 0  Features: 	Level: 0  Features: Rubble; 	Level: 0  Features: 	Level: 0  Features: 
ROW_8	Level: 0  Features: 	Level: 0  Features: Light Woods; foliage_elev(2, 0); 	Level: 0  Features: Light Woods; foliage_elev(2, 0); 	Level: 0  Features: Light Woods; foliage_elev(2, 0); 	Level: 0  Features: 	Level: 0  Features: 	Level: 0  Features: sand(1, 100); 	Level: 0  Features: 	Level: 0  Features: sand(1, 100); 	Level: 0  Features: Rubble; 	Level: 0  Features: Light Woods; foliage_elev(2, 0); 	Level: 0  Features: Light Woods; foliage_elev(2, 0); 	Level: 0  Features: 	Level: 0  Features: Rubble; 	Level: 0  Features: 	Level: 0  Features: 	Level: 0  Features: 
ROW_9	Level: 0  Features: 	Level: 0  Features: 	Level: 0  Features: sand(1, 100); 	Level: 0  Features: 	Level: 0  Features: 	Level: 0  Features: sand(1, 100); 	Level: 0  Features: 	Level: 0  Features: 	Level: 0  Features: Light Woods; foliage_elev(2, 0); 	Level: 0  Features: Rubble; 	Level: 0  Features: Heavy Woods; foliage_elev(2, 0); 	Level: 0  Features: 	Level: 0  Features: 	Level: 0  Features: 	Level: 0  Features: 	Level: 0  Features: Rubble; 	Level: 0  Features: 
ROW_10	Level: 0  Features: 	Level: 0  Features: 	Level: 0  Features: sand(1, 100); 	Level: 0  Features: sand(1, 100); 	Level: 0  Features: 	Level: 0  Features: 	Level: 0  Features: Light Woods; foliage_elev(2, 0); 	Level: 0  Features: 	Level: 0  Features: 	Level: 0  Features: 	Level: 0  Features: Rubble; 	Level: 0  Features: Light Woods; foliage_elev(2, 0); 	Level: 0  Features: 	Level: 0  Features: Water, depth: 2; 	Level: 0  Features: Water, depth: 1; 	Level: 0  Features: Rubble; 	Level: 0  Features: Water, depth: 1; 
ROW_11	Level: 0  Features: 	Level: 0  Features: 	Level: 0  Features: sand(1, 100); 	Level: 0  Features: sand(1, 100); 	Level: 0  Features: sand(1, 100); 	Level: 0  Features: Light Woods; foliage_elev(2, 0); 	Level: 0  Features: 	Level: 0  Features: 	Level: 0  Features: 	Level: 0  Features: 	Level: 0  Features: Light Woods; foliage_elev(2, 0); 	Level: 0  Features: 	Level: 0  Features: 	Level: 0  Features: 	Level: 0  Features: Water, depth: 1; 	Level: 0  Features: Water, depth: 1; 	Level: 0  Features: Water, depth: 1; 
ROW_12	Level: 0  Features: 	Level: 0  Features: 	Level: 0  Features: sand(1, 100); 	Level: 0  Features: sand(1, 100); 	Level: 0  Features: Light Woods; foliage_elev(2, 0); 	Level: 0  Features: 	Level: 0  Features: sand(1, 100); 	Level: 0  Features: 	Level: 0  Features: 	Level: 0  Features: 	Level: 0  Features: 	Level: 0  Features: 	Level: 0  Features: 	Level: 0  Features: Water, depth: 1; 	Level: 0  Features: Water, depth: 1; 	Level: 0  Features: Water, depth: 1; 	Level: 0  Features: Water, depth: 1; 
ROW_13	Level: 0  Features: 	Level: 0  Features: 	Level: 0  Features: sand(1, 100); 	Level: 0  Features: sand(1, 100); 	Level: 0  Features: sand(1, 100); 	Level: 0  Features: sand(1, 100); 	Level: 0  Features: sand(1, 100); 	Level: 0  Features: sand(1, 100); 	Level: 0  Features: sand(1, 100); 	Level: 0  Features: sand(1, 100); 	Level: 0  Features: 	Level: 0  Features: 	Level: 0  Features: 	Level: 0  Features: Water, depth: 1; 	Level: 0  Features: Water, depth: 1; 	Level: 0  Features: Water, depth: 1; 	Level: 0  Features: Light Woods; foliage_elev(2, 0); 
ROW_14	Level: 0  Features: Light Woods; foliage_elev(2, 0); 	Level: 0  Features: 	Level: 0  Features: 	Level: 0  Features: 	Level: 0  Features: 	Level: 0  Features: 	Level: 0  Features: sand(1, 100); 	Level: 0  Features: 	Level: 0  Features: sand(1, 100); 	Level: 0  Features: 	Level: 0  Features: 	Level: 0  Features: 	Level: 0  Features: 	Level: 0  Features: 	Level: 0  Features: Water, depth: 1; 	Level: 0  Features: 	Level: 0  Features: Light Woods; foliage_elev(2, 0); 
ROW_15	Level: 0  Features: Light Woods; foliage_elev(2, 0); 	Level: 0  Features: 	Level: 0  Features: 	Level: 0  Features: 	Level: 0  Features: 	Level: 0  Features: 	Level: 0  Features: Rubble; 	Level: 0  Features: sand(1, 100); 	Level: 0  Features: 	Level: 0  Features: Water, depth: 1; 	Level: 0  Features: 	Level: 0  Features: 	Level: 0  Features: Water, depth: 1; 	Level: 0  Features: Water, depth: 1; 	Level: 0  Features: Water, depth: 1; 	Level: 0  Features: 	Level: 0  Features: 
ROW_16	Level: 0  Features: 	Level: 0  Features: Light Woods; foliage_elev(2, 0); 	Level: 0  Features: Rubble; 	Level: 0  Features: 	Level: 0  Features: 	Level: 0  Features: 	Level: 0  Features: 	Level: 0  Features: Rubble; 	Level: 0  Features: 	Level: 0  Features: Water, depth: 1; 	Level: 0  Features: 	Level: 0  Features: Water, depth: 1; 	Level: 0  Features: Water, depth: 1; 	Level: 0  Features: 	Level: 0  Features: 	Level: 0  Features: 	Level: 0  Features: 
ROW_17	Level: 0  Features: 	Level: 0  Features: Rubble; 	Level: 0  Features: sand(1, 100); 	Level: 0  Features: sand(1, 100); 	Level: 0  Features: 	Level: 0  Features: Water, depth: 1; 	Level: 0  Features: Water, depth: 1; 	Level: 0  Features: Rubble; 	Level: 0  Features: Water, depth: 1; 	Level: 0  Features: Water, depth: 1; 	Level: 0  Features: Water, depth: 1; 	Level: 0  Features: Water, depth: 1; 	Level: 0  Features: Water, depth: 1; 	Level: 0  Features: 	Level: 0  Features: 	Level: 0  Features: 	Level: 0  Features: 
ROW_18	Level: 0  Features: sand(1, 100); 	Level: 0  Features: sand(1, 100); 	Level: 0  Features: sand(1, 100); 	Level: 0  Features: 	Level: 0  Features: 	Level: 0  Features: 	Level: 0  Features: Water, depth: 1; 	Level: 0  Features: Water, depth: 1; 	Level: 0  Features: Water, depth: 1; 	Level: 0  Features: Water, depth: 1; 	Level: 0  Features: Water, depth: 1; 	Level: 0  Features: Water, depth: 1; 	Level: 0  Features: 	Level: 0  Features: Light Woods; foliage_elev(2, 0); 	Level: 0  Features: 	Level: 0  Features: 	Level: 0  Features: 
ROW_19	Level: 0  Features: sand(1, 100); 	Level: 0  Features: Light Woods; foliage_elev(2, 0); 	Level: 0  Features: Light Woods; foliage_elev(2, 0); 	Level: 0  Features: Light Woods; foliage_elev(2, 0); 	Level: 0  Features: Water, depth: 1; 	Level: 0  Features: 	Level: 0  Features: Water, depth: 1; 	Level: 0  Features: Water, depth: 1; 	Level: 0  Features: Water, depth: 1; 	Level: 0  Features: 	Level: 0  Features: 	Level: 0  Features: Light Woods; foliage_elev(2, 0); 	Level: 0  Features: Light Woods; foliage_elev(2, 0); 	Level: 0  Features: Light Woods; foliage_elev(2, 0); 	Level: 0  Features: 	Level: 0  Features: 	Level: 0  Features: 
ROW_20	Level: 0  Features: sand(1, 100); 	Level: 0  Features: sand(1, 100); 	Level: 0  Features: sand(1, 100); 	Level: 0  Features: Light Woods; foliage_elev(2, 0); 	Level: 0  Features: Rubble; 	Level: 0  Features: Water, depth: 1; 	Level: 0  Features: Water, depth: 1; 	Level: 0  Features: Water, depth: 1; 	Level: 0  Features: 	Level: 0  Features: 	Level: 0  Features: 	Level: 0  Features: 	Level: 0  Features: Light Woods; foliage_elev(2, 0); 	Level: 0  Features: 	Level: 0  Features: Heavy Woods; foliage_elev(2, 0); 	Level: 0  Features: 	Level: 0  Features: Rubble; 
ROW_21	Level: 0  Features: sand(1, 100); 	Level: 0  Features: 	Level: 0  Features: 	Level: 0  Features: Rubble; 	Level: 0  Features: Water, depth: 1; 	Level: 0  Features: Water, depth: 1; 	Level: 0  Features: 	Level: 0  Features: 	Level: 0  Features: 	Level: 0  Features: 	Level: 0  Features: Light Woods; foliage_elev(2, 0); 	Level: 0  Features: Heavy Woods; foliage_elev(2, 0); 	Level: 0  Features: 	Level: 0  Features: 	Level: 0  Features: Light Woods; foliage_elev(2, 0); 	Level: 0  Features: Light Woods; foliage_elev(2, 0); 	Level: 0  Features: Rubble; 
ROW_22	Level: 0  Features: 	Level: 0  Features: sand(1, 100); 	Level: 0  Features: 	Level: 0  Features: 	Level: 0  Features: 	Level: 0  Features: Water, depth: 1; 	Level: 0  Features: Water, depth: 1; 	Level: 0  Features: Water, depth: 1; 	Level: 0  Features: 	Level: 0  Features: 	Level: 0  Features: Heavy Woods; foliage_elev(2, 0); 	Level: 0  Features: 	Level: 0  Features: 	Level: 0  Features: 	Level: 0  Features: Heavy Woods; foliage_elev(2, 0); 	Level: 0  Features: 	Level: 0  Features: Rubble; 
ROW_23	Level: 0  Features: 	Level: 0  Features: 	Level: 0  Features: 	Level: 0  Features: 	Level: 0  Features: Water, depth: 1; 	Level: 0  Features: Water, depth: 1; 	Level: 0  Features: 	Level: 0  Features: Rubble; 	Level: 0  Features: 	Level: 0  Features: Rubble; 	Level: 0  Features: 	Level: 0  Features: 	Level: 0  Features: Light Woods; foliage_elev(2, 0); 	Level: 0  Features: Rubble; 	Level: 0  Features: Rubble; 	Level: 0  Features: 	Level: 0  Features: 
ROW_24	Level: 0  Features: 	Level: 0  Features: 	Level: 0  Features: 	Level: 0  Features: 	Level: 0  Features: 	Level: 0  Features: Water, depth: 1; 	Level: 0  Features: Water, depth: 1; 	Level: 0  Features: Water, depth: 1; 	Level: 0  Features: Rubble; 	Level: 0  Features: Rubble; 	Level: 0  Features: 	Level: 0  Features: Heavy Woods; foliage_elev(2, 0); 	Level: 0  Features: 	Level: 0  Features: Light Woods; foliage_elev(2, 0); 	Level: 0  Features: 	Level: 0  Features: 	Level: 0  Features: 
ROW_25	Level: 0  Features: 	Level: 0  Features: 	Level: 0  Features: 	Level: 0  Features: 	Level: 0  Features: 	Level: 0  Features: Water, depth: 1; 	Level: 0  Features: Water, depth: 1; 	Level: 0  Features: Water, depth: 1; 	Level: 0  Features: Rubble; 	Level: 0  Features: 	Level: 0  Features: 	Level: 0  Features: Light Woods; foliage_elev(2, 0); 	Level: 0  Features: Light Woods; foliage_elev(2, 0); 	Level: 0  Features: 	Level: 0  Features: 	Level: 0  Features: 	Level: 0  Features: 
ROW_26	Level: 0  Features: Rubble; 	Level: 0  Features: 	Level: 0  Features: Light Woods; foliage_elev(2, 0); 	Level: 0  Features: Heavy Woods; foliage_elev(2, 0); 	Level: 0  Features: 	Level: 0  Features: 	Level: 0  Features: Water, depth: 1; 	Level: 0  Features: Water, depth: 1; 	Level: 0  Features: Water, depth: 1; 	Level: 0  Features: 	Level: 0  Features: 	Level: 0  Features: 	Level: 0  Features: 	Level: 0  Features: 	Level: 0  Features: 	Level: 0  Features: 	Level: 0  Features: 
ROW_27	Level: 0  Features: Rubble; 	Level: 0  Features: Rubble; 	Level: 0  Features: Rubble; 	Level: 0  Features: 	Level: 0  Features: 	Level: 0  Features: 	Level: 0  Features: Water, depth: 1; 	Level: 0  Features: Water, depth: 1; 	Level: 0  Features: Water, depth: 1; 	Level: 0  Features: 	Level: 0  Features: 	Level: 0  Features: 	Level: 0  Features: 	Level: 0  Features: sand(1, 100); 	Level: 0  Features: 	Level: 0  Features: 	Level: 0  Features: 
ROW_28	Level: 0  Features: Rubble; 	Level: 0  Features: Rubble; 	Level: 0  Features: 	Level: 0  Features: 	Level: 0  Features: 	Level: 0  Features: 	Level: 0  Features: 	Level: 0  Features: Water, depth: 1; 	Level: 0  Features: Water, depth: 1; 	Level: 0  Features: 	Level: 0  Features: 	Level: 0  Features: 	Level: 0  Features: 	Level: 0  Features: sand(1, 100); 	Level: 0  Features: sand(1, 100); 	Level: 0  Features: 	Level: 0  Features: 
ROW_29	Level: 0  Features: Rubble; 	Level: 0  Features: Rubble; 	Level: 0  Features: 	Level: 0  Features: 	Level: 0  Features: 	Level: 0  Features: 	Level: 0  Features: Water, depth: 1; 	Level: 0  Features: Water, depth: 1; 	Level: 0  Features: Rubble; 	Level: 0  Features: 	Level: 0  Features: sand(1, 100); 	Level: 0  Features: sand(1, 100); 	Level: 0  Features: sand(1, 100); 	Level: 0  Features: sand(1, 100); 	Level: 0  Features: 	Level: 0  Features: 	Level: 0  Features: 
ROW_30	Level: 0  Features: 	Level: 0  Features: 	Level: 0  Features: 	Level: 0  Features: 	Level: 0  Features: 	Level: 0  Features: 	Level: 0  Features: 	Level: 0  Features: Water, depth: 1; 	Level: 0  Features: Water, depth: 1; 	Level: 0  Features: Rubble; 	Level: 0  Features: 	Level: 0  Features: 	Level: 0  Features: sand(1, 100); 	Level: 0  Features: sand(1, 100); 	Level: 0  Features: sand(1, 100); 	Level: 0  Features: 	Level: 0  Features: 
ROW_31	Level: 0  Features: 	Level: 0  Features: 	Level: 0  Features: 	Level: 0  Features: 	Level: 0  Features: 	Level: 0  Features: 	Level: 0  Features: 	Level: 0  Features: Water, depth: 1; 	Level: 0  Features: Water, depth: 1; 	Level: 0  Features: Water, depth: 1; 	Level: 0  Features: Rubble; 	Level: 0  Features: 	Level: 0  Features: 	Level: 0  Features: 	Level: 0  Features: 	Level: 0  Features: 	Level: 0  Features: 
THEME	CITY_TYPE	MAP_SIZE	MAP_WIDTH	MAP_HEIGHT
	None	1	1
TEMPERATURE	WEATHER	GRAVITY	WIND	ATMOSPHERE	FOG	LIGHT
25	CLEAR	1.0	Calm	Standard	None	Daylight
ROUND	PHASE	PLAYER_ID	ENTITY_ID	CHASSIS	MODEL	TYPE	ROLE	X	Y	FACING	MP	HEAT	PRONE	AIRBORNE	OFF_BOARD	CRIPPLED	DESTROYED	ARMOR_P	INTERNAL_P	DONE	MAX_RANGE	TOTAL_DAMAGE	TEAM_ID
0	DEPLOYMENT	0	1	Emperor	Emperor	BipedMek	JUGGERNAUT	29	5	5	0.00	0.00	0	0	0	0	0	1.00	1.00	1	30	42	1
0	DEPLOYMENT	0	2	Ostroc	Ostroc	BipedMek	SKIRMISHER	-1	-1	0	0.00	0.00	0	0	0	0	0	1.00	1.00	0	22	10	1
0	DEPLOYMENT	1	3	Hankyu	Hankyu	BipedMek	STRIKER	-1	-1	0	0.00	0.00	0	0	0	0	0	1.00	1.00	0	28	26	2
0	DEPLOYMENT	1	4	Hellion	Hellion	BipedMek	STRIKER	-1	-1	0	0.00	0.00	0	0	0	0	0	1.00	1.00	0	28	40	2
ROUND	PHASE	PLAYER_ID	ENTITY_ID	CHASSIS	MODEL	TYPE	ROLE	X	Y	FACING	MP	HEAT	PRONE	AIRBORNE	OFF_BOARD	CRIPPLED	DESTROYED	ARMOR_P	INTERNAL_P	DONE	MAX_RANGE	TOTAL_DAMAGE	TEAM_ID
0	DEPLOYMENT	0	1	Emperor	Emperor	BipedMek	JUGGERNAUT	29	5	5	0.00	0.00	0	0	0	0	0	1.00	1.00	1	30	42	1
0	DEPLOYMENT	0	2	Ostroc	Ostroc	BipedMek	SKIRMISHER	-1	-1	0	0.00	0.00	0	0	0	0	0	1.00	1.00	0	22	10	1
0	DEPLOYMENT	1	3	Hankyu	Hankyu	BipedMek	STRIKER	2	8	2	0.00	0.00	0	0	0	0	0	1.00	1.00	1	28	26	2
0	DEPLOYMENT	1	4	Hellion	Hellion	BipedMek	STRIKER	-1	-1	0	0.00	0.00	0	0	0	0	0	1.00	1.00	0	28	40	2
ROUND	PHASE	PLAYER_ID	ENTITY_ID	CHASSIS	MODEL	TYPE	ROLE	X	Y	FACING	MP	HEAT	PRONE	AIRBORNE	OFF_BOARD	CRIPPLED	DESTROYED	ARMOR_P	INTERNAL_P	DONE	MAX_RANGE	TOTAL_DAMAGE	TEAM_ID
0	DEPLOYMENT	0	1	Emperor	Emperor	BipedMek	JUGGERNAUT	29	5	5	0.00	0.00	0	0	0	0	0	1.00	1.00	1	30	42	1
0	DEPLOYMENT	0	2	Ostroc	Ostroc	BipedMek	SKIRMISHER	29	4	5	0.00	0.00	0	0	0	0	0	1.00	1.00	1	22	10	1
0	DEPLOYMENT	1	3	Hankyu	Hankyu	BipedMek	STRIKER	2	8	2	0.00	0.00	0	0	0	0	0	1.00	1.00	1	28	26	2
0	DEPLOYMENT	1	4	Hellion	Hellion	BipedMek	STRIKER	-1	-1	0	0.00	0.00	0	0	0	0	0	1.00	1.00	0	28	40	2
ROUND	PHASE	PLAYER_ID	ENTITY_ID	CHASSIS	MODEL	TYPE	ROLE	X	Y	FACING	MP	HEAT	PRONE	AIRBORNE	OFF_BOARD	CRIPPLED	DESTROYED	ARMOR_P	INTERNAL_P	DONE	MAX_RANGE	TOTAL_DAMAGE	TEAM_ID
0	DEPLOYMENT	0	1	Emperor	Emperor	BipedMek	JUGGERNAUT	29	5	5	0.00	0.00	0	0	0	0	0	1.00	1.00	1	30	42	1
0	DEPLOYMENT	0	2	Ostroc	Ostroc	BipedMek	SKIRMISHER	29	4	5	0.00	0.00	0	0	0	0	0	1.00	1.00	1	22	10	1
0	DEPLOYMENT	1	3	Hankyu	Hankyu	BipedMek	STRIKER	2	8	2	0.00	0.00	0	0	0	0	0	1.00	1.00	1	28	26	2
0	DEPLOYMENT	1	4	Hellion	Hellion	BipedMek	STRIKER	1	5	2	0.00	0.00	0	0	0	0	0	1.00	1.00	1	28	40	2
ROUND	PHASE	PLAYER_ID	ENTITY_ID	CHASSIS	MODEL	TYPE	ROLE	X	Y	FACING	MP	HEAT	PRONE	AIRBORNE	OFF_BOARD	CRIPPLED	DESTROYED	ARMOR_P	INTERNAL_P	DONE	MAX_RANGE	TOTAL_DAMAGE	TEAM_ID
1	TARGETING	0	1	Emperor	Emperor	BipedMek	JUGGERNAUT	29	5	5	0.00	0.00	0	0	0	0	0	1.00	1.00	1	30	42	1
1	TARGETING	0	2	Ostroc	Ostroc	BipedMek	SKIRMISHER	29	4	5	0.00	0.00	0	0	0	0	0	1.00	1.00	1	22	10	1
1	TARGETING	1	3	Hankyu	Hankyu	BipedMek	STRIKER	2	8	2	0.00	0.00	0	0	0	0	0	1.00	1.00	1	28	26	2
1	TARGETING	1	4	Hellion	Hellion	BipedMek	STRIKER	1	5	2	0.00	0.00	0	0	0	0	0	1.00	1.00	1	28	40	2
PLAYER_ID	ENTITY_ID	CHASSIS	MODEL	FACING	FROM_X	FROM_Y	TO_X	TO_Y	HEXES_MOVED	DISTANCE	MP_USED	MAX_MP	MP_P	HEAT_P	ARMOR_P	INTERNAL_P	JUMPING	PRONE	LEGAL	STEPS	TEAM_ID	CHANCE_OF_FAILURE	IS_BOT
1	3	Hankyu	Prime	1	3	8	12	11	10	0	12	16	0.75	0.00	1.00	1.00	0	0	1	FORWARDS FORWARDS FORWARDS FORWARDS FORWARDS FORWARDS FORWARDS FORWARDS TURN_LEFT FORWARDS FORWARDS	2	0.00	1
ROUND	PHASE	PLAYER_ID	ENTITY_ID	CHASSIS	MODEL	TYPE	ROLE	X	Y	FACING	MP	HEAT	PRONE	AIRBORNE	OFF_BOARD	CRIPPLED	DESTROYED	ARMOR_P	INTERNAL_P	DONE	MAX_RANGE	TOTAL_DAMAGE	TEAM_ID
1	MOVEMENT	0	1	Emperor	Emperor	BipedMek	JUGGERNAUT	29	5	5	0.00	0.00	0	0	0	0	0	1.00	1.00	0	30	42	1
1	MOVEMENT	0	2	Ostroc	Ostroc	BipedMek	SKIRMISHER	29	4	5	0.00	0.00	0	0	0	0	0	1.00	1.00	0	22	10	1
1	MOVEMENT	1	3	Hankyu	Hankyu	BipedMek	STRIKER	12	11	1	0.00	0.00	0	0	0	0	0	1.00	1.00	1	28	26	2
1	MOVEMENT	1	4	Hellion	Hellion	BipedMek	STRIKER	1	5	2	0.00	0.00	0	0	0	0	0	1.00	1.00	0	28	40	2
PLAYER_ID	ENTITY_ID	CHASSIS	MODEL	FACING	FROM_X	FROM_Y	TO_X	TO_Y	HEXES_MOVED	DISTANCE	MP_USED	MAX_MP	MP_P	HEAT_P	ARMOR_P	INTERNAL_P	JUMPING	PRONE	LEGAL	STEPS	TEAM_ID	CHANCE_OF_FAILURE	IS_BOT
0	1	Emperor	EMP-6ME 'Mercury Elite'	5	28	5	24	3	5	0	5	6	0.83	0.00	1.00	1.00	0	0	1	FORWARDS FORWARDS FORWARDS FORWARDS FORWARDS	1	0.00	0
ROUND	PHASE	PLAYER_ID	ENTITY_ID	CHASSIS	MODEL	TYPE	ROLE	X	Y	FACING	MP	HEAT	PRONE	AIRBORNE	OFF_BOARD	CRIPPLED	DESTROYED	ARMOR_P	INTERNAL_P	DONE	MAX_RANGE	TOTAL_DAMAGE	TEAM_ID
1	MOVEMENT	0	1	Emperor	Emperor	BipedMek	JUGGERNAUT	24	3	5	0.00	0.00	0	0	0	0	0	1.00	1.00	1	30	42	1
1	MOVEMENT	0	2	Ostroc	Ostroc	BipedMek	SKIRMISHER	29	4	5	0.00	0.00	0	0	0	0	0	1.00	1.00	0	22	10	1
1	MOVEMENT	1	3	Hankyu	Hankyu	BipedMek	STRIKER	12	11	1	0.00	0.00	0	0	0	0	0	1.00	1.00	1	28	26	2
1	MOVEMENT	1	4	Hellion	Hellion	BipedMek	STRIKER	1	5	2	0.00	0.00	0	0	0	0	0	1.00	1.00	0	28	40	2
PLAYER_ID	ENTITY_ID	CHASSIS	MODEL	FACING	FROM_X	FROM_Y	TO_X	TO_Y	HEXES_MOVED	DISTANCE	MP_USED	MAX_MP	MP_P	HEAT_P	ARMOR_P	INTERNAL_P	JUMPING	PRONE	LEGAL	STEPS	TEAM_ID	CHANCE_OF_FAILURE	IS_BOT
1	4	Hellion	G	2	1	5	8	5	7	0	11	18	0.61	0.00	1.00	1.00	0	0	1	TURN_LEFT FORWARDS FORWARDS FORWARDS FORWARDS TURN_RIGHT FORWARDS FORWARDS FORWARDS	2	0.00	1
ROUND	PHASE	PLAYER_ID	ENTITY_ID	CHASSIS	MODEL	TYPE	ROLE	X	Y	FACING	MP	HEAT	PRONE	AIRBORNE	OFF_BOARD	CRIPPLED	DESTROYED	ARMOR_P	INTERNAL_P	DONE	MAX_RANGE	TOTAL_DAMAGE	TEAM_ID
1	MOVEMENT	0	1	Emperor	Emperor	BipedMek	JUGGERNAUT	24	3	5	0.00	0.00	0	0	0	0	0	1.00	1.00	1	30	42	1
1	MOVEMENT	0	2	Ostroc	Ostroc	BipedMek	SKIRMISHER	29	4	5	0.00	0.00	0	0	0	0	0	1.00	1.00	0	22	10	1
1	MOVEMENT	1	3	Hankyu	Hankyu	BipedMek	STRIKER	12	11	1	0.00	0.00	0	0	0	0	0	1.00	1.00	1	28	26	2
1	MOVEMENT	1	4	Hellion	Hellion	BipedMek	STRIKER	8	5	2	0.00	0.00	0	0	0	0	0	1.00	1.00	1	28	40	2
PLAYER_ID	ENTITY_ID	CHASSIS	MODEL	FACING	FROM_X	FROM_Y	TO_X	TO_Y	HEXES_MOVED	DISTANCE	MP_USED	MAX_MP	MP_P	HEAT_P	ARMOR_P	INTERNAL_P	JUMPING	PRONE	LEGAL	STEPS	TEAM_ID	CHANCE_OF_FAILURE	IS_BOT
0	2	Ostroc	OSR-4K	4	29	4	26	9	6	0	6	6	1.00	0.00	1.00	1.00	1	0	1	START_JUMP TURN_LEFT TURN_LEFT FORWARDS FORWARDS FORWARDS TURN_RIGHT FORWARDS FORWARDS FORWARDS	1	0.00	0
ROUND	PHASE	PLAYER_ID	ENTITY_ID	CHASSIS	MODEL	TYPE	ROLE	X	Y	FACING	MP	HEAT	PRONE	AIRBORNE	OFF_BOARD	CRIPPLED	DESTROYED	ARMOR_P	INTERNAL_P	DONE	MAX_RANGE	TOTAL_DAMAGE	TEAM_ID
1	MOVEMENT	0	1	Emperor	Emperor	BipedMek	JUGGERNAUT	24	3	5	0.00	0.00	0	0	0	0	0	1.00	1.00	1	30	42	1
1	MOVEMENT	0	2	Ostroc	Ostroc	BipedMek	SKIRMISHER	26	9	4	0.00	0.00	0	0	0	0	0	1.00	1.00	1	22	10	1
1	MOVEMENT	1	3	Hankyu	Hankyu	BipedMek	STRIKER	12	11	1	0.00	0.00	0	0	0	0	0	1.00	1.00	1	28	26	2
1	MOVEMENT	1	4	Hellion	Hellion	BipedMek	STRIKER	8	5	2	0.00	0.00	0	0	0	0	0	1.00	1.00	1	28	40	2
ROUND	PLAYER_ID	ENTITY_ID	TYPE	ROLE	X	Y	FACING	TARGET_PLAYER_ID	TARGET_ID	TARGET_TYPE	TARGET_ROLE	TARGET_X	TARGET_Y	TARGET_FACING	AIMING_LOC	AIMING_MODE	WEAPON_ID	AMMO_ID	ATA	ATG	GTG	GTA	TO_HIT	TURNS_TO_HIT	SPOTTER_ID
1	1	3	BipedMek	STRIKER	12	11	1	0	1	BipedMek	JUGGERNAUT	24	3	5	-1	NONE	11	-1	0	0	1	0	11.00	0	-1
ROUND	PHASE	PLAYER_ID	ENTITY_ID	CHASSIS	MODEL	TYPE	ROLE	X	Y	FACING	MP	HEAT	PRONE	AIRBORNE	OFF_BOARD	CRIPPLED	DESTROYED	ARMOR_P	INTERNAL_P	DONE	MAX_RANGE	TOTAL_DAMAGE	TEAM_ID
1	OFFBOARD	0	1	Emperor	Emperor	BipedMek	JUGGERNAUT	24	3	5	0.00	0.00	0	0	0	0	0	1.00	1.00	1	30	42	1
1	OFFBOARD	0	2	Ostroc	Ostroc	BipedMek	SKIRMISHER	26	9	4	0.00	0.00	0	0	0	0	0	1.00	1.00	1	22	10	1
1	OFFBOARD	1	3	Hankyu	Hankyu	BipedMek	STRIKER	12	11	1	0.00	0.00	0	0	0	0	0	1.00	1.00	1	28	26	2
1	OFFBOARD	1	4	Hellion	Hellion	BipedMek	STRIKER	8	5	2	0.00	0.00	0	0	0	0	0	1.00	1.00	1	28	40	2
ROUND	PLAYER_ID	ENTITY_ID	TYPE	ROLE	X	Y	FACING	TARGET_PLAYER_ID	TARGET_ID	TARGET_TYPE	TARGET_ROLE	TARGET_X	TARGET_Y	TARGET_FACING	AIMING_LOC	AIMING_MODE	WEAPON_ID	AMMO_ID	ATA	ATG	GTG	GTA	TO_HIT	TURNS_TO_HIT	SPOTTER_ID
1	1	3	BipedMek	STRIKER	12	11	1	0	1	BipedMek	JUGGERNAUT	24	3	5	-1	NONE	4	-1	0	0	1	0	11.00	0	-1
1	1	3	BipedMek	STRIKER	12	11	1	0	1	BipedMek	JUGGERNAUT	24	3	5	-1	NONE	8	-1	0	0	1	0	11.00	0	-1
1	1	3	BipedMek	STRIKER	12	11	1	0	1	BipedMek	JUGGERNAUT	24	3	5	-1	NONE	5	10	0	0	1	0	9.00	0	-1
1	1	3	BipedMek	STRIKER	12	11	1	0	1	BipedMek	JUGGERNAUT	24	3	5	-1	NONE	9	10	0	0	1	0	9.00	0	-1
ROUND	PHASE	PLAYER_ID	ENTITY_ID	CHASSIS	MODEL	TYPE	ROLE	X	Y	FACING	MP	HEAT	PRONE	AIRBORNE	OFF_BOARD	CRIPPLED	DESTROYED	ARMOR_P	INTERNAL_P	DONE	MAX_RANGE	TOTAL_DAMAGE	TEAM_ID
1	FIRING	0	1	Emperor	Emperor	BipedMek	JUGGERNAUT	24	3	5	0.00	0.00	0	0	0	0	0	1.00	1.00	1	30	42	1
1	FIRING	0	2	Ostroc	Ostroc	BipedMek	SKIRMISHER	26	9	4	0.00	0.00	0	0	0	0	0	1.00	1.00	1	22	10	1
1	FIRING	1	3	Hankyu	Hankyu	BipedMek	STRIKER	12	11	1	0.00	0.00	0	0	0	0	0	1.00	1.00	1	4	26	2
1	FIRING	1	4	Hellion	Hellion	BipedMek	STRIKER	8	5	2	0.00	0.00	0	0	0	0	0	1.00	1.00	1	28	40	2
ROUND	PHASE	PLAYER_ID	ENTITY_ID	CHASSIS	MODEL	TYPE	ROLE	X	Y	FACING	MP	HEAT	PRONE	AIRBORNE	OFF_BOARD	CRIPPLED	DESTROYED	ARMOR_P	INTERNAL_P	DONE	MAX_RANGE	TOTAL_DAMAGE	TEAM_ID
2	TARGETING	0	1	Emperor	Emperor	BipedMek	JUGGERNAUT	24	3	5	5.00	0.00	0	0	0	0	0	1.00	1.00	1	30	42	1
2	TARGETING	0	2	Ostroc	Ostroc	BipedMek	SKIRMISHER	26	9	4	6.00	0.00	0	0	0	0	0	1.00	1.00	1	22	10	1
2	TARGETING	1	3	Hankyu	Hankyu	BipedMek	STRIKER	12	11	1	12.00	0.00	0	0	0	0	0	1.00	1.00	1	28	26	2
2	TARGETING	1	4	Hellion	Hellion	BipedMek	STRIKER	8	5	2	11.00	0.00	0	0	0	0	0	1.00	1.00	1	28	40	2
PLAYER_ID	ENTITY_ID	CHASSIS	MODEL	FACING	FROM_X	FROM_Y	TO_X	TO_Y	HEXES_MOVED	DISTANCE	MP_USED	MAX_MP	MP_P	HEAT_P	ARMOR_P	INTERNAL_P	JUMPING	PRONE	LEGAL	STEPS	TEAM_ID	CHANCE_OF_FAILURE	IS_BOT
1	3	Hankyu	Prime	1	13	10	18	4	10	0	12	16	0.75	0.00	1.00	1.00	0	0	1	FORWARDS TURN_LEFT FORWARDS FORWARDS FORWARDS FORWARDS TURN_RIGHT FORWARDS FORWARDS FORWARDS FORWARDS FORWARDS	2	0.00	1
ROUND	PHASE	PLAYER_ID	ENTITY_ID	CHASSIS	MODEL	TYPE	ROLE	X	Y	FACING	MP	HEAT	PRONE	AIRBORNE	OFF_BOARD	CRIPPLED	DESTROYED	ARMOR_P	INTERNAL_P	DONE	MAX_RANGE	TOTAL_DAMAGE	TEAM_ID
2	MOVEMENT	0	1	Emperor	Emperor	BipedMek	JUGGERNAUT	24	3	5	5.00	0.00	0	0	0	0	0	1.00	1.00	0	30	42	1
2	MOVEMENT	0	2	Ostroc	Ostroc	BipedMek	SKIRMISHER	26	9	4	6.00	0.00	0	0	0	0	0	1.00	1.00	0	22	10	1
2	MOVEMENT	1	3	Hankyu	Hankyu	BipedMek	STRIKER	18	4	1	12.00	0.00	0	0	0	0	0	1.00	1.00	1	28	26	2
2	MOVEMENT	1	4	Hellion	Hellion	BipedMek	STRIKER	8	5	2	11.00	0.00	0	0	0	0	0	1.00	1.00	0	28	40	2
PLAYER_ID	ENTITY_ID	CHASSIS	MODEL	FACING	FROM_X	FROM_Y	TO_X	TO_Y	HEXES_MOVED	DISTANCE	MP_USED	MAX_MP	MP_P	HEAT_P	ARMOR_P	INTERNAL_P	JUMPING	PRONE	LEGAL	STEPS	TEAM_ID	CHANCE_OF_FAILURE	IS_BOT
0	1	Emperor	EMP-6ME 'Mercury Elite'	5	23	2	19	0	5	0	5	6	0.83	0.00	1.00	1.00	0	0	1	FORWARDS FORWARDS FORWARDS FORWARDS FORWARDS	1	0.00	0
ROUND	PHASE	PLAYER_ID	ENTITY_ID	CHASSIS	MODEL	TYPE	ROLE	X	Y	FACING	MP	HEAT	PRONE	AIRBORNE	OFF_BOARD	CRIPPLED	DESTROYED	ARMOR_P	INTERNAL_P	DONE	MAX_RANGE	TOTAL_DAMAGE	TEAM_ID
2	MOVEMENT	0	1	Emperor	Emperor	BipedMek	JUGGERNAUT	19	0	5	5.00	0.00	0	0	0	0	0	1.00	1.00	1	30	42	1
2	MOVEMENT	0	2	Ostroc	Ostroc	BipedMek	SKIRMISHER	26	9	4	6.00	0.00	0	0	0	0	0	1.00	1.00	0	22	10	1
2	MOVEMENT	1	3	Hankyu	Hankyu	BipedMek	STRIKER	18	4	1	12.00	0.00	0	0	0	0	0	1.00	1.00	1	28	26	2
2	MOVEMENT	1	4	Hellion	Hellion	BipedMek	STRIKER	8	5	2	11.00	0.00	0	0	0	0	0	1.00	1.00	0	28	40	2
PLAYER_ID	ENTITY_ID	CHASSIS	MODEL	FACING	FROM_X	FROM_Y	TO_X	TO_Y	HEXES_MOVED	DISTANCE	MP_USED	MAX_MP	MP_P	HEAT_P	ARMOR_P	INTERNAL_P	JUMPING	PRONE	LEGAL	STEPS	TEAM_ID	CHANCE_OF_FAILURE	IS_BOT
1	4	Hellion	G	1	9	5	9	6	6	0	11	18	0.61	0.00	1.00	1.00	0	0	1	FORWARDS TURN_RIGHT FORWARDS TURN_RIGHT FORWARDS FORWARDS TURN_RIGHT TURN_RIGHT TURN_RIGHT FORWARDS FORWARDS	2	0.00	1
ROUND	PHASE	PLAYER_ID	ENTITY_ID	CHASSIS	MODEL	TYPE	ROLE	X	Y	FACING	MP	HEAT	PRONE	AIRBORNE	OFF_BOARD	CRIPPLED	DESTROYED	ARMOR_P	INTERNAL_P	DONE	MAX_RANGE	TOTAL_DAMAGE	TEAM_ID
2	MOVEMENT	0	1	Emperor	Emperor	BipedMek	JUGGERNAUT	19	0	5	5.00	0.00	0	0	0	0	0	1.00	1.00	1	30	42	1
2	MOVEMENT	0	2	Ostroc	Ostroc	BipedMek	SKIRMISHER	26	9	4	6.00	0.00	0	0	0	0	0	1.00	1.00	0	22	10	1
2	MOVEMENT	1	3	Hankyu	Hankyu	BipedMek	STRIKER	18	4	1	12.00	0.00	0	0	0	0	0	1.00	1.00	1	28	26	2
2	MOVEMENT	1	4	Hellion	Hellion	BipedMek	STRIKER	9	6	1	11.00	0.00	0	0	0	0	0	1.00	1.00	1	28	40	2
PLAYER_ID	ENTITY_ID	CHASSIS	MODEL	FACING	FROM_X	FROM_Y	TO_X	TO_Y	HEXES_MOVED	DISTANCE	MP_USED	MAX_MP	MP_P	HEAT_P	ARMOR_P	INTERNAL_P	JUMPING	PRONE	LEGAL	STEPS	TEAM_ID	CHANCE_OF_FAILURE	IS_BOT
0	2	Ostroc	OSR-4K	4	25	9	22	11	4	0	4	8	0.50	0.00	1.00	1.00	0	0	1	FORWARDS FORWARDS FORWARDS FORWARDS	1	0.00	0
ROUND	PHASE	PLAYER_ID	ENTITY_ID	CHASSIS	MODEL	TYPE	ROLE	X	Y	FACING	MP	HEAT	PRONE	AIRBORNE	OFF_BOARD	CRIPPLED	DESTROYED	ARMOR_P	INTERNAL_P	DONE	MAX_RANGE	TOTAL_DAMAGE	TEAM_ID
2	MOVEMENT	0	1	Emperor	Emperor	BipedMek	JUGGERNAUT	19	0	5	5.00	0.00	0	0	0	0	0	1.00	1.00	1	30	42	1
2	MOVEMENT	0	2	Ostroc	Ostroc	BipedMek	SKIRMISHER	22	11	4	6.00	0.00	0	0	0	0	0	1.00	1.00	1	22	10	1
2	MOVEMENT	1	3	Hankyu	Hankyu	BipedMek	STRIKER	18	4	1	12.00	0.00	0	0	0	0	0	1.00	1.00	1	28	26	2
2	MOVEMENT	1	4	Hellion	Hellion	BipedMek	STRIKER	9	6	1	11.00	0.00	0	0	0	0	0	1.00	1.00	1	28	40	2
ROUND	PLAYER_ID	ENTITY_ID	TYPE	ROLE	X	Y	FACING	TARGET_PLAYER_ID	TARGET_ID	TARGET_TYPE	TARGET_ROLE	TARGET_X	TARGET_Y	TARGET_FACING	AIMING_LOC	AIMING_MODE	WEAPON_ID	AMMO_ID	ATA	ATG	GTG	GTA	TO_HIT	TURNS_TO_HIT	SPOTTER_ID
2	1	3	BipedMek	STRIKER	18	4	1	0	1	BipedMek	JUGGERNAUT	19	0	5	-1	NONE	11	-1	0	0	1	0	8.00	0	-1
ROUND	PHASE	PLAYER_ID	ENTITY_ID	CHASSIS	MODEL	TYPE	ROLE	X	Y	FACING	MP	HEAT	PRONE	AIRBORNE	OFF_BOARD	CRIPPLED	DESTROYED	ARMOR_P	INTERNAL_P	DONE	MAX_RANGE	TOTAL_DAMAGE	TEAM_ID
2	OFFBOARD	0	1	Emperor	Emperor	BipedMek	JUGGERNAUT	19	0	5	5.00	0.00	0	0	0	0	0	1.00	1.00	1	30	42	1
2	OFFBOARD	0	2	Ostroc	Ostroc	BipedMek	SKIRMISHER	22	11	4	6.00	0.00	0	0	0	0	0	1.00	1.00	1	22	10	1
2	OFFBOARD	1	3	Hankyu	Hankyu	BipedMek	STRIKER	18	4	1	12.00	0.00	0	0	0	0	0	1.00	1.00	1	28	26	2
2	OFFBOARD	1	4	Hellion	Hellion	BipedMek	STRIKER	9	6	1	11.00	0.00	0	0	0	0	0	1.00	1.00	1	28	40	2
ROUND	PLAYER_ID	ENTITY_ID	TYPE	ROLE	X	Y	FACING	TARGET_PLAYER_ID	TARGET_ID	TARGET_TYPE	TARGET_ROLE	TARGET_X	TARGET_Y	TARGET_FACING	AIMING_LOC	AIMING_MODE	WEAPON_ID	AMMO_ID	ATA	ATG	GTG	GTA	TO_HIT	TURNS_TO_HIT	SPOTTER_ID
2	1	3	BipedMek	STRIKER	18	4	1	0	1	BipedMek	JUGGERNAUT	19	0	5	-1	NONE	4	-1	0	0	1	0	8.00	0	-1
2	1	3	BipedMek	STRIKER	18	4	1	0	1	BipedMek	JUGGERNAUT	19	0	5	-1	NONE	8	-1	0	0	1	0	8.00	0	-1
2	1	3	BipedMek	STRIKER	18	4	1	0	1	BipedMek	JUGGERNAUT	19	0	5	-1	NONE	5	10	0	0	1	0	8.00	0	-1
2	1	3	BipedMek	STRIKER	18	4	1	0	1	BipedMek	JUGGERNAUT	19	0	5	-1	NONE	9	10	0	0	1	0	8.00	0	-1
2	0	1	BipedMek	JUGGERNAUT	19	0	5	1	3	BipedMek	STRIKER	18	4	1	-1	NONE	3	-1	0	0	1	0	12.00	0	-1
2	0	1	BipedMek	JUGGERNAUT	19	0	5	1	3	BipedMek	STRIKER	18	4	1	-1	NONE	5	-1	0	0	1	0	2147483647.00	0	-1
ROUND	PLAYER_ID	ENTITY_ID	TYPE	ROLE	X	Y	FACING	TARGET_PLAYER_ID	TARGET_ID	TARGET_TYPE	TARGET_ROLE	TARGET_X	TARGET_Y	TARGET_FACING	AIMING_LOC	AIMING_MODE	WEAPON_ID	AMMO_ID	ATA	ATG	GTG	GTA	TO_HIT	TURNS_TO_HIT	SPOTTER_ID
2	1	4	BipedMek	STRIKER	9	6	1	0	2	BipedMek	SKIRMISHER	22	11	4	-1	NONE	8	9	0	0	1	0	10.00	0	-1
2	0	2	BipedMek	SKIRMISHER	22	11	4	1	4	BipedMek	STRIKER	9	6	1	-1	NONE	8	-1	0	0	1	0	10.00	0	-1
2	0	2	BipedMek	SKIRMISHER	22	11	4	1	4	BipedMek	STRIKER	9	6	1	-1	NONE	12	-1	0	0	1	0	10.00	0	-1
ROUND	PHASE	PLAYER_ID	ENTITY_ID	CHASSIS	MODEL	TYPE	ROLE	X	Y	FACING	MP	HEAT	PRONE	AIRBORNE	OFF_BOARD	CRIPPLED	DESTROYED	ARMOR_P	INTERNAL_P	DONE	MAX_RANGE	TOTAL_DAMAGE	TEAM_ID
2	FIRING	0	1	Emperor	Emperor	BipedMek	JUGGERNAUT	19	0	5	5.00	0.00	0	0	0	0	0	0.95	1.00	1	30	42	1
2	FIRING	0	2	Ostroc	Ostroc	BipedMek	SKIRMISHER	22	11	4	6.00	0.00	0	0	0	0	0	1.00	1.00	1	16	10	1
2	FIRING	1	3	Hankyu	Hankyu	BipedMek	STRIKER	18	4	1	12.00	0.00	0	0	0	0	0	1.00	1.00	1	4	26	2
2	FIRING	1	4	Hellion	Hellion	BipedMek	STRIKER	9	6	1	11.00	0.00	0	0	0	0	0	0.85	1.00	1	20	40	2
ROUND	PHASE	PLAYER_ID	ENTITY_ID	CHASSIS	MODEL	TYPE	ROLE	X	Y	FACING	MP	HEAT	PRONE	AIRBORNE	OFF_BOARD	CRIPPLED	DESTROYED	ARMOR_P	INTERNAL_P	DONE	MAX_RANGE	TOTAL_DAMAGE	TEAM_ID
3	TARGETING	0	1	Emperor	Emperor	BipedMek	JUGGERNAUT	19	0	5	5.00	0.00	0	0	0	0	0	0.95	1.00	1	30	42	1
3	TARGETING	0	2	Ostroc	Ostroc	BipedMek	SKIRMISHER	22	11	4	4.00	0.00	0	0	0	0	0	1.00	1.00	1	22	10	1
3	TARGETING	1	3	Hankyu	Hankyu	BipedMek	STRIKER	18	4	1	12.00	0.00	0	0	0	0	0	1.00	1.00	1	28	26	2
3	TARGETING	1	4	Hellion	Hellion	BipedMek	STRIKER	9	6	1	11.00	0.00	0	0	0	0	0	0.85	1.00	1	28	40	2
PLAYER_ID	ENTITY_ID	CHASSIS	MODEL	FACING	FROM_X	FROM_Y	TO_X	TO_Y	HEXES_MOVED	DISTANCE	MP_USED	MAX_MP	MP_P	HEAT_P	ARMOR_P	INTERNAL_P	JUMPING	PRONE	LEGAL	STEPS	TEAM_ID	CHANCE_OF_FAILURE	IS_BOT
1	4	Hellion	G	2	9	6	15	2	8	0	11	18	0.61	0.00	0.85	1.00	0	0	1	TURN_LEFT FORWARDS FORWARDS TURN_RIGHT FORWARDS FORWARDS FORWARDS FORWARDS FORWARDS TURN_RIGHT FORWARDS	2	0.00	1
ROUND	PHASE	PLAYER_ID	ENTITY_ID	CHASSIS	MODEL	TYPE	ROLE	X	Y	FACING	MP	HEAT	PRONE	AIRBORNE	OFF_BOARD	CRIPPLED	DESTROYED	ARMOR_P	INTERNAL_P	DONE	MAX_RANGE	TOTAL_DAMAGE	TEAM_ID
3	MOVEMENT	0	1	Emperor	Emperor	BipedMek	JUGGERNAUT	19	0	5	5.00	0.00	0	0	0	0	0	0.95	1.00	0	30	42	1
3	MOVEMENT	0	2	Ostroc	Ostroc	BipedMek	SKIRMISHER	22	11	4	4.00	0.00	0	0	0	0	0	1.00	1.00	0	22	10	1
3	MOVEMENT	1	3	Hankyu	Hankyu	BipedMek	STRIKER	18	4	1	12.00	0.00	0	0	0	0	0	1.00	1.00	0	28	26	2
3	MOVEMENT	1	4	Hellion	Hellion	BipedMek	STRIKER	15	2	2	11.00	0.00	0	0	0	0	0	0.85	1.00	1	28	40	2
PLAYER_ID	ENTITY_ID	CHASSIS	MODEL	FACING	FROM_X	FROM_Y	TO_X	TO_Y	HEXES_MOVED	DISTANCE	MP_USED	MAX_MP	MP_P	HEAT_P	ARMOR_P	INTERNAL_P	JUMPING	PRONE	LEGAL	STEPS	TEAM_ID	CHANCE_OF_FAILURE	IS_BOT
0	1	Emperor	EMP-6ME 'Mercury Elite'	5	20	1	22	2	3	0	3	3	1.00	0.00	0.95	1.00	0	0	1	BACKWARDS BACKWARDS BACKWARDS	1	0.00	0
ROUND	PHASE	PLAYER_ID	ENTITY_ID	CHASSIS	MODEL	TYPE	ROLE	X	Y	FACING	MP	HEAT	PRONE	AIRBORNE	OFF_BOARD	CRIPPLED	DESTROYED	ARMOR_P	INTERNAL_P	DONE	MAX_RANGE	TOTAL_DAMAGE	TEAM_ID
3	MOVEMENT	0	1	Emperor	Emperor	BipedMek	JUGGERNAUT	22	2	5	5.00	0.00	0	0	0	0	0	0.95	1.00	1	30	42	1
3	MOVEMENT	0	2	Ostroc	Ostroc	BipedMek	SKIRMISHER	22	11	4	4.00	0.00	0	0	0	0	0	1.00	1.00	0	22	10	1
3	MOVEMENT	1	3	Hankyu	Hankyu	BipedMek	STRIKER	18	4	1	12.00	0.00	0	0	0	0	0	1.00	1.00	0	28	26	2
3	MOVEMENT	1	4	Hellion	Hellion	BipedMek	STRIKER	15	2	2	11.00	0.00	0	0	0	0	0	0.85	1.00	1	28	40	2
PLAYER_ID	ENTITY_ID	CHASSIS	MODEL	FACING	FROM_X	FROM_Y	TO_X	TO_Y	HEXES_MOVED	DISTANCE	MP_USED	MAX_MP	MP_P	HEAT_P	ARMOR_P	INTERNAL_P	JUMPING	PRONE	LEGAL	STEPS	TEAM_ID	CHANCE_OF_FAILURE	IS_BOT
1	3	Hankyu	Prime	1	18	4	22	3	7	0	12	16	0.75	0.00	1.00	1.00	0	0	1	TURN_LEFT FORWARDS FORWARDS FORWARDS TURN_RIGHT TURN_RIGHT FORWARDS FORWARDS FORWARDS FORWARDS TURN_LEFT	2	0.00	1
ROUND	PHASE	PLAYER_ID	ENTITY_ID	CHASSIS	MODEL	TYPE	ROLE	X	Y	FACING	MP	HEAT	PRONE	AIRBORNE	OFF_BOARD	CRIPPLED	DESTROYED	ARMOR_P	INTERNAL_P	DONE	MAX_RANGE	TOTAL_DAMAGE	TEAM_ID
3	MOVEMENT	0	1	Emperor	Emperor	BipedMek	JUGGERNAUT	22	2	5	5.00	0.00	0	0	0	0	0	0.95	1.00	1	30	42	1
3	MOVEMENT	0	2	Ostroc	Ostroc	BipedMek	SKIRMISHER	22	11	4	4.00	0.00	0	0	0	0	0	1.00	1.00	0	22	10	1
3	MOVEMENT	1	3	Hankyu	Hankyu	BipedMek	STRIKER	22	3	1	12.00	0.00	0	0	0	0	0	1.00	1.00	1	28	26	2
3	MOVEMENT	1	4	Hellion	Hellion	BipedMek	STRIKER	15	2	2	11.00	0.00	0	0	0	0	0	0.85	1.00	1	28	40	2
PLAYER_ID	ENTITY_ID	CHASSIS	MODEL	FACING	FROM_X	FROM_Y	TO_X	TO_Y	HEXES_MOVED	DISTANCE	MP_USED	MAX_MP	MP_P	HEAT_P	ARMOR_P	INTERNAL_P	JUMPING	PRONE	LEGAL	STEPS	TEAM_ID	CHANCE_OF_FAILURE	IS_BOT
0	2	Ostroc	OSR-4K	0	22	11	21	8	3	0	6	8	0.75	0.00	1.00	1.00	0	0	1	TURN_RIGHT FORWARDS TURN_RIGHT FORWARDS FORWARDS	1	0.00	0
ROUND	PHASE	PLAYER_ID	ENTITY_ID	CHASSIS	MODEL	TYPE	ROLE	X	Y	FACING	MP	HEAT	PRONE	AIRBORNE	OFF_BOARD	CRIPPLED	DESTROYED	ARMOR_P	INTERNAL_P	DONE	MAX_RANGE	TOTAL_DAMAGE	TEAM_ID
3	MOVEMENT	0	1	Emperor	Emperor	BipedMek	JUGGERNAUT	22	2	5	5.00	0.00	0	0	0	0	0	0.95	1.00	1	30	42	1
3	MOVEMENT	0	2	Ostroc	Ostroc	BipedMek	SKIRMISHER	21	8	0	4.00	0.00	0	0	0	0	0	1.00	1.00	1	22	10	1
3	MOVEMENT	1	3	Hankyu	Hankyu	BipedMek	STRIKER	22	3	1	12.00	0.00	0	0	0	0	0	1.00	1.00	1	28	26	2
3	MOVEMENT	1	4	Hellion	Hellion	BipedMek	STRIKER	15	2	2	11.00	0.00	0	0	0	0	0	0.85	1.00	1	28	40	2
ROUND	PLAYER_ID	ENTITY_ID	TYPE	ROLE	X	Y	FACING	TARGET_PLAYER_ID	TARGET_ID	TARGET_TYPE	TARGET_ROLE	TARGET_X	TARGET_Y	TARGET_FACING	AIMING_LOC	AIMING_MODE	WEAPON_ID	AMMO_ID	ATA	ATG	GTG	GTA	TO_HIT	TURNS_TO_HIT	SPOTTER_ID
3	1	3	BipedMek	STRIKER	22	3	1	0	1	BipedMek	JUGGERNAUT	22	2	5	-1	NONE	11	-1	0	0	1	0	6.00	0	-1
ROUND	PHASE	PLAYER_ID	ENTITY_ID	CHASSIS	MODEL	TYPE	ROLE	X	Y	FACING	MP	HEAT	PRONE	AIRBORNE	OFF_BOARD	CRIPPLED	DESTROYED	ARMOR_P	INTERNAL_P	DONE	MAX_RANGE	TOTAL_DAMAGE	TEAM_ID
3	OFFBOARD	0	1	Emperor	Emperor	BipedMek	JUGGERNAUT	22	2	5	5.00	0.00	0	0	0	0	0	0.95	1.00	1	30	42	1
3	OFFBOARD	0	2	Ostroc	Ostroc	BipedMek	SKIRMISHER	21	8	0	4.00	0.00	0	0	0	0	0	1.00	1.00	1	22	10	1
3	OFFBOARD	1	3	Hankyu	Hankyu	BipedMek	STRIKER	22	3	1	12.00	0.00	0	0	0	0	0	1.00	1.00	1	28	26	2
3	OFFBOARD	1	4	Hellion	Hellion	BipedMek	STRIKER	15	2	2	11.00	0.00	0	0	0	0	0	0.85	1.00	1	28	40	2
ROUND	PLAYER_ID	ENTITY_ID	TYPE	ROLE	X	Y	FACING	TARGET_PLAYER_ID	TARGET_ID	TARGET_TYPE	TARGET_ROLE	TARGET_X	TARGET_Y	TARGET_FACING	AIMING_LOC	AIMING_MODE	WEAPON_ID	AMMO_ID	ATA	ATG	GTG	GTA	TO_HIT	TURNS_TO_HIT	SPOTTER_ID
3	1	3	BipedMek	STRIKER	22	3	1	0	1	BipedMek	JUGGERNAUT	22	2	5	-1	NONE	4	-1	0	0	1	0	6.00	0	-1
3	1	3	BipedMek	STRIKER	22	3	1	0	1	BipedMek	JUGGERNAUT	22	2	5	-1	NONE	8	-1	0	0	1	0	6.00	0	-1
3	1	3	BipedMek	STRIKER	22	3	1	0	1	BipedMek	JUGGERNAUT	22	2	5	-1	NONE	14	-1	0	0	1	0	6.00	0	-1
3	1	3	BipedMek	STRIKER	22	3	1	0	1	BipedMek	JUGGERNAUT	22	2	5	-1	NONE	5	10	0	0	1	0	6.00	0	-1
3	1	3	BipedMek	STRIKER	22	3	1	0	1	BipedMek	JUGGERNAUT	22	2	5	-1	NONE	9	10	0	0	1	0	6.00	0	-1
3	0	1	BipedMek	JUGGERNAUT	22	2	5	1	3	BipedMek	STRIKER	22	3	1	-1	NONE	3	-1	0	0	1	0	8.00	0	-1
3	0	1	BipedMek	JUGGERNAUT	22	2	5	1	3	BipedMek	STRIKER	22	3	1	-1	NONE	5	-1	0	0	1	0	2147483647.00	0	-1
3	0	1	BipedMek	JUGGERNAUT	22	2	5	1	3	BipedMek	STRIKER	22	3	1	-1	NONE	2	7	0	0	1	0	9.00	0	-1
3	0	1	BipedMek	JUGGERNAUT	22	2	5	1	3	BipedMek	STRIKER	22	3	1	-1	NONE	4	7	0	0	1	0	2147483647.00	0	-1
ROUND	PLAYER_ID	ENTITY_ID	TYPE	ROLE	X	Y	FACING	TARGET_PLAYER_ID	TARGET_ID	TARGET_TYPE	TARGET_ROLE	TARGET_X	TARGET_Y	TARGET_FACING	AIMING_LOC	AIMING_MODE	WEAPON_ID	AMMO_ID	ATA	ATG	GTG	GTA	TO_HIT	TURNS_TO_HIT	SPOTTER_ID
3	1	4	BipedMek	STRIKER	15	2	2	0	1	BipedMek	JUGGERNAUT	22	2	5	-1	NONE	2	-1	0	0	1	0	12.00	0	-1
3	1	4	BipedMek	STRIKER	15	2	2	0	1	BipedMek	JUGGERNAUT	22	2	5	-1	NONE	4	-1	0	0	1	0	12.00	0	-1
3	1	4	BipedMek	STRIKER	15	2	2	0	1	BipedMek	JUGGERNAUT	22	2	5	-1	NONE	5	-1	0	0	1	0	12.00	0	-1
3	1	4	BipedMek	STRIKER	15	2	2	0	1	BipedMek	JUGGERNAUT	22	2	5	-1	NONE	8	9	0	0	1	0	8.00	0	-1
ROUND	PLAYER_ID	ENTITY_ID	TYPE	ROLE	X	Y	FACING	TARGET_PLAYER_ID	TARGET_ID	TARGET_TYPE	TARGET_ROLE	TARGET_X	TARGET_Y	TARGET_FACING	AIMING_LOC	AIMING_MODE	WEAPON_ID	AMMO_ID	ATA	ATG	GTG	GTA	TO_HIT	TURNS_TO_HIT	SPOTTER_ID
3	0	2	BipedMek	SKIRMISHER	21	8	0	1	3	BipedMek	STRIKER	22	3	1	-1	NONE	8	-1	0	0	1	0	9.00	0	-1
3	0	2	BipedMek	SKIRMISHER	21	8	0	1	3	BipedMek	STRIKER	22	3	1	-1	NONE	12	-1	0	0	1	0	9.00	0	-1
ROUND	PHASE	PLAYER_ID	ENTITY_ID	CHASSIS	MODEL	TYPE	ROLE	X	Y	FACING	MP	HEAT	PRONE	AIRBORNE	OFF_BOARD	CRIPPLED	DESTROYED	ARMOR_P	INTERNAL_P	DONE	MAX_RANGE	TOTAL_DAMAGE	TEAM_ID
3	FIRING	0	1	Emperor	Emperor	BipedMek	JUGGERNAUT	22	2	5	5.00	0.00	0	0	0	0	0	0.92	1.00	1	8	42	1
3	FIRING	0	2	Ostroc	Ostroc	BipedMek	SKIRMISHER	21	8	0	4.00	0.00	0	0	0	0	0	1.00	1.00	1	16	10	1
3	FIRING	1	3	Hankyu	Hankyu	BipedMek	STRIKER	22	3	1	12.00	0.00	0	0	0	0	0	0.79	0.92	1	0	26	2
3	FIRING	1	4	Hellion	Hellion	BipedMek	STRIKER	15	2	2	11.00	0.00	0	0	0	0	0	0.85	1.00	1	20	40	2
ROUND	PHASE	PLAYER_ID	ENTITY_ID	CHASSIS	MODEL	TYPE	ROLE	X	Y	FACING	MP	HEAT	PRONE	AIRBORNE	OFF_BOARD	CRIPPLED	DESTROYED	ARMOR_P	INTERNAL_P	DONE	MAX_RANGE	TOTAL_DAMAGE	TEAM_ID
4	TARGETING	0	1	Emperor	Emperor	BipedMek	JUGGERNAUT	22	2	5	3.00	3.00	0	0	0	0	0	0.92	1.00	1	30	42	1
4	TARGETING	0	2	Ostroc	Ostroc	BipedMek	SKIRMISHER	21	8	0	6.00	0.00	0	0	0	0	0	1.00	1.00	1	22	10	1
4	TARGETING	1	3	Hankyu	Hankyu	BipedMek	STRIKER	22	3	1	12.00	0.00	0	0	0	0	0	0.79	0.92	1	28	26	2
4	TARGETING	1	4	Hellion	Hellion	BipedMek	STRIKER	15	2	2	11.00	5.00	0	0	0	0	0	0.85	1.00	1	28	40	2
PLAYER_ID	ENTITY_ID	CHASSIS	MODEL	FACING	FROM_X	FROM_Y	TO_X	TO_Y	HEXES_MOVED	DISTANCE	MP_USED	MAX_MP	MP_P	HEAT_P	ARMOR_P	INTERNAL_P	JUMPING	PRONE	LEGAL	STEPS	TEAM_ID	CHANCE_OF_FAILURE	IS_BOT
0	1	Emperor	EMP-6ME 'Mercury Elite'	5	23	2	25	3	3	0	3	3	1.00	0.14	0.92	1.00	0	0	1	BACKWARDS BACKWARDS BACKWARDS	1	0.00	0
ROUND	PHASE	PLAYER_ID	ENTITY_ID	CHASSIS	MODEL	TYPE	ROLE	X	Y	FACING	MP	HEAT	PRONE	AIRBORNE	OFF_BOARD	CRIPPLED	DESTROYED	ARMOR_P	INTERNAL_P	DONE	MAX_RANGE	TOTAL_DAMAGE	TEAM_ID
4	MOVEMENT	0	1	Emperor	Emperor	BipedMek	JUGGERNAUT	25	3	5	3.00	3.00	0	0	0	0	0	0.92	1.00	1	30	42	1
4	MOVEMENT	0	2	Ostroc	Ostroc	BipedMek	SKIRMISHER	21	8	0	6.00	0.00	0	0	0	0	0	1.00	1.00	0	22	10	1
4	MOVEMENT	1	3	Hankyu	Hankyu	BipedMek	STRIKER	22	3	1	12.00	0.00	0	0	0	0	0	0.79	0.92	0	28	26	2
4	MOVEMENT	1	4	Hellion	Hellion	BipedMek	STRIKER	15	2	2	11.00	5.00	0	0	0	0	0	0.85	1.00	0	28	40	2
PLAYER_ID	ENTITY_ID	CHASSIS	MODEL	FACING	FROM_X	FROM_Y	TO_X	TO_Y	HEXES_MOVED	DISTANCE	MP_USED	MAX_MP	MP_P	HEAT_P	ARMOR_P	INTERNAL_P	JUMPING	PRONE	LEGAL	STEPS	TEAM_ID	CHANCE_OF_FAILURE	IS_BOT
1	4	Hellion	G	2	14	2	14	0	3	0	6	6	1.00	0.23	0.85	1.00	0	0	1	BACKWARDS TURN_RIGHT BACKWARDS BACKWARDS TURN_LEFT	2	0.00	1
ROUND	PHASE	PLAYER_ID	ENTITY_ID	CHASSIS	MODEL	TYPE	ROLE	X	Y	FACING	MP	HEAT	PRONE	AIRBORNE	OFF_BOARD	CRIPPLED	DESTROYED	ARMOR_P	INTERNAL_P	DONE	MAX_RANGE	TOTAL_DAMAGE	TEAM_ID
4	MOVEMENT	0	1	Emperor	Emperor	BipedMek	JUGGERNAUT	25	3	5	3.00	3.00	0	0	0	0	0	0.92	1.00	1	30	42	1
4	MOVEMENT	0	2	Ostroc	Ostroc	BipedMek	SKIRMISHER	21	8	0	6.00	0.00	0	0	0	0	0	1.00	1.00	0	22	10	1
4	MOVEMENT	1	3	Hankyu	Hankyu	BipedMek	STRIKER	22	3	1	12.00	0.00	0	0	0	0	0	0.79	0.92	0	28	26	2
4	MOVEMENT	1	4	Hellion	Hellion	BipedMek	STRIKER	14	0	2	11.00	5.00	0	0	0	0	0	0.85	1.00	1	28	40	2
PLAYER_ID	ENTITY_ID	CHASSIS	MODEL	FACING	FROM_X	FROM_Y	TO_X	TO_Y	HEXES_MOVED	DISTANCE	MP_USED	MAX_MP	MP_P	HEAT_P	ARMOR_P	INTERNAL_P	JUMPING	PRONE	LEGAL	STEPS	TEAM_ID	CHANCE_OF_FAILURE	IS_BOT
0	2	Ostroc	OSR-4K	5	21	8	15	5	6	0	6	6	1.00	0.00	1.00	1.00	1	0	1	START_JUMP TURN_LEFT FORWARDS FORWARDS FORWARDS FORWARDS FORWARDS FORWARDS	1	0.00	0
ROUND	PHASE	PLAYER_ID	ENTITY_ID	CHASSIS	MODEL	TYPE	ROLE	X	Y	FACING	MP	HEAT	PRONE	AIRBORNE	OFF_BOARD	CRIPPLED	DESTROYED	ARMOR_P	INTERNAL_P	DONE	MAX_RANGE	TOTAL_DAMAGE	TEAM_ID
4	MOVEMENT	0	1	Emperor	Emperor	BipedMek	JUGGERNAUT	25	3	5	3.00	3.00	0	0	0	0	0	0.92	1.00	1	30	42	1
4	MOVEMENT	0	2	Ostroc	Ostroc	BipedMek	SKIRMISHER	15	5	5	6.00	0.00	0	0	0	0	0	1.00	1.00	1	22	10	1
4	MOVEMENT	1	3	Hankyu	Hankyu	BipedMek	STRIKER	22	3	1	12.00	0.00	0	0	0	0	0	0.79	0.92	0	28	26	2
4	MOVEMENT	1	4	Hellion	Hellion	BipedMek	STRIKER	14	0	2	11.00	5.00	0	0	0	0	0	0.85	1.00	1	28	40	2
PLAYER_ID	ENTITY_ID	CHASSIS	MODEL	FACING	FROM_X	FROM_Y	TO_X	TO_Y	HEXES_MOVED	DISTANCE	MP_USED	MAX_MP	MP_P	HEAT_P	ARMOR_P	INTERNAL_P	JUMPING	PRONE	LEGAL	STEPS	TEAM_ID	CHANCE_OF_FAILURE	IS_BOT
1	3	Hankyu	Prime	5	22	3	24	4	2	0	4	4	1.00	0.00	0.79	0.92	0	0	1	GET_UP TURN_LEFT TURN_LEFT BACKWARDS BACKWARDS	2	0.00	1
ROUND	PHASE	PLAYER_ID	ENTITY_ID	CHASSIS	MODEL	TYPE	ROLE	X	Y	FACING	MP	HEAT	PRONE	AIRBORNE	OFF_BOARD	CRIPPLED	DESTROYED	ARMOR_P	INTERNAL_P	DONE	MAX_RANGE	TOTAL_DAMAGE	TEAM_ID
4	MOVEMENT	0	1	Emperor	Emperor	BipedMek	JUGGERNAUT	25	3	5	3.00	3.00	0	0	0	0	0	0.92	1.00	1	30	42	1
4	MOVEMENT	0	2	Ostroc	Ostroc	BipedMek	SKIRMISHER	15	5	5	6.00	0.00	0	0	0	0	0	1.00	1.00	1	22	10	1
4	MOVEMENT	1	3	Hankyu	Hankyu	BipedMek	STRIKER	24	4	5	12.00	0.00	0	0	0	0	0	0.79	0.92	1	28	26	2
4	MOVEMENT	1	4	Hellion	Hellion	BipedMek	STRIKER	14	0	2	11.00	5.00	0	0	0	0	0	0.85	1.00	1	28	40	2
ROUND	PLAYER_ID	ENTITY_ID	TYPE	ROLE	X	Y	FACING	TARGET_PLAYER_ID	TARGET_ID	TARGET_TYPE	TARGET_ROLE	TARGET_X	TARGET_Y	TARGET_FACING	AIMING_LOC	AIMING_MODE	WEAPON_ID	AMMO_ID	ATA	ATG	GTG	GTA	TO_HIT	TURNS_TO_HIT	SPOTTER_ID
4	1	3	BipedMek	STRIKER	24	4	5	0	2	BipedMek	SKIRMISHER	15	5	5	-1	NONE	11	-1	0	0	1	0	9.00	0	-1
ROUND	PHASE	PLAYER_ID	ENTITY_ID	CHASSIS	MODEL	TYPE	ROLE	X	Y	FACING	MP	HEAT	PRONE	AIRBORNE	OFF_BOARD	CRIPPLED	DESTROYED	ARMOR_P	INTERNAL_P	DONE	MAX_RANGE	TOTAL_DAMAGE	TEAM_ID
4	OFFBOARD	0	1	Emperor	Emperor	BipedMek	JUGGERNAUT	25	3	5	3.00	3.00	0	0	0	0	0	0.92	1.00	1	30	42	1
4	OFFBOARD	0	2	Ostroc	Ostroc	BipedMek	SKIRMISHER	15	5	5	6.00	0.00	0	0	0	0	0	1.00	1.00	1	22	10	1
4	OFFBOARD	1	3	Hankyu	Hankyu	BipedMek	STRIKER	24	4	5	12.00	0.00	0	0	0	0	0	0.79	0.92	1	28	26	2
4	OFFBOARD	1	4	Hellion	Hellion	BipedMek	STRIKER	14	0	2	11.00	5.00	0	0	0	0	0	0.85	1.00	1	28	40	2
4	0	1	BipedMek	JUGGERNAUT	25	3	5	1	3	BipedMek	STRIKER	24	4	5	-1	NONE	2	7	0	0	1	0	6.00	0	-1
4	0	1	BipedMek	JUGGERNAUT	25	3	5	1	3	BipedMek	STRIKER	24	4	5	-1	NONE	4	7	0	0	1	0	6.00	0	-1
4	0	1	BipedMek	JUGGERNAUT	25	3	5	1	3	BipedMek	STRIKER	24	4	5	-1	NONE	6	-1	0	0	1	0	3.00	0	-1
4	0	1	BipedMek	JUGGERNAUT	25	3	5	1	3	BipedMek	STRIKER	24	4	5	-1	NONE	10	-1	0	0	1	0	3.00	0	-1
4	1	3	BipedMek	STRIKER	24	4	5	0	1	BipedMek	JUGGERNAUT	25	3	5	-1	NONE	4	-1	0	0	1	0	2147483647.00	0	-1
4	1	3	BipedMek	STRIKER	24	4	5	0	1	BipedMek	JUGGERNAUT	25	3	5	-1	NONE	8	-1	0	0	1	0	5.00	0	-1
4	1	3	BipedMek	STRIKER	24	4	5	0	1	BipedMek	JUGGERNAUT	25	3	5	-1	NONE	14	-1	0	0	1	0	2147483647.00	0	-1
4	1	3	BipedMek	STRIKER	24	4	5	0	1	BipedMek	JUGGERNAUT	25	3	5	-1	NONE	5	10	0	0	1	0	2147483647.00	0	-1
4	1	3	BipedMek	STRIKER	24	4	5	0	1	BipedMek	JUGGERNAUT	25	3	5	-1	NONE	9	10	0	0	1	0	5.00	0	-1
4	0	2	BipedMek	SKIRMISHER	15	5	5	1	4	BipedMek	STRIKER	14	0	2	-1	NONE	8	-1	0	0	1	0	9.00	0	-1
4	0	2	BipedMek	SKIRMISHER	15	5	5	1	4	BipedMek	STRIKER	14	0	2	-1	NONE	12	-1	0	0	1	0	9.00	0	-1
ROUND	PLAYER_ID	ENTITY_ID	TYPE	ROLE	X	Y	FACING	TARGET_PLAYER_ID	TARGET_ID	TARGET_TYPE	TARGET_ROLE	TARGET_X	TARGET_Y	TARGET_FACING	AIMING_LOC	AIMING_MODE	WEAPON_ID	AMMO_ID	ATA	ATG	GTG	GTA	TO_HIT	TURNS_TO_HIT	SPOTTER_ID
4	1	4	BipedMek	STRIKER	14	0	2	0	2	BipedMek	SKIRMISHER	15	5	5	-1	NONE	2	-1	0	0	1	0	10.00	0	-1
4	1	4	BipedMek	STRIKER	14	0	2	0	2	BipedMek	SKIRMISHER	15	5	5	-1	NONE	4	-1	0	0	1	0	10.00	0	-1
4	1	4	BipedMek	STRIKER	14	0	2	0	2	BipedMek	SKIRMISHER	15	5	5	-1	NONE	8	9	0	0	1	0	8.00	0	-1
ROUND	PHASE	PLAYER_ID	ENTITY_ID	CHASSIS	MODEL	TYPE	ROLE	X	Y	FACING	MP	HEAT	PRONE	AIRBORNE	OFF_BOARD	CRIPPLED	DESTROYED	ARMOR_P	INTERNAL_P	DONE	MAX_RANGE	TOTAL_DAMAGE	TEAM_ID
4	FIRING	0	1	Emperor	Emperor	BipedMek	JUGGERNAUT	25	3	5	3.00	3.00	0	0	0	0	0	0.89	1.00	1	22	42	1
4	FIRING	0	2	Ostroc	Ostroc	BipedMek	SKIRMISHER	15	5	5	6.00	0.00	0	0	0	0	0	1.00	1.00	1	16	10	1
4	FIRING	1	3	Hankyu	Hankyu	BipedMek	STRIKER	24	4	5	12.00	0.00	0	0	0	0	0	0.62	0.71	1	0	26	2
4	FIRING	1	4	Hellion	Hellion	BipedMek	STRIKER	14	0	2	11.00	5.00	0	0	0	0	0	0.85	1.00	1	20	40	2
ROUND	PLAYER_ID	ENTITY_ID	TYPE	ROLE	X	Y	FACING	TARGET_PLAYER_ID	TARGET_ID	TARGET_TYPE	TARGET_ROLE	TARGET_X	TARGET_Y	TARGET_FACING	AIMING_LOC	AIMING_MODE	WEAPON_ID	AMMO_ID	ATA	ATG	GTG	GTA	TO_HIT	TURNS_TO_HIT	SPOTTER_ID
4	0	1	BipedMek	JUGGERNAUT	25	3	5	1	3	BipedMek	STRIKER	24	4	5	-1	NONE	-1	-1	0	0	0	0	0	0	-1
ROUND	PHASE	PLAYER_ID	ENTITY_ID	CHASSIS	MODEL	TYPE	ROLE	X	Y	FACING	MP	HEAT	PRONE	AIRBORNE	OFF_BOARD	CRIPPLED	DESTROYED	ARMOR_P	INTERNAL_P	DONE	MAX_RANGE	TOTAL_DAMAGE	TEAM_ID
5	TARGETING	0	1	Emperor	Emperor	BipedMek	JUGGERNAUT	25	3	5	3.00	0.00	0	0	0	0	0	0.89	1.00	1	30	42	1
5	TARGETING	0	2	Ostroc	Ostroc	BipedMek	SKIRMISHER	15	5	5	6.00	1.00	0	0	0	0	0	1.00	1.00	1	22	10	1
5	TARGETING	1	3	Hankyu	Hankyu	BipedMek	STRIKER	24	4	4	4.00	11.00	1	0	0	1	0	0.43	0.49	1	28	12	2
5	TARGETING	1	4	Hellion	Hellion	BipedMek	STRIKER	14	0	2	6.00	2.00	0	0	0	0	0	0.85	1.00	1	28	40	2
PLAYER_ID	ENTITY_ID	CHASSIS	MODEL	FACING	FROM_X	FROM_Y	TO_X	TO_Y	HEXES_MOVED	DISTANCE	MP_USED	MAX_MP	MP_P	HEAT_P	ARMOR_P	INTERNAL_P	JUMPING	PRONE	LEGAL	STEPS	TEAM_ID	CHANCE_OF_FAILURE	IS_BOT
1	3	Hankyu	Prime	4	24	4	24	4	0	0	0	0	0.00	0.61	0.43	0.49	0	1	1	EJECT	2	0.00	1
ROUND	PHASE	PLAYER_ID	ENTITY_ID	CHASSIS	MODEL	TYPE	ROLE	X	Y	FACING	MP	HEAT	PRONE	AIRBORNE	OFF_BOARD	CRIPPLED	DESTROYED	ARMOR_P	INTERNAL_P	DONE	MAX_RANGE	TOTAL_DAMAGE	TEAM_ID
5	MOVEMENT	0	1	Emperor	Emperor	BipedMek	JUGGERNAUT	25	3	5	3.00	0.00	0	0	0	0	0	0.89	1.00	0	30	42	1
5	MOVEMENT	0	2	Ostroc	Ostroc	BipedMek	SKIRMISHER	15	5	5	6.00	1.00	0	0	0	0	0	1.00	1.00	0	22	10	1
5	MOVEMENT	1	4	Hellion	Hellion	BipedMek	STRIKER	14	0	2	6.00	2.00	0	0	0	0	0	0.85	1.00	0	28	40	2
PLAYER_ID	ENTITY_ID	CHASSIS	MODEL	FACING	FROM_X	FROM_Y	TO_X	TO_Y	HEXES_MOVED	DISTANCE	MP_USED	MAX_MP	MP_P	HEAT_P	ARMOR_P	INTERNAL_P	JUMPING	PRONE	LEGAL	STEPS	TEAM_ID	CHANCE_OF_FAILURE	IS_BOT
0	1	Emperor	EMP-6ME 'Mercury Elite'	4	24	3	21	2	4	0	5	6	0.83	0.00	0.89	1.00	0	0	1	FORWARDS FORWARDS FORWARDS TURN_LEFT FORWARDS	1	0.00	0
ROUND	PHASE	PLAYER_ID	ENTITY_ID	CHASSIS	MODEL	TYPE	ROLE	X	Y	FACING	MP	HEAT	PRONE	AIRBORNE	OFF_BOARD	CRIPPLED	DESTROYED	ARMOR_P	INTERNAL_P	DONE	MAX_RANGE	TOTAL_DAMAGE	TEAM_ID
5	MOVEMENT	0	1	Emperor	Emperor	BipedMek	JUGGERNAUT	21	2	4	3.00	0.00	0	0	0	0	0	0.89	1.00	1	30	42	1
5	MOVEMENT	0	2	Ostroc	Ostroc	BipedMek	SKIRMISHER	15	5	5	6.00	1.00	0	0	0	0	0	1.00	1.00	0	22	10	1
5	MOVEMENT	1	4	Hellion	Hellion	BipedMek	STRIKER	14	0	2	6.00	2.00	0	0	0	0	0	0.85	1.00	0	28	40	2
PLAYER_ID	ENTITY_ID	CHASSIS	MODEL	FACING	FROM_X	FROM_Y	TO_X	TO_Y	HEXES_MOVED	DISTANCE	MP_USED	MAX_MP	MP_P	HEAT_P	ARMOR_P	INTERNAL_P	JUMPING	PRONE	LEGAL	STEPS	TEAM_ID	CHANCE_OF_FAILURE	IS_BOT
1	4	Hellion	G	3	14	0	16	6	7	0	10	18	0.56	0.09	0.85	1.00	0	0	1	TURN_RIGHT FORWARDS FORWARDS FORWARDS TURN_LEFT FORWARDS FORWARDS TURN_RIGHT FORWARDS FORWARDS	2	0.00	1
ROUND	PHASE	PLAYER_ID	ENTITY_ID	CHASSIS	MODEL	TYPE	ROLE	X	Y	FACING	MP	HEAT	PRONE	AIRBORNE	OFF_BOARD	CRIPPLED	DESTROYED	ARMOR_P	INTERNAL_P	DONE	MAX_RANGE	TOTAL_DAMAGE	TEAM_ID
5	MOVEMENT	0	1	Emperor	Emperor	BipedMek	JUGGERNAUT	21	2	4	3.00	0.00	0	0	0	0	0	0.89	1.00	1	30	42	1
5	MOVEMENT	0	2	Ostroc	Ostroc	BipedMek	SKIRMISHER	15	5	5	6.00	1.00	0	0	0	0	0	1.00	1.00	0	22	10	1
5	MOVEMENT	1	4	Hellion	Hellion	BipedMek	STRIKER	16	6	3	6.00	2.00	0	0	0	0	0	0.85	1.00	1	28	40	2
PLAYER_ID	ENTITY_ID	CHASSIS	MODEL	FACING	FROM_X	FROM_Y	TO_X	TO_Y	HEXES_MOVED	DISTANCE	MP_USED	MAX_MP	MP_P	HEAT_P	ARMOR_P	INTERNAL_P	JUMPING	PRONE	LEGAL	STEPS	TEAM_ID	CHANCE_OF_FAILURE	IS_BOT
0	2	Ostroc	OSR-4K	2	15	5	16	5	1	0	4	8	0.50	0.05	1.00	1.00	0	0	1	TURN_RIGHT TURN_RIGHT FORWARDS TURN_RIGHT	1	0.00	0
ROUND	PHASE	PLAYER_ID	ENTITY_ID	CHASSIS	MODEL	TYPE	ROLE	X	Y	FACING	MP	HEAT	PRONE	AIRBORNE	OFF_BOARD	CRIPPLED	DESTROYED	ARMOR_P	INTERNAL_P	DONE	MAX_RANGE	TOTAL_DAMAGE	TEAM_ID
5	MOVEMENT	0	1	Emperor	Emperor	BipedMek	JUGGERNAUT	21	2	4	3.00	0.00	0	0	0	0	0	0.89	1.00	1	30	42	1
5	MOVEMENT	0	2	Ostroc	Ostroc	BipedMek	SKIRMISHER	16	5	2	6.00	1.00	0	0	0	0	0	1.00	1.00	1	22	10	1
5	MOVEMENT	1	4	Hellion	Hellion	BipedMek	STRIKER	16	6	3	6.00	2.00	0	0	0	0	0	0.85	1.00	1	28	40	2
ROUND	PHASE	PLAYER_ID	ENTITY_ID	CHASSIS	MODEL	TYPE	ROLE	X	Y	FACING	MP	HEAT	PRONE	AIRBORNE	OFF_BOARD	CRIPPLED	DESTROYED	ARMOR_P	INTERNAL_P	DONE	MAX_RANGE	TOTAL_DAMAGE	TEAM_ID
5	OFFBOARD	0	1	Emperor	Emperor	BipedMek	JUGGERNAUT	21	2	4	3.00	0.00	0	0	0	0	0	0.89	1.00	1	30	42	1
5	OFFBOARD	0	2	Ostroc	Ostroc	BipedMek	SKIRMISHER	16	5	2	6.00	1.00	0	0	0	0	0	1.00	1.00	1	22	10	1
5	OFFBOARD	1	4	Hellion	Hellion	BipedMek	STRIKER	16	6	3	6.00	2.00	0	0	0	0	0	0.85	1.00	1	28	40	2
5	1	4	BipedMek	STRIKER	16	6	3	0	2	BipedMek	SKIRMISHER	16	5	2	-1	NONE	4	-1	0	0	1	0	2147483647.00	0	-1
5	1	4	BipedMek	STRIKER	16	6	3	0	2	BipedMek	SKIRMISHER	16	5	2	-1	NONE	5	-1	0	0	1	0	2147483647.00	0	-1
ROUND	PLAYER_ID	ENTITY_ID	TYPE	ROLE	X	Y	FACING	TARGET_PLAYER_ID	TARGET_ID	TARGET_TYPE	TARGET_ROLE	TARGET_X	TARGET_Y	TARGET_FACING	AIMING_LOC	AIMING_MODE	WEAPON_ID	AMMO_ID	ATA	ATG	GTG	GTA	TO_HIT	TURNS_TO_HIT	SPOTTER_ID
5	0	1	BipedMek	JUGGERNAUT	21	2	4	1	4	BipedMek	STRIKER	16	6	3	-1	NONE	3	-1	0	0	1	0	11.00	0	-1
5	0	1	BipedMek	JUGGERNAUT	21	2	4	1	4	BipedMek	STRIKER	16	6	3	-1	NONE	5	-1	0	0	1	0	11.00	0	-1
5	0	2	BipedMek	SKIRMISHER	16	5	2	1	4	BipedMek	STRIKER	16	6	3	-1	NONE	8	-1	0	0	1	0	8.00	0	-1
5	0	2	BipedMek	SKIRMISHER	16	5	2	1	4	BipedMek	STRIKER	16	6	3	-1	NONE	12	-1	0	0	1	0	8.00	0	-1
ROUND	PHASE	PLAYER_ID	ENTITY_ID	CHASSIS	MODEL	TYPE	ROLE	X	Y	FACING	MP	HEAT	PRONE	AIRBORNE	OFF_BOARD	CRIPPLED	DESTROYED	ARMOR_P	INTERNAL_P	DONE	MAX_RANGE	TOTAL_DAMAGE	TEAM_ID
5	FIRING	0	1	Emperor	Emperor	BipedMek	JUGGERNAUT	21	2	4	3.00	0.00	0	0	0	0	0	0.89	1.00	1	30	42	1
5	FIRING	0	2	Ostroc	Ostroc	BipedMek	SKIRMISHER	16	5	2	6.00	1.00	0	0	0	0	0	0.94	0.99	1	16	10	1
5	FIRING	1	4	Hellion	Hellion	BipedMek	STRIKER	16	6	3	6.00	2.00	0	0	0	0	0	0.85	1.00	1	28	40	2
ROUND	PLAYER_ID	ENTITY_ID	TYPE	ROLE	X	Y	FACING	TARGET_PLAYER_ID	TARGET_ID	TARGET_TYPE	TARGET_ROLE	TARGET_X	TARGET_Y	TARGET_FACING	AIMING_LOC	AIMING_MODE	WEAPON_ID	AMMO_ID	ATA	ATG	GTG	GTA	TO_HIT	TURNS_TO_HIT	SPOTTER_ID
5	0	2	BipedMek	SKIRMISHER	16	5	2	1	4	BipedMek	STRIKER	16	6	3	-1	NONE	-1	-1	0	0	0	0	0	0	-1
ROUND	PHASE	PLAYER_ID	ENTITY_ID	CHASSIS	MODEL	TYPE	ROLE	X	Y	FACING	MP	HEAT	PRONE	AIRBORNE	OFF_BOARD	CRIPPLED	DESTROYED	ARMOR_P	INTERNAL_P	DONE	MAX_RANGE	TOTAL_DAMAGE	TEAM_ID
6	TARGETING	0	1	Emperor	Emperor	BipedMek	JUGGERNAUT	21	2	4	5.00	0.00	0	0	0	0	0	0.89	1.00	1	30	42	1
6	TARGETING	0	2	Ostroc	Ostroc	BipedMek	SKIRMISHER	16	5	2	4.00	0.00	0	0	0	0	0	0.94	0.99	1	22	10	1
6	TARGETING	1	4	Hellion	Hellion	BipedMek	STRIKER	16	6	3	10.00	0.00	0	0	0	0	0	0.85	1.00	1	28	40	2
PLAYER_ID	ENTITY_ID	CHASSIS	MODEL	FACING	FROM_X	FROM_Y	TO_X	TO_Y	HEXES_MOVED	DISTANCE	MP_USED	MAX_MP	MP_P	HEAT_P	ARMOR_P	INTERNAL_P	JUMPING	PRONE	LEGAL	STEPS	TEAM_ID	CHANCE_OF_FAILURE	IS_BOT
0	1	Emperor	EMP-6ME 'Mercury Elite'	4	20	3	19	3	2	0	4	6	0.67	0.00	0.89	1.00	0	0	1	FORWARDS FORWARDS	1	0.00	0
ROUND	PHASE	PLAYER_ID	ENTITY_ID	CHASSIS	MODEL	TYPE	ROLE	X	Y	FACING	MP	HEAT	PRONE	AIRBORNE	OFF_BOARD	CRIPPLED	DESTROYED	ARMOR_P	INTERNAL_P	DONE	MAX_RANGE	TOTAL_DAMAGE	TEAM_ID
6	MOVEMENT	0	1	Emperor	Emperor	BipedMek	JUGGERNAUT	19	3	4	5.00	0.00	0	0	0	0	0	0.89	1.00	1	30	42	1
6	MOVEMENT	0	2	Ostroc	Ostroc	BipedMek	SKIRMISHER	16	5	2	4.00	0.00	0	0	0	0	0	0.94	0.99	0	22	10	1
6	MOVEMENT	1	4	Hellion	Hellion	BipedMek	STRIKER	16	6	3	10.00	0.00	0	0	0	0	0	0.85	1.00	0	28	40	2
PLAYER_ID	ENTITY_ID	CHASSIS	MODEL	FACING	FROM_X	FROM_Y	TO_X	TO_Y	HEXES_MOVED	DISTANCE	MP_USED	MAX_MP	MP_P	HEAT_P	ARMOR_P	INTERNAL_P	JUMPING	PRONE	LEGAL	STEPS	TEAM_ID	CHANCE_OF_FAILURE	IS_BOT
0	2	Ostroc	OSR-4K	2	15	4	12	3	4	0	4	4	1.00	0.00	0.94	0.99	0	0	1	BACKWARDS BACKWARDS BACKWARDS BACKWARDS	1	0.00	0
ROUND	PHASE	PLAYER_ID	ENTITY_ID	CHASSIS	MODEL	TYPE	ROLE	X	Y	FACING	MP	HEAT	PRONE	AIRBORNE	OFF_BOARD	CRIPPLED	DESTROYED	ARMOR_P	INTERNAL_P	DONE	MAX_RANGE	TOTAL_DAMAGE	TEAM_ID
6	MOVEMENT	0	1	Emperor	Emperor	BipedMek	JUGGERNAUT	19	3	4	5.00	0.00	0	0	0	0	0	0.89	1.00	1	30	42	1
6	MOVEMENT	0	2	Ostroc	Ostroc	BipedMek	SKIRMISHER	12	3	2	4.00	0.00	0	0	0	0	0	0.94	0.99	1	22	10	1
6	MOVEMENT	1	4	Hellion	Hellion	BipedMek	STRIKER	16	6	3	10.00	0.00	0	0	0	0	0	0.85	1.00	0	28	40	2
PLAYER_ID	ENTITY_ID	CHASSIS	MODEL	FACING	FROM_X	FROM_Y	TO_X	TO_Y	HEXES_MOVED	DISTANCE	MP_USED	MAX_MP	MP_P	HEAT_P	ARMOR_P	INTERNAL_P	JUMPING	PRONE	LEGAL	STEPS	TEAM_ID	CHANCE_OF_FAILURE	IS_BOT
1	4	Hellion	G	2	16	6	19	2	5	0	11	18	0.61	0.00	0.85	1.00	0	0	1	TURN_RIGHT TURN_RIGHT TURN_RIGHT FORWARDS FORWARDS TURN_RIGHT FORWARDS FORWARDS FORWARDS TURN_RIGHT	2	0.00	1
ROUND	PHASE	PLAYER_ID	ENTITY_ID	CHASSIS	MODEL	TYPE	ROLE	X	Y	FACING	MP	HEAT	PRONE	AIRBORNE	OFF_BOARD	CRIPPLED	DESTROYED	ARMOR_P	INTERNAL_P	DONE	MAX_RANGE	TOTAL_DAMAGE	TEAM_ID
6	MOVEMENT	0	1	Emperor	Emperor	BipedMek	JUGGERNAUT	19	3	4	5.00	0.00	0	0	0	0	0	0.89	1.00	1	30	42	1
6	MOVEMENT	0	2	Ostroc	Ostroc	BipedMek	SKIRMISHER	12	3	2	4.00	0.00	0	0	0	0	0	0.94	0.99	1	22	10	1
6	MOVEMENT	1	4	Hellion	Hellion	BipedMek	STRIKER	19	2	2	10.00	0.00	0	0	0	0	0	0.85	1.00	1	28	40	2
ROUND	PHASE	PLAYER_ID	ENTITY_ID	CHASSIS	MODEL	TYPE	ROLE	X	Y	FACING	MP	HEAT	PRONE	AIRBORNE	OFF_BOARD	CRIPPLED	DESTROYED	ARMOR_P	INTERNAL_P	DONE	MAX_RANGE	TOTAL_DAMAGE	TEAM_ID
6	OFFBOARD	0	1	Emperor	Emperor	BipedMek	JUGGERNAUT	19	3	4	5.00	0.00	0	0	0	0	0	0.89	1.00	1	30	42	1
6	OFFBOARD	0	2	Ostroc	Ostroc	BipedMek	SKIRMISHER	12	3	2	4.00	0.00	0	0	0	0	0	0.94	0.99	1	22	10	1
6	OFFBOARD	1	4	Hellion	Hellion	BipedMek	STRIKER	19	2	2	10.00	0.00	0	0	0	0	0	0.85	1.00	1	28	40	2
6	0	1	BipedMek	JUGGERNAUT	19	3	4	1	4	BipedMek	STRIKER	19	2	2	-1	NONE	6	-1	0	0	1	0	2147483647.00	0	-1
6	0	1	BipedMek	JUGGERNAUT	19	3	4	1	4	BipedMek	STRIKER	19	2	2	-1	NONE	10	-1	0	0	1	0	2147483647.00	0	-1
6	0	1	BipedMek	JUGGERNAUT	19	3	4	1	4	BipedMek	STRIKER	19	2	2	-1	NONE	3	-1	0	0	1	0	2147483647.00	0	-1
ROUND	PLAYER_ID	ENTITY_ID	TYPE	ROLE	X	Y	FACING	TARGET_PLAYER_ID	TARGET_ID	TARGET_TYPE	TARGET_ROLE	TARGET_X	TARGET_Y	TARGET_FACING	AIMING_LOC	AIMING_MODE	WEAPON_ID	AMMO_ID	ATA	ATG	GTG	GTA	TO_HIT	TURNS_TO_HIT	SPOTTER_ID
6	0	2	BipedMek	SKIRMISHER	12	3	2	1	4	BipedMek	STRIKER	19	2	2	-1	NONE	8	-1	0	0	1	0	10.00	0	-1
6	0	2	BipedMek	SKIRMISHER	12	3	2	1	4	BipedMek	STRIKER	19	2	2	-1	NONE	12	-1	0	0	1	0	10.00	0	-1
ROUND	PLAYER_ID	ENTITY_ID	TYPE	ROLE	X	Y	FACING	TARGET_PLAYER_ID	TARGET_ID	TARGET_TYPE	TARGET_ROLE	TARGET_X	TARGET_Y	TARGET_FACING	AIMING_LOC	AIMING_MODE	WEAPON_ID	AMMO_ID	ATA	ATG	GTG	GTA	TO_HIT	TURNS_TO_HIT	SPOTTER_ID
6	1	4	BipedMek	STRIKER	19	2	2	0	1	BipedMek	JUGGERNAUT	19	3	4	-1	NONE	2	-1	0	0	1	0	7.00	0	-1
6	1	4	BipedMek	STRIKER	19	2	2	0	1	BipedMek	JUGGERNAUT	19	3	4	-1	NONE	4	-1	0	0	1	0	7.00	0	-1
6	1	4	BipedMek	STRIKER	19	2	2	0	1	BipedMek	JUGGERNAUT	19	3	4	-1	NONE	5	-1	0	0	1	0	7.00	0	-1
6	1	4	BipedMek	STRIKER	19	2	2	0	1	BipedMek	JUGGERNAUT	19	3	4	-1	NONE	8	9	0	0	1	0	7.00	0	-1
ROUND	PHASE	PLAYER_ID	ENTITY_ID	CHASSIS	MODEL	TYPE	ROLE	X	Y	FACING	MP	HEAT	PRONE	AIRBORNE	OFF_BOARD	CRIPPLED	DESTROYED	ARMOR_P	INTERNAL_P	DONE	MAX_RANGE	TOTAL_DAMAGE	TEAM_ID
6	FIRING	0	1	Emperor	Emperor	BipedMek	JUGGERNAUT	19	3	4	5.00	0.00	0	0	0	0	0	0.83	1.00	1	30	42	1
6	FIRING	0	2	Ostroc	Ostroc	BipedMek	SKIRMISHER	12	3	2	4.00	0.00	0	0	0	0	0	0.94	0.99	1	16	10	1
6	FIRING	1	4	Hellion	Hellion	BipedMek	STRIKER	19	2	2	10.00	0.00	0	0	0	0	0	0.70	1.00	1	20	40	2
ROUND	PLAYER_ID	ENTITY_ID	TYPE	ROLE	X	Y	FACING	TARGET_PLAYER_ID	TARGET_ID	TARGET_TYPE	TARGET_ROLE	TARGET_X	TARGET_Y	TARGET_FACING	AIMING_LOC	AIMING_MODE	WEAPON_ID	AMMO_ID	ATA	ATG	GTG	GTA	TO_HIT	TURNS_TO_HIT	SPOTTER_ID
6	0	1	BipedMek	JUGGERNAUT	19	3	4	1	4	BipedMek	STRIKER	19	2	2	-1	NONE	-1	-1	0	0	0	0	0	0	-1
ROUND	PLAYER_ID	ENTITY_ID	TYPE	ROLE	X	Y	FACING	TARGET_PLAYER_ID	TARGET_ID	TARGET_TYPE	TARGET_ROLE	TARGET_X	TARGET_Y	TARGET_FACING	AIMING_LOC	AIMING_MODE	WEAPON_ID	AMMO_ID	ATA	ATG	GTG	GTA	TO_HIT	TURNS_TO_HIT	SPOTTER_ID
6	1	4	BipedMek	STRIKER	19	2	2	0	1	BipedMek	JUGGERNAUT	19	3	4	-1	NONE	-1	-1	0	0	0	0	0	0	-1
ROUND	PHASE	PLAYER_ID	ENTITY_ID	CHASSIS	MODEL	TYPE	ROLE	X	Y	FACING	MP	HEAT	PRONE	AIRBORNE	OFF_BOARD	CRIPPLED	DESTROYED	ARMOR_P	INTERNAL_P	DONE	MAX_RANGE	TOTAL_DAMAGE	TEAM_ID
7	TARGETING	0	1	Emperor	Emperor	BipedMek	JUGGERNAUT	19	3	4	4.00	0.00	0	0	0	0	0	0.80	1.00	1	30	42	1
7	TARGETING	0	2	Ostroc	Ostroc	BipedMek	SKIRMISHER	12	3	2	4.00	0.00	0	0	0	0	0	0.94	0.99	1	22	10	1
7	TARGETING	1	4	Hellion	Hellion	BipedMek	STRIKER	19	2	2	11.00	5.00	0	0	0	0	0	0.70	1.00	1	28	40	2
PLAYER_ID	ENTITY_ID	CHASSIS	MODEL	FACING	FROM_X	FROM_Y	TO_X	TO_Y	HEXES_MOVED	DISTANCE	MP_USED	MAX_MP	MP_P	HEAT_P	ARMOR_P	INTERNAL_P	JUMPING	PRONE	LEGAL	STEPS	TEAM_ID	CHANCE_OF_FAILURE	IS_BOT
1	4	Hellion	G	4	19	2	21	2	5	0	9	15	0.60	0.23	0.70	1.00	0	0	1	TURN_LEFT FORWARDS FORWARDS FORWARDS TURN_RIGHT TURN_RIGHT FORWARDS TURN_RIGHT FORWARDS	2	0.00	1
ROUND	PHASE	PLAYER_ID	ENTITY_ID	CHASSIS	MODEL	TYPE	ROLE	X	Y	FACING	MP	HEAT	PRONE	AIRBORNE	OFF_BOARD	CRIPPLED	DESTROYED	ARMOR_P	INTERNAL_P	DONE	MAX_RANGE	TOTAL_DAMAGE	TEAM_ID
7	MOVEMENT	0	1	Emperor	Emperor	BipedMek	JUGGERNAUT	19	3	4	4.00	0.00	0	0	0	0	0	0.80	1.00	0	30	42	1
7	MOVEMENT	0	2	Ostroc	Ostroc	BipedMek	SKIRMISHER	12	3	2	4.00	0.00	0	0	0	0	0	0.94	0.99	0	22	10	1
7	MOVEMENT	1	4	Hellion	Hellion	BipedMek	STRIKER	21	2	4	11.00	5.00	0	0	0	0	0	0.70	1.00	1	28	40	2
PLAYER_ID	ENTITY_ID	CHASSIS	MODEL	FACING	FROM_X	FROM_Y	TO_X	TO_Y	HEXES_MOVED	DISTANCE	MP_USED	MAX_MP	MP_P	HEAT_P	ARMOR_P	INTERNAL_P	JUMPING	PRONE	LEGAL	STEPS	TEAM_ID	CHANCE_OF_FAILURE	IS_BOT
0	1	Emperor	EMP-6ME 'Mercury Elite'	2	19	3	18	3	1	0	3	3	1.00	0.00	0.80	1.00	0	0	1	TURN_LEFT TURN_LEFT BACKWARDS	1	0.00	0
ROUND	PHASE	PLAYER_ID	ENTITY_ID	CHASSIS	MODEL	TYPE	ROLE	X	Y	FACING	MP	HEAT	PRONE	AIRBORNE	OFF_BOARD	CRIPPLED	DESTROYED	ARMOR_P	INTERNAL_P	DONE	MAX_RANGE	TOTAL_DAMAGE	TEAM_ID
7	MOVEMENT	0	1	Emperor	Emperor	BipedMek	JUGGERNAUT	18	3	2	4.00	0.00	0	0	0	0	0	0.80	1.00	1	30	42	1
7	MOVEMENT	0	2	Ostroc	Ostroc	BipedMek	SKIRMISHER	12	3	2	4.00	0.00	0	0	0	0	0	0.94	0.99	0	22	10	1
7	MOVEMENT	1	4	Hellion	Hellion	BipedMek	STRIKER	21	2	4	11.00	5.00	0	0	0	0	0	0.70	1.00	1	28	40	2
PLAYER_ID	ENTITY_ID	CHASSIS	MODEL	FACING	FROM_X	FROM_Y	TO_X	TO_Y	HEXES_MOVED	DISTANCE	MP_USED	MAX_MP	MP_P	HEAT_P	ARMOR_P	INTERNAL_P	JUMPING	PRONE	LEGAL	STEPS	TEAM_ID	CHANCE_OF_FAILURE	IS_BOT
0	2	Ostroc	OSR-4K	2	13	3	16	5	4	0	4	8	0.50	0.00	0.94	0.99	0	0	1	FORWARDS FORWARDS FORWARDS FORWARDS	1	0.00	0
ROUND	PHASE	PLAYER_ID	ENTITY_ID	CHASSIS	MODEL	TYPE	ROLE	X	Y	FACING	MP	HEAT	PRONE	AIRBORNE	OFF_BOARD	CRIPPLED	DESTROYED	ARMOR_P	INTERNAL_P	DONE	MAX_RANGE	TOTAL_DAMAGE	TEAM_ID
7	MOVEMENT	0	1	Emperor	Emperor	BipedMek	JUGGERNAUT	18	3	2	4.00	0.00	0	0	0	0	0	0.80	1.00	1	30	42	1
7	MOVEMENT	0	2	Ostroc	Ostroc	BipedMek	SKIRMISHER	16	5	2	4.00	0.00	0	0	0	0	0	0.94	0.99	1	22	10	1
7	MOVEMENT	1	4	Hellion	Hellion	BipedMek	STRIKER	21	2	4	11.00	5.00	0	0	0	0	0	0.70	1.00	1	28	40	2
ROUND	PHASE	PLAYER_ID	ENTITY_ID	CHASSIS	MODEL	TYPE	ROLE	X	Y	FACING	MP	HEAT	PRONE	AIRBORNE	OFF_BOARD	CRIPPLED	DESTROYED	ARMOR_P	INTERNAL_P	DONE	MAX_RANGE	TOTAL_DAMAGE	TEAM_ID
7	OFFBOARD	0	1	Emperor	Emperor	BipedMek	JUGGERNAUT	18	3	2	4.00	0.00	0	0	0	0	0	0.80	1.00	1	30	42	1
7	OFFBOARD	0	2	Ostroc	Ostroc	BipedMek	SKIRMISHER	16	5	2	4.00	0.00	0	0	0	0	0	0.94	0.99	1	22	10	1
7	OFFBOARD	1	4	Hellion	Hellion	BipedMek	STRIKER	21	2	4	11.00	5.00	0	0	0	0	0	0.70	1.00	1	28	40	2
ROUND	PLAYER_ID	ENTITY_ID	TYPE	ROLE	X	Y	FACING	TARGET_PLAYER_ID	TARGET_ID	TARGET_TYPE	TARGET_ROLE	TARGET_X	TARGET_Y	TARGET_FACING	AIMING_LOC	AIMING_MODE	WEAPON_ID	AMMO_ID	ATA	ATG	GTG	GTA	TO_HIT	TURNS_TO_HIT	SPOTTER_ID
7	1	4	BipedMek	STRIKER	21	2	4	0	1	BipedMek	JUGGERNAUT	18	3	2	-1	NONE	2	-1	0	0	1	0	8.00	0	-1
7	1	4	BipedMek	STRIKER	21	2	4	0	1	BipedMek	JUGGERNAUT	18	3	2	-1	NONE	4	-1	0	0	1	0	8.00	0	-1
7	1	4	BipedMek	STRIKER	21	2	4	0	1	BipedMek	JUGGERNAUT	18	3	2	-1	NONE	5	-1	0	0	1	0	8.00	0	-1
7	0	1	BipedMek	JUGGERNAUT	18	3	2	1	4	BipedMek	STRIKER	21	2	4	-1	NONE	2	7	0	0	1	0	8.00	0	-1
7	0	1	BipedMek	JUGGERNAUT	18	3	2	1	4	BipedMek	STRIKER	21	2	4	-1	NONE	4	7	0	0	1	0	8.00	0	-1
7	0	1	BipedMek	JUGGERNAUT	18	3	2	1	4	BipedMek	STRIKER	21	2	4	-1	NONE	6	-1	0	0	1	0	9.00	0	-1
7	0	1	BipedMek	JUGGERNAUT	18	3	2	1	4	BipedMek	STRIKER	21	2	4	-1	NONE	10	-1	0	0	1	0	9.00	0	-1
7	0	1	BipedMek	JUGGERNAUT	18	3	2	1	4	BipedMek	STRIKER	21	2	4	-1	NONE	3	-1	0	0	1	0	9.00	0	-1
7	0	2	BipedMek	SKIRMISHER	16	5	2	1	4	BipedMek	STRIKER	21	2	4	-1	NONE	8	-1	0	0	1	0	11.00	0	-1
7	0	2	BipedMek	SKIRMISHER	16	5	2	1	4	BipedMek	STRIKER	21	2	4	-1	NONE	12	-1	0	0	1	0	11.00	0	-1
ROUND	PHASE	PLAYER_ID	ENTITY_ID	CHASSIS	MODEL	TYPE	ROLE	X	Y	FACING	MP	HEAT	PRONE	AIRBORNE	OFF_BOARD	CRIPPLED	DESTROYED	ARMOR_P	INTERNAL_P	DONE	MAX_RANGE	TOTAL_DAMAGE	TEAM_ID
7	FIRING	0	1	Emperor	Emperor	BipedMek	JUGGERNAUT	18	3	2	4.00	0.00	0	0	0	0	0	0.77	1.00	1	22	42	1
7	FIRING	0	2	Ostroc	Ostroc	BipedMek	SKIRMISHER	16	5	2	4.00	0.00	0	0	0	0	0	0.94	0.99	1	16	10	1
7	FIRING	1	4	Hellion	Hellion	BipedMek	STRIKER	21	2	4	11.00	5.00	0	0	0	1	0	0.39	0.73	1	28	30	2
ROUND	PHASE	PLAYER_ID	ENTITY_ID	CHASSIS	MODEL	TYPE	ROLE	X	Y	FACING	MP	HEAT	PRONE	AIRBORNE	OFF_BOARD	CRIPPLED	DESTROYED	ARMOR_P	INTERNAL_P	DONE	MAX_RANGE	TOTAL_DAMAGE	TEAM_ID
8	TARGETING	0	1	Emperor	Emperor	BipedMek	JUGGERNAUT	18	3	2	3.00	0.00	0	0	0	0	0	0.77	1.00	1	30	42	1
8	TARGETING	0	2	Ostroc	Ostroc	BipedMek	SKIRMISHER	16	5	2	4.00	0.00	0	0	0	0	0	0.94	0.99	1	22	10	1
8	TARGETING	1	4	Hellion	Hellion	BipedMek	STRIKER	21	2	4	9.00	16.00	0	0	0	1	0	0.39	0.73	1	28	30	2
PLAYER_ID	ENTITY_ID	CHASSIS	MODEL	FACING	FROM_X	FROM_Y	TO_X	TO_Y	HEXES_MOVED	DISTANCE	MP_USED	MAX_MP	MP_P	HEAT_P	ARMOR_P	INTERNAL_P	JUMPING	PRONE	LEGAL	STEPS	TEAM_ID	CHANCE_OF_FAILURE	IS_BOT
0	1	Emperor	EMP-6ME 'Mercury Elite'	1	19	3	20	3	2	0	5	6	0.83	0.00	0.77	1.00	0	0	1	FORWARDS TURN_LEFT FORWARDS	1	0.00	0
ROUND	PHASE	PLAYER_ID	ENTITY_ID	CHASSIS	MODEL	TYPE	ROLE	X	Y	FACING	MP	HEAT	PRONE	AIRBORNE	OFF_BOARD	CRIPPLED	DESTROYED	ARMOR_P	INTERNAL_P	DONE	MAX_RANGE	TOTAL_DAMAGE	TEAM_ID
8	MOVEMENT	0	1	Emperor	Emperor	BipedMek	JUGGERNAUT	20	3	1	3.00	0.00	0	0	0	0	0	0.77	1.00	1	30	42	1
8	MOVEMENT	0	2	Ostroc	Ostroc	BipedMek	SKIRMISHER	16	5	2	4.00	0.00	0	0	0	0	0	0.94	0.99	0	22	10	1
8	MOVEMENT	1	4	Hellion	Hellion	BipedMek	STRIKER	21	2	4	9.00	16.00	0	0	0	1	0	0.39	0.73	0	28	30	2
PLAYER_ID	ENTITY_ID	CHASSIS	MODEL	FACING	FROM_X	FROM_Y	TO_X	TO_Y	HEXES_MOVED	DISTANCE	MP_USED	MAX_MP	MP_P	HEAT_P	ARMOR_P	INTERNAL_P	JUMPING	PRONE	LEGAL	STEPS	TEAM_ID	CHANCE_OF_FAILURE	IS_BOT
0	2	Ostroc	OSR-4K	4	16	5	22	2	6	0	6	6	1.00	0.00	0.94	0.99	1	0	1	START_JUMP TURN_LEFT FORWARDS FORWARDS FORWARDS FORWARDS FORWARDS FORWARDS TURN_LEFT TURN_LEFT TURN_LEFT	1	0.00	0
ROUND	PHASE	PLAYER_ID	ENTITY_ID	CHASSIS	MODEL	TYPE	ROLE	X	Y	FACING	MP	HEAT	PRONE	AIRBORNE	OFF_BOARD	CRIPPLED	DESTROYED	ARMOR_P	INTERNAL_P	DONE	MAX_RANGE	TOTAL_DAMAGE	TEAM_ID
8	MOVEMENT	0	1	Emperor	Emperor	BipedMek	JUGGERNAUT	20	3	1	3.00	0.00	0	0	0	0	0	0.77	1.00	1	30	42	1
8	MOVEMENT	0	2	Ostroc	Ostroc	BipedMek	SKIRMISHER	22	2	4	4.00	0.00	0	0	0	0	0	0.94	0.99	1	22	10	1
8	MOVEMENT	1	4	Hellion	Hellion	BipedMek	STRIKER	21	2	4	9.00	16.00	0	0	0	1	0	0.39	0.73	0	28	30	2
PLAYER_ID	ENTITY_ID	CHASSIS	MODEL	FACING	FROM_X	FROM_Y	TO_X	TO_Y	HEXES_MOVED	DISTANCE	MP_USED	MAX_MP	MP_P	HEAT_P	ARMOR_P	INTERNAL_P	JUMPING	PRONE	LEGAL	STEPS	TEAM_ID	CHANCE_OF_FAILURE	IS_BOT
1	4	Hellion	G	4	21	2	19	0	4	0	8	10	0.80	0.73	0.39	0.73	0	0	1	CLIMB_MODE_ON GET_UP TURN_RIGHT TURN_RIGHT FORWARDS FORWARDS TURN_LEFT FORWARDS TURN_LEFT FORWARDS FLEE	2	0.00	1
ROUND	PHASE	PLAYER_ID	ENTITY_ID	CHASSIS	MODEL	TYPE	ROLE	X	Y	FACING	MP	HEAT	PRONE	AIRBORNE	OFF_BOARD	CRIPPLED	DESTROYED	ARMOR_P	INTERNAL_P	DONE	MAX_RANGE	TOTAL_DAMAGE	TEAM_ID
8	MOVEMENT	0	1	Emperor	Emperor	BipedMek	JUGGERNAUT	20	3	1	3.00	0.00	0	0	0	0	0	0.77	1.00	1	30	42	1
8	MOVEMENT	0	2	Ostroc	Ostroc	BipedMek	SKIRMISHER	22	2	4	4.00	0.00	0	0	0	0	0	0.94	0.99	1	22	10	1
ROUND	PHASE	PLAYER_ID	ENTITY_ID	CHASSIS	MODEL	TYPE	ROLE	X	Y	FACING	MP	HEAT	PRONE	AIRBORNE	OFF_BOARD	CRIPPLED	DESTROYED	ARMOR_P	INTERNAL_P	DONE	MAX_RANGE	TOTAL_DAMAGE	TEAM_ID
8	OFFBOARD	0	1	Emperor	Emperor	BipedMek	JUGGERNAUT	20	3	1	3.00	0.00	0	0	0	0	0	0.77	1.00	1	30	42	1
8	OFFBOARD	0	2	Ostroc	Ostroc	BipedMek	SKIRMISHER	22	2	4	4.00	0.00	0	0	0	0	0	0.94	0.99	1	22	10	1
ROUND	PHASE	PLAYER_ID	ENTITY_ID	CHASSIS	MODEL	TYPE	ROLE	X	Y	FACING	MP	HEAT	PRONE	AIRBORNE	OFF_BOARD	CRIPPLED	DESTROYED	ARMOR_P	INTERNAL_P	DONE	MAX_RANGE	TOTAL_DAMAGE	TEAM_ID
8	FIRING	0	1	Emperor	Emperor	BipedMek	JUGGERNAUT	20	3	1	3.00	0.00	0	0	0	0	0	0.77	1.00	1	30	42	1
8	FIRING	0	2	Ostroc	Ostroc	BipedMek	SKIRMISHER	22	2	4	4.00	0.00	0	0	0	0	0	0.94	0.99	1	22	10	1
