# Log file created at 2025-03-15T22:06:30.468959800
BOARD_NAME	WIDTH	HEIGHT
Board #0	32	34
COL_0	COL_1	COL_2	COL_3	COL_4	COL_5	COL_6	COL_7	COL_8	COL_9	COL_10	COL_11	COL_12	COL_13	COL_14	COL_15	COL_16	COL_17	COL_18	COL_19	COL_20	COL_21	COL_22	COL_23	COL_24	COL_25	COL_26	COL_27	COL_28	COL_29	COL_30	COL_31	
ROW_0	Level: 1  Features: incline_bottom(1, 0); 	Level: 2  Features: incline_top(1, 0); 	Level: 2  Features: Light Woods; foliage_elev(2, 0); incline_top(1, 0); 	Level: 1  Features: Light Woods; foliage_elev(2, 0); incline_bottom(1, 0); 	Level: 2  Features: incline_top(1, 0); 	Level: 2  Features: incline_top(1, 0); 	Level: 2  Features: 	Level: 2  Features: incline_bottom(1, 0); 	Level: 3  Features: incline_top(1, 0); 	Level: 2  Features: incline_bottom(1, 0); 	Level: 2  Features: Heavy Woods; foliage_elev(2, 0); incline_bottom(1, 0); 	Level: 3  Features: incline_top(1, 0); 	Level: 2  Features: incline_bottom(1, 0); 	Level: 2  Features: incline_top(1, 0); Rough; incline_bottom(1, 0); 	Level: 1  Features: Rough; incline_bottom(1, 0); 	Level: 1  Features: incline_top(1, 0); Rough; 	Level: 0  Features: incline_bottom(1, 0); 	Level: 0  Features: incline_bottom(1, 0); 	Level: 0  Features: 	Level: 0  Features: 	Level: 0  Features: incline_top(1, 0); 	Level: 0  Features: incline_top(1, 0); 	Level: 0  Features: incline_top(1, 0); 	Level: -1  Features: Heavy Woods; foliage_elev(2, 0); incline_bottom(1, 0); 	Level: -1  Features: incline_bottom(1, 0); 	Level: 0  Features: incline_top(1, 0); 	Level: 0  Features: 	Level: 0  Features: incline_bottom(1, 0); 	Level: 1  Features: incline_top(1, 0); 	Level: 1  Features: 	Level: 1  Features: incline_bottom(1, 0); 	Level: 2  Features: incline_top(1, 0); 	Level: 1  Features: incline_bottom(1, 0); 	Level: 1  Features: 
ROW_1	Level: 1  Features: incline_bottom(1, 0); 	Level: 1  Features: incline_bottom(1, 0); 	Level: 1  Features: Light Woods; incline_top(1, 0); incline_bottom(1, 0); foliage_elev(2, 0); 	Level: 1  Features: Light Woods; incline_top(1, 0); incline_bottom(1, 0); foliage_elev(2, 0); 	Level: 1  Features: Rough; incline_bottom(1, 0); 	Level: 2  Features: incline_top(1, 0); 	Level: 2  Features: incline_top(1, 0); 	Level: 2  Features: incline_bottom(1, 0); 	Level: 2  Features: Light Woods; foliage_elev(2, 0); incline_bottom(1, 0); 	Level: 2  Features: 	Level: 2  Features: Heavy Woods; foliage_elev(2, 0); incline_bottom(1, 0); 	Level: 3  Features: incline_top(1, 0); 	Level: 3  Features: incline_top(1, 0); 	Level: 2  Features: incline_top(1, 0); Rough; incline_bottom(1, 0); 	Level: 1  Features: Rough; incline_bottom(1, 0); 	Level: 1  Features: Heavy Woods; foliage_elev(2, 0); incline_top(1, 0); 	Level: 1  Features: Heavy Woods; foliage_elev(2, 0); incline_top(1, 0); 	Level: 0  Features: incline_bottom(1, 0); 	Level: 0  Features: Rough; 	Level: 0  Features: incline_top(1, 0); 	Level: -1  Features: incline_bottom(1, 0); 	Level: 0  Features: incline_top(1, 0); 	Level: -1  Features: incline_bottom(1, 0); 	Level: -1  Features: Heavy Woods; foliage_elev(2, 0); 	Level: -1  Features: incline_bottom(1, 0); 	Level: 0  Features: incline_top(1, 0); 	Level: 0  Features: 	Level: 0  Features: incline_bottom(1, 0); 	Level: 1  Features: incline_top(1, 0); 	Level: 1  Features: 	Level: 1  Features: incline_bottom(1, 0); 	Level: 2  Features: incline_top(1, 0); 	Level: 1  Features: incline_bottom(1, 0); 	Level: 1  Features: 
ROW_2	Level: 1  Features: 	Level: 1  Features: 	Level: 1  Features: incline_top(1, 0); 	Level: 0  Features: incline_bottom(1, 0); 	Level: 1  Features: incline_top(1, 0); Rough; 	Level: 1  Features: incline_bottom(1, 0); 	Level: 1  Features: Light Woods; foliage_elev(2, 0); incline_bottom(1, 0); 	Level: 2  Features: incline_top(1, 0); 	Level: 2  Features: Light Woods; foliage_elev(2, 0); 	Level: 2  Features: Light Woods; foliage_elev(2, 0); 	Level: 2  Features: 	Level: 2  Features: incline_bottom(1, 0); 	Level: 2  Features: incline_bottom(1, 0); 	Level: 2  Features: incline_top(1, 0); incline_bottom(1, 0); 	Level: 2  Features: Light Woods; foliage_elev(2, 0); incline_top(1, 0); 	Level: 1  Features: incline_bottom(1, 0); 	Level: 1  Features: Light Woods; foliage_elev(2, 0); incline_top(1, 0); 	Level: 0  Features: incline_bottom(1, 0); 	Level: 0  Features: 	Level: 0  Features: 	Level: 0  Features: incline_top(1, 0); 	Level: -1  Features: incline_bottom(1, 0); 	Level: -1  Features: incline_bottom(1, 0); 	Level: -1  Features: incline_bottom(1, 0); 	Level: -1  Features: Rough; incline_bottom(1, 0); 	Level: 0  Features: incline_top(1, 0); 	Level: 0  Features: incline_bottom(1, 0); 	Level: 0  Features: incline_bottom(1, 0); 	Level: 1  Features: incline_top(1, 0); 	Level: 1  Features: 	Level: 1  Features: incline_bottom(1, 0); 	Level: 2  Features: incline_top(1, 0); 	Level: 1  Features: incline_bottom(1, 0); 	Level: 1  Features: incline_bottom(1, 0); 
ROW_3	Level: 1  Features: 	Level: 1  Features: 	Level: 1  Features: Heavy Woods; foliage_elev(2, 0); incline_top(1, 0); 	Level: 0  Features: Rough; incline_bottom(1, 0); 	Level: 1  Features: incline_top(1, 0); 	Level: 1  Features: Light Woods; foliage_elev(2, 0); 	Level: 1  Features: incline_bottom(1, 0); 	Level: 2  Features: Light Woods; foliage_elev(2, 0); incline_top(1, 0); 	Level: 2  Features: incline_top(1, 0); 	Level: 2  Features: incline_top(1, 0); 	Level: 2  Features: incline_top(1, 0); 	Level: 2  Features: 	Level: 2  Features: incline_top(1, 0); 	Level: 1  Features: incline_bottom(1, 0); 	Level: 1  Features: incline_top(1, 0); incline_bottom(1, 0); 	Level: 1  Features: incline_top(1, 0); 	Level: 0  Features: incline_bottom(1, 0); 	Level: 0  Features: 	Level: 0  Features: incline_bottom(1, 0); 	Level: 0  Features: Heavy Woods; foliage_elev(2, 0); incline_bottom(1, 0); 	Level: 0  Features: incline_top(1, 0); 	Level: 0  Features: incline_top(1, 0); Rough; 	Level: 0  Features: incline_top(1, 0); Rough; 	Level: 0  Features: incline_top(1, 0); 	Level: 0  Features: incline_top(1, 0); 	Level: 0  Features: incline_bottom(1, 0); 	Level: 1  Features: incline_top(1, 0); 	Level: 1  Features: incline_top(1, 0); incline_bottom(1, 0); 	Level: 1  Features: incline_bottom(1, 0); 	Level: 1  Features: incline_bottom(1, 0); 	Level: 2  Features: incline_top(1, 0); 	Level: 2  Features: incline_top(1, 0); 	Level: 2  Features: Light Woods; foliage_elev(2, 0); incline_top(1, 0); 	Level: 1  Features: incline_bottom(1, 0); 
ROW_4	Level: 1  Features: Light Woods; foliage_elev(2, 0); incline_top(1, 0); 	Level: 1  Features: Light Woods; foliage_elev(2, 0); incline_top(1, 0); 	Level: 1  Features: incline_top(1, 0); 	Level: 1  Features: Heavy Woods; foliage_elev(2, 0); incline_top(1, 0); 	Level: 1  Features: incline_top(1, 0); 	Level: 1  Features: incline_top(1, 0); 	Level: 1  Features: incline_top(1, 0); 	Level: 1  Features: Light Woods; incline_top(1, 0); incline_bottom(1, 0); foliage_elev(2, 0); 	Level: 1  Features: Light Woods; incline_top(1, 0); incline_bottom(1, 0); foliage_elev(2, 0); 	Level: 1  Features: incline_top(1, 0); incline_bottom(1, 0); 	Level: 1  Features: incline_top(1, 0); incline_bottom(1, 0); 	Level: 2  Features: incline_top(1, 0); 	Level: 2  Features: incline_top(1, 0); 	Level: 1  Features: incline_bottom(1, 0); 	Level: 1  Features: incline_top(1, 0); Rough; 	Level: 0  Features: incline_bottom(1, 0); 	Level: 0  Features: incline_bottom(1, 0); 	Level: 0  Features: 	Level: 0  Features: incline_bottom(1, 0); 	Level: 1  Features: incline_top(1, 0); 	Level: 0  Features: incline_bottom(1, 0); 	Level: 0  Features: 	Level: 0  Features: incline_bottom(1, 0); 	Level: 0  Features: incline_bottom(1, 0); 	Level: 0  Features: incline_bottom(1, 0); 	Level: 0  Features: incline_bottom(1, 0); 	Level: 0  Features: Heavy Woods; foliage_elev(2, 0); incline_bottom(1, 0); 	Level: 1  Features: incline_top(1, 0); incline_bottom(1, 0); 	Level: 2  Features: incline_top(1, 0); 	Level: 2  Features: incline_top(1, 0); 	Level: 2  Features: incline_top(1, 0); 	Level: 2  Features: 	Level: 2  Features: Heavy Woods; foliage_elev(2, 0); incline_top(1, 0); 	Level: 1  Features: incline_bottom(1, 0); 
ROW_5	Level: 0  Features: incline_bottom(1, 0); 	Level: 0  Features: Heavy Woods; incline_top(1, 0); incline_bottom(1, 0); foliage_elev(2, 0); 	Level: 0  Features: incline_top(1, 0); incline_bottom(1, 0); 	Level: 0  Features: incline_top(1, 0); incline_bottom(1, 0); 	Level: 0  Features: incline_top(1, 0); incline_bottom(1, 0); 	Level: 0  Features: incline_top(1, 0); incline_bottom(1, 0); 	Level: 0  Features: incline_top(1, 0); incline_bottom(1, 0); 	Level: 0  Features: incline_bottom(1, 0); 	Level: 0  Features: incline_bottom(1, 0); 	Level: 0  Features: Rough; incline_bottom(1, 0); 	Level: 1  Features: incline_top(1, 0); incline_bottom(1, 0); 	Level: 1  Features: incline_bottom(1, 0); 	Level: 1  Features: incline_bottom(1, 0); 	Level: 1  Features: 	Level: 1  Features: incline_top(1, 0); 	Level: 0  Features: incline_bottom(1, 0); 	Level: 0  Features: incline_bottom(1, 0); 	Level: 0  Features: incline_bottom(1, 0); 	Level: 0  Features: incline_bottom(1, 0); 	Level: 0  Features: incline_bottom(1, 0); 	Level: 0  Features: incline_bottom(1, 0); 	Level: 0  Features: incline_bottom(1, 0); 	Level: 1  Features: incline_top(1, 0); incline_bottom(1, 0); 	Level: 1  Features: incline_top(1, 0); incline_bottom(1, 0); 	Level: 0  Features: incline_bottom(1, 0); 	Level: 1  Features: Light Woods; foliage_elev(2, 0); incline_top(1, 0); 	Level: 1  Features: incline_top(1, 0); 	Level: 1  Features: incline_bottom(1, 0); 	Level: 2  Features: incline_top(1, 0); 	Level: 2  Features: incline_bottom(1, 0); 	Level: 2  Features: incline_bottom(1, 0); 	Level: 2  Features: incline_bottom(1, 0); 	Level: 2  Features: incline_top(1, 0); 	Level: 2  Features: incline_top(1, 0); 
ROW_6	Level: 0  Features: Rough; 	Level: 0  Features: incline_top(1, 0); 	Level: -1  Features: Light Woods; foliage_elev(2, 0); incline_bottom(1, 0); 	Level: -1  Features: Light Woods; foliage_elev(2, 0); incline_bottom(1, 0); 	Level: -1  Features: Heavy Woods; foliage_elev(2, 0); incline_bottom(1, 0); 	Level: -1  Features: incline_bottom(1, 0); 	Level: -1  Features: incline_bottom(1, 0); 	Level: 0  Features: Light Woods; foliage_elev(2, 0); incline_top(1, 0); 	Level: 0  Features: Light Woods; foliage_elev(2, 0); incline_top(1, 0); 	Level: 0  Features: Rough; 	Level: 0  Features: Rough; incline_bottom(1, 0); 	Level: 1  Features: incline_top(1, 0); Rough; 	Level: 1  Features: 	Level: 1  Features: 	Level: 1  Features: incline_top(1, 0); 	Level: 0  Features: incline_bottom(1, 0); 	Level: 0  Features: incline_bottom(1, 0); 	Level: 1  Features: Light Woods; foliage_elev(2, 0); incline_top(1, 0); 	Level: 1  Features: incline_top(1, 0); 	Level: 1  Features: incline_top(1, 0); 	Level: 1  Features: incline_top(1, 0); incline_bottom(1, 0); 	Level: 1  Features: incline_top(1, 0); incline_bottom(1, 0); 	Level: 1  Features: incline_top(1, 0); incline_bottom(1, 0); 	Level: 2  Features: incline_top(1, 0); 	Level: 1  Features: incline_top(1, 0); incline_bottom(1, 0); 	Level: 1  Features: Light Woods; incline_top(1, 0); incline_bottom(1, 0); foliage_elev(2, 0); 	Level: 1  Features: Heavy Woods; foliage_elev(2, 0); incline_bottom(1, 0); 	Level: 1  Features: incline_bottom(1, 0); 	Level: 2  Features: incline_top(1, 0); Rough; incline_bottom(1, 0); 	Level: 2  Features: incline_bottom(1, 0); 	Level: 3  Features: incline_top(1, 0); 	Level: 3  Features: incline_top(1, 0); 	Level: 2  Features: incline_bottom(1, 0); 	Level: 2  Features: Rough; incline_bottom(1, 0); 
ROW_7	Level: 0  Features: 	Level: 0  Features: Heavy Woods; foliage_elev(2, 0); incline_top(1, 0); 	Level: 0  Features: incline_top(1, 0); Rough; 	Level: -1  Features: incline_bottom(1, 0); 	Level: -1  Features: Light Woods; foliage_elev(2, 0); 	Level: -1  Features: 	Level: -1  Features: incline_bottom(1, 0); 	Level: -1  Features: Light Woods; foliage_elev(2, 0); incline_bottom(1, 0); 	Level: 0  Features: incline_top(1, 0); Rough; 	Level: 0  Features: incline_top(1, 0); 	Level: 0  Features: Heavy Woods; foliage_elev(2, 0); incline_bottom(1, 0); 	Level: 1  Features: incline_top(1, 0); 	Level: 1  Features: Rough; 	Level: 1  Features: Rough; 	Level: 1  Features: incline_top(1, 0); 	Level: 0  Features: Light Woods; foliage_elev(2, 0); incline_bottom(1, 0); 	Level: 0  Features: Heavy Woods; foliage_elev(2, 0); incline_bottom(1, 0); 	Level: 0  Features: incline_bottom(1, 0); 	Level: 0  Features: incline_bottom(1, 0); 	Level: 0  Features: incline_bottom(1, 0); 	Level: 2  Features: incline_top(1, 0); 	Level: 1  Features: incline_bottom(1, 0); 	Level: 1  Features: incline_bottom(1, 0); 	Level: 2  Features: incline_top(1, 0); incline_bottom(1, 0); 	Level: 2  Features: incline_top(1, 0); incline_bottom(1, 0); 	Level: 1  Features: Light Woods; foliage_elev(2, 0); incline_bottom(1, 0); 	Level: 2  Features: incline_top(1, 0); 	Level: 2  Features: incline_top(1, 0); Rough; incline_bottom(1, 0); 	Level: 3  Features: incline_top(1, 0); 	Level: 3  Features: incline_top(1, 0); 	Level: 3  Features: 	Level: 3  Features: incline_top(1, 0); 	Level: 3  Features: incline_top(1, 0); 	Level: 3  Features: incline_top(1, 0); Rough; 
ROW_8	Level: 0  Features: 	Level: 0  Features: incline_top(1, 0); 	Level: -1  Features: incline_bottom(1, 0); 	Level: -1  Features: Heavy Woods; foliage_elev(2, 0); incline_bottom(1, 0); 	Level: -1  Features: Light Woods; foliage_elev(2, 0); 	Level: -1  Features: 	Level: -1  Features: 	Level: -1  Features: 	Level: -1  Features: incline_bottom(1, 0); 	Level: -1  Features: incline_bottom(1, 0); 	Level: 0  Features: Light Woods; foliage_elev(2, 0); incline_top(1, 0); 	Level: 0  Features: incline_bottom(1, 0); 	Level: 1  Features: incline_top(1, 0); 	Level: 1  Features: incline_top(1, 0); Rough; 	Level: 1  Features: incline_top(1, 0); 	Level: 0  Features: incline_bottom(1, 0); 	Level: 0  Features: Light Woods; foliage_elev(2, 0); 	Level: 0  Features: 	Level: 0  Features: incline_bottom(1, 0); 	Level: 1  Features: incline_top(1, 0); 	Level: 1  Features: incline_top(1, 0); incline_bottom(1, 0); 	Level: 2  Features: incline_top(1, 0); incline_bottom(1, 0); 	Level: 2  Features: Light Woods; incline_top(1, 0); incline_bottom(1, 0); foliage_elev(2, 0); 	Level: 2  Features: incline_top(1, 0); Rough; incline_bottom(1, 0); 	Level: 3  Features: incline_top(1, 0); 	Level: 3  Features: incline_top(1, 0); 	Level: 2  Features: incline_top(1, 0); incline_bottom(1, 0); 	Level: 2  Features: 	Level: 2  Features: incline_bottom(1, 0); 	Level: 3  Features: incline_top(1, 0); 	Level: 3  Features: Heavy Woods; foliage_elev(2, 0); incline_top(1, 0); 	Level: 3  Features: Light Woods; foliage_elev(2, 0); 	Level: 3  Features: incline_top(1, 0); 	Level: 2  Features: Rough; incline_bottom(1, 0); 
ROW_9	Level: 0  Features: 	Level: 0  Features: incline_top(1, 0); 	Level: 0  Features: incline_top(1, 0); 	Level: -1  Features: incline_bottom(1, 0); 	Level: -1  Features: Light Woods; foliage_elev(2, 0); incline_bottom(1, 0); 	Level: -1  Features: incline_bottom(1, 0); 	Level: -1  Features: incline_bottom(1, 0); 	Level: -1  Features: incline_bottom(1, 0); 	Level: -1  Features: incline_bottom(1, 0); 	Level: -1  Features: incline_bottom(1, 0); 	Level: 0  Features: Light Woods; incline_top(1, 0); incline_bottom(1, 0); foliage_elev(2, 0); 	Level: 1  Features: Light Woods; foliage_elev(2, 0); incline_top(1, 0); 	Level: 0  Features: incline_bottom(1, 0); 	Level: 1  Features: incline_top(1, 0); 	Level: 1  Features: incline_top(1, 0); 	Level: 0  Features: Heavy Woods; foliage_elev(2, 0); incline_bottom(1, 0); 	Level: 0  Features: 	Level: 0  Features: incline_bottom(1, 0); 	Level: 1  Features: incline_top(1, 0); 	Level: 1  Features: incline_bottom(1, 0); 	Level: 2  Features: Light Woods; incline_top(1, 0); incline_bottom(1, 0); foliage_elev(2, 0); 	Level: 3  Features: Light Woods; foliage_elev(2, 0); incline_top(1, 0); 	Level: 3  Features: incline_top(1, 0); 	Level: 3  Features: incline_top(1, 0); 	Level: 3  Features: incline_top(1, 0); 	Level: 2  Features: Rough; incline_bottom(1, 0); 	Level: 2  Features: Rough; 	Level: 2  Features: incline_bottom(1, 0); 	Level: 2  Features: incline_bottom(1, 0); 	Level: 2  Features: Light Woods; foliage_elev(2, 0); incline_bottom(1, 0); 	Level: 3  Features: incline_top(1, 0); Rough; 	Level: 3  Features: incline_top(1, 0); 	Level: 3  Features: incline_top(1, 0); 	Level: 2  Features: incline_bottom(1, 0); 
ROW_10	Level: 0  Features: 	Level: 0  Features: 	Level: 0  Features: 	Level: 0  Features: incline_top(1, 0); 	Level: 0  Features: Light Woods; foliage_elev(2, 0); incline_top(1, 0); 	Level: 0  Features: incline_top(1, 0); 	Level: -1  Features: incline_bottom(1, 0); 	Level: 0  Features: incline_top(1, 0); 	Level: 0  Features: incline_top(1, 0); 	Level: -1  Features: incline_bottom(1, 0); 	Level: 0  Features: incline_top(1, 0); 	Level: 0  Features: incline_bottom(1, 0); 	Level: 0  Features: incline_bottom(1, 0); 	Level: 0  Features: incline_bottom(1, 0); 	Level: 0  Features: incline_bottom(1, 0); 	Level: 0  Features: incline_bottom(1, 0); 	Level: 0  Features: 	Level: 0  Features: incline_bottom(1, 0); 	Level: 1  Features: incline_top(1, 0); 	Level: 1  Features: incline_bottom(1, 0); 	Level: 1  Features: incline_bottom(1, 0); 	Level: 2  Features: incline_top(1, 0); incline_bottom(1, 0); 	Level: 3  Features: incline_top(1, 0); 	Level: 3  Features: incline_bottom(1, 0); 	Level: 3  Features: incline_bottom(1, 0); 	Level: 3  Features: incline_top(1, 0); 	Level: 2  Features: Light Woods; foliage_elev(2, 0); incline_bottom(1, 0); 	Level: 2  Features: incline_bottom(1, 0); 	Level: 3  Features: incline_top(1, 0); 	Level: 3  Features: incline_top(1, 0); 	Level: 3  Features: incline_top(1, 0); 	Level: 3  Features: incline_top(1, 0); 	Level: 2  Features: incline_bottom(1, 0); 	Level: 2  Features: incline_top(1, 0); incline_bottom(1, 0); 
ROW_11	Level: 0  Features: incline_bottom(1, 0); 	Level: 0  Features: 	Level: 0  Features: 	Level: 0  Features: 	Level: 0  Features: incline_bottom(1, 0); 	Level: 0  Features: incline_top(1, 0); incline_bottom(1, 0); 	Level: 0  Features: incline_top(1, 0); incline_bottom(1, 0); 	Level: 0  Features: incline_bottom(1, 0); 	Level: 0  Features: incline_top(1, 0); Rough; incline_bottom(1, 0); 	Level: 0  Features: incline_top(1, 0); incline_bottom(1, 0); 	Level: 0  Features: incline_bottom(1, 0); 	Level: 0  Features: incline_bottom(1, 0); 	Level: 0  Features: 	Level: 0  Features: 	Level: 0  Features: Rough; 	Level: 0  Features: 	Level: 0  Features: incline_bottom(1, 0); 	Level: 1  Features: incline_top(1, 0); 	Level: 1  Features: incline_bottom(1, 0); 	Level: 2  Features: incline_top(1, 0); 	Level: 2  Features: incline_top(1, 0); incline_bottom(1, 0); 	Level: 3  Features: incline_top(1, 0); 	Level: 3  Features: incline_top(1, 0); incline_bottom(1, 0); 	Level: 4  Features: incline_top(1, 0); 	Level: 3  Features: incline_bottom(1, 0); 	Level: 3  Features: Heavy Woods; foliage_elev(2, 0); incline_top(1, 0); 	Level: 3  Features: Light Woods; foliage_elev(2, 0); incline_top(1, 0); 	Level: 2  Features: incline_bottom(1, 0); 	Level: 2  Features: incline_bottom(1, 0); 	Level: 2  Features: incline_bottom(1, 0); 	Level: 3  Features: incline_top(1, 0); Rough; 	Level: 3  Features: incline_top(1, 0); Rough; 	Level: 2  Features: incline_top(1, 0); incline_bottom(1, 0); 	Level: 1  Features: incline_bottom(1, 0); 
ROW_12	Level: 1  Features: incline_top(1, 0); 	Level: 0  Features: incline_bottom(1, 0); 	Level: 0  Features: 	Level: 0  Features: 	Level: 0  Features: incline_bottom(1, 0); 	Level: 1  Features: incline_top(1, 0); 	Level: 1  Features: incline_top(1, 0); 	Level: 1  Features: incline_top(1, 0); 	Level: 1  Features: incline_top(1, 0); 	Level: 0  Features: incline_bottom(1, 0); 	Level: 1  Features: incline_top(1, 0); 	Level: 1  Features: incline_top(1, 0); 	Level: 0  Features: incline_bottom(1, 0); 	Level: 0  Features: 	Level: 0  Features: 	Level: 0  Features: incline_top(1, 0); Rough; 	Level: 0  Features: incline_top(1, 0); 	Level: 0  Features: incline_bottom(1, 0); 	Level: 1  Features: incline_top(1, 0); 	Level: 1  Features: incline_top(1, 0); incline_bottom(1, 0); 	Level: 2  Features: incline_top(1, 0); 	Level: 2  Features: incline_top(1, 0); incline_bottom(1, 0); 	Level: 2  Features: incline_bottom(1, 0); 	Level: 3  Features: incline_top(1, 0); incline_bottom(1, 0); 	Level: 3  Features: incline_bottom(1, 0); 	Level: 3  Features: incline_top(1, 0); 	Level: 2  Features: incline_bottom(1, 0); 	Level: 2  Features: incline_bottom(1, 0); 	Level: 2  Features: 	Level: 2  Features: 	Level: 2  Features: Heavy Woods; foliage_elev(2, 0); incline_bottom(1, 0); 	Level: 2  Features: Light Woods; incline_top(1, 0); incline_bottom(1, 0); foliage_elev(2, 0); 	Level: 1  Features: incline_bottom(1, 0); 	Level: 1  Features: incline_bottom(1, 0); 
ROW_13	Level: 1  Features: incline_top(1, 0); 	Level: 0  Features: incline_bottom(1, 0); 	Level: 0  Features: incline_top(1, 0); 	Level: 0  Features: incline_top(1, 0); 	Level: 0  Features: incline_bottom(1, 0); 	Level: 1  Features: incline_top(1, 0); 	Level: 1  Features: incline_top(1, 0); 	Level: 1  Features: incline_top(1, 0); 	Level: 1  Features: incline_top(1, 0); 	Level: 0  Features: Heavy Woods; foliage_elev(2, 0); incline_bottom(1, 0); 	Level: 0  Features: incline_bottom(1, 0); 	Level: 1  Features: incline_top(1, 0); 	Level: 0  Features: incline_bottom(1, 0); 	Level: 0  Features: Rough; 	Level: 0  Features: incline_top(1, 0); Rough; 	Level: -1  Features: incline_bottom(1, 0); 	Level: 0  Features: incline_top(1, 0); 	Level: 0  Features: incline_bottom(1, 0); 	Level: 0  Features: incline_bottom(1, 0); 	Level: 1  Features: incline_top(1, 0); incline_bottom(1, 0); 	Level: 1  Features: incline_bottom(1, 0); 	Level: 3  Features: incline_top(1, 0); 	Level: 3  Features: incline_top(1, 0); 	Level: 3  Features: incline_top(1, 0); 	Level: 3  Features: incline_top(1, 0); 	Level: 3  Features: incline_top(1, 0); 	Level: 2  Features: incline_top(1, 0); incline_bottom(1, 0); 	Level: 2  Features: incline_top(1, 0); 	Level: 2  Features: incline_top(1, 0); Rough; 	Level: 2  Features: incline_top(1, 0); Rough; 	Level: 2  Features: Rough; 	Level: 2  Features: incline_top(1, 0); Rough; 	Level: 1  Features: incline_bottom(1, 0); 	Level: 1  Features: 
ROW_14	Level: 0  Features: incline_bottom(1, 0); 	Level: 0  Features: incline_bottom(1, 0); 	Level: 0  Features: incline_top(1, 0); 	Level: -1  Features: incline_bottom(1, 0); 	Level: 0  Features: incline_top(1, 0); 	Level: 0  Features: incline_bottom(1, 0); 	Level: 0  Features: incline_bottom(1, 0); 	Level: 0  Features: incline_bottom(1, 0); 	Level: 1  Features: incline_top(1, 0); 	Level: 0  Features: incline_bottom(1, 0); 	Level: 0  Features: incline_bottom(1, 0); 	Level: 1  Features: incline_top(1, 0); 	Level: 0  Features: incline_bottom(1, 0); 	Level: 0  Features: incline_bottom(1, 0); 	Level: 0  Features: incline_top(1, 0); Rough; 	Level: -1  Features: incline_bottom(1, 0); 	Level: -1  Features: incline_bottom(1, 0); 	Level: 0  Features: incline_top(1, 0); 	Level: 0  Features: incline_bottom(1, 0); 	Level: 1  Features: incline_top(1, 0); 	Level: 1  Features: incline_top(1, 0); incline_bottom(1, 0); 	Level: 2  Features: incline_top(1, 0); incline_bottom(1, 0); 	Level: 2  Features: incline_top(1, 0); incline_bottom(1, 0); 	Level: 3  Features: incline_top(1, 0); Rough; 	Level: 2  Features: Light Woods; foliage_elev(2, 0); incline_bottom(1, 0); 	Level: 2  Features: incline_top(1, 0); incline_bottom(1, 0); 	Level: 2  Features: incline_top(1, 0); incline_bottom(1, 0); 	Level: 1  Features: incline_bottom(1, 0); 	Level: 1  Features: incline_bottom(1, 0); 	Level: 1  Features: incline_bottom(1, 0); 	Level: 2  Features: incline_top(1, 0); Rough; 	Level: 2  Features: Light Woods; foliage_elev(2, 0); incline_top(1, 0); 	Level: 1  Features: incline_top(1, 0); incline_bottom(1, 0); 	Level: 1  Features: incline_top(1, 0); 
ROW_15	Level: 1  Features: incline_top(1, 0); 	Level: 0  Features: incline_bottom(1, 0); 	Level: 0  Features: incline_top(1, 0); 	Level: 0  Features: Light Woods; foliage_elev(2, 0); incline_top(1, 0); 	Level: 0  Features: 	Level: 0  Features: Heavy Woods; foliage_elev(2, 0); 	Level: 0  Features: incline_bottom(1, 0); 	Level: 1  Features: incline_top(1, 0); 	Level: 1  Features: incline_top(1, 0); 	Level: 1  Features: incline_top(1, 0); 	Level: 1  Features: incline_top(1, 0); Rough; 	Level: 1  Features: incline_top(1, 0); 	Level: 1  Features: incline_top(1, 0); 	Level: 0  Features: incline_bottom(1, 0); 	Level: 0  Features: incline_top(1, 0); 	Level: 0  Features: incline_top(1, 0); 	Level: 0  Features: incline_top(1, 0); 	Level: 0  Features: 	Level: 0  Features: incline_bottom(1, 0); 	Level: 0  Features: incline_bottom(1, 0); 	Level: 2  Features: incline_top(1, 0); 	Level: 1  Features: incline_bottom(1, 0); 	Level: 1  Features: Rough; incline_bottom(1, 0); 	Level: 2  Features: incline_top(1, 0); incline_bottom(1, 0); 	Level: 2  Features: incline_top(1, 0); 	Level: 1  Features: incline_bottom(1, 0); 	Level: 2  Features: incline_top(1, 0); 	Level: 1  Features: incline_top(1, 0); incline_bottom(1, 0); 	Level: 1  Features: incline_top(1, 0); 	Level: 1  Features: incline_top(1, 0); Rough; incline_bottom(1, 0); 	Level: 1  Features: incline_top(1, 0); Rough; incline_bottom(1, 0); 	Level: 1  Features: incline_top(1, 0); incline_bottom(1, 0); 	Level: 0  Features: incline_top(1, 0); incline_bottom(1, 0); 	Level: 0  Features: incline_top(1, 0); incline_bottom(1, 0); 
ROW_16	Level: 0  Features: Light Woods; foliage_elev(2, 0); incline_bottom(1, 0); 	Level: 0  Features: incline_bottom(1, 0); 	Level: 0  Features: Rough; 	Level: 0  Features: incline_top(1, 0); 	Level: 0  Features: Light Woods; foliage_elev(2, 0); incline_top(1, 0); 	Level: 0  Features: 	Level: 0  Features: incline_bottom(1, 0); 	Level: 1  Features: incline_top(1, 0); 	Level: 1  Features: incline_top(1, 0); 	Level: 1  Features: 	Level: 1  Features: 	Level: 1  Features: 	Level: 1  Features: incline_top(1, 0); 	Level: 0  Features: incline_bottom(1, 0); 	Level: 0  Features: incline_bottom(1, 0); 	Level: 0  Features: Heavy Woods; foliage_elev(2, 0); incline_bottom(1, 0); 	Level: 0  Features: Light Woods; foliage_elev(2, 0); incline_bottom(1, 0); 	Level: 0  Features: incline_bottom(1, 0); 	Level: 0  Features: incline_bottom(1, 0); 	Level: 0  Features: 	Level: 0  Features: incline_bottom(1, 0); 	Level: 1  Features: incline_top(1, 0); incline_bottom(1, 0); 	Level: 1  Features: incline_bottom(1, 0); 	Level: 2  Features: incline_top(1, 0); 	Level: 1  Features: incline_top(1, 0); incline_bottom(1, 0); 	Level: 1  Features: incline_top(1, 0); incline_bottom(1, 0); 	Level: 1  Features: incline_top(1, 0); incline_bottom(1, 0); 	Level: 1  Features: incline_top(1, 0); incline_bottom(1, 0); 	Level: 0  Features: incline_bottom(1, 0); 	Level: 0  Features: incline_top(1, 0); Rough; incline_bottom(1, 0); 	Level: 0  Features: incline_top(1, 0); Rough; incline_bottom(1, 0); 	Level: 0  Features: incline_bottom(1, 0); 	Level: 0  Features: incline_top(1, 0); incline_bottom(1, 0); 	Level: -1  Features: incline_bottom(1, 0); 
ROW_17	Level: 1  Features: incline_top(1, 0); Rough; 	Level: 0  Features: Rough; incline_bottom(1, 0); 	Level: 0  Features: incline_top(1, 0); 	Level: -1  Features: incline_bottom(1, 0); 	Level: 0  Features: incline_top(1, 0); 	Level: 0  Features: 	Level: 0  Features: incline_bottom(1, 0); 	Level: 0  Features: incline_bottom(1, 0); 	Level: 1  Features: incline_top(1, 0); 	Level: 1  Features: incline_top(1, 0); 	Level: 1  Features: 	Level: 1  Features: 	Level: 1  Features: incline_top(1, 0); 	Level: 0  Features: incline_bottom(1, 0); 	Level: 1  Features: incline_top(1, 0); incline_bottom(1, 0); 	Level: 1  Features: incline_top(1, 0); 	Level: 0  Features: incline_bottom(1, 0); 	Level: 1  Features: incline_top(1, 0); 	Level: 0  Features: incline_bottom(1, 0); 	Level: 0  Features: 	Level: 0  Features: incline_bottom(1, 0); 	Level: 1  Features: incline_top(1, 0); 	Level: 1  Features: incline_top(1, 0); incline_bottom(1, 0); 	Level: 0  Features: incline_bottom(1, 0); 	Level: 1  Features: incline_top(1, 0); 	Level: 0  Features: incline_bottom(1, 0); 	Level: 0  Features: Heavy Woods; foliage_elev(2, 0); incline_bottom(1, 0); 	Level: 0  Features: Heavy Woods; foliage_elev(2, 0); incline_bottom(1, 0); 	Level: 0  Features: Heavy Woods; foliage_elev(2, 0); incline_top(1, 0); 	Level: -1  Features: Rough; incline_bottom(1, 0); 	Level: 0  Features: incline_top(1, 0); 	Level: 0  Features: incline_top(1, 0); Rough; 	Level: -1  Features: incline_top(1, 0); Rough; incline_bottom(1, 0); 	Level: -1  Features: incline_top(1, 0); 
ROW_18	Level: 1  Features: 	Level: 1  Features: incline_top(1, 0); Rough; 	Level: 0  Features: incline_bottom(1, 0); 	Level: 0  Features: incline_top(1, 0); incline_bottom(1, 0); 	Level: 0  Features: incline_top(1, 0); 	Level: 0  Features: 	Level: 0  Features: 	Level: 0  Features: 	Level: 0  Features: incline_bottom(1, 0); 	Level: 0  Features: Light Woods; foliage_elev(2, 0); incline_bottom(1, 0); 	Level: 1  Features: incline_top(1, 0); 	Level: 1  Features: incline_top(1, 0); 	Level: 1  Features: incline_bottom(1, 0); 	Level: 1  Features: incline_top(1, 0); incline_bottom(1, 0); 	Level: 2  Features: incline_top(1, 0); incline_bottom(1, 0); 	Level: 1  Features: incline_bottom(1, 0); 	Level: 1  Features: incline_top(1, 0); incline_bottom(1, 0); 	Level: 1  Features: incline_top(1, 0); incline_bottom(1, 0); 	Level: 1  Features: incline_top(1, 0); 	Level: 0  Features: incline_bottom(1, 0); 	Level: 0  Features: 	Level: 0  Features: incline_bottom(1, 0); 	Level: 0  Features: incline_bottom(1, 0); 	Level: 0  Features: incline_bottom(1, 0); 	Level: 0  Features: incline_bottom(1, 0); 	Level: 0  Features: incline_bottom(1, 0); 	Level: 0  Features: 	Level: 0  Features: 	Level: 0  Features: incline_top(1, 0); 	Level: -1  Features: incline_bottom(1, 0); 	Level: -1  Features: incline_bottom(1, 0); 	Level: -1  Features: incline_top(1, 0); incline_bottom(1, 0); 	Level: -2  Features: incline_bottom(1, 0); 	Level: -2  Features: incline_bottom(1, 0); 
ROW_19	Level: 1  Features: incline_top(1, 0); Rough; 	Level: 1  Features: incline_top(1, 0); 	Level: 1  Features: incline_top(1, 0); 	Level: 0  Features: incline_bottom(1, 0); 	Level: 0  Features: 	Level: 0  Features: 	Level: 0  Features: 	Level: 0  Features: Light Woods; foliage_elev(2, 0); 	Level: 0  Features: Light Woods; foliage_elev(2, 0); 	Level: 0  Features: incline_bottom(1, 0); 	Level: 0  Features: incline_bottom(1, 0); 	Level: 1  Features: incline_top(1, 0); incline_bottom(1, 0); 	Level: 2  Features: incline_top(1, 0); 	Level: 2  Features: incline_top(1, 0); incline_bottom(1, 0); 	Level: 3  Features: incline_top(1, 0); Rough; incline_bottom(1, 0); 	Level: 3  Features: incline_top(1, 0); incline_bottom(1, 0); 	Level: 2  Features: incline_top(1, 0); incline_bottom(1, 0); 	Level: 1  Features: incline_bottom(1, 0); 	Level: 1  Features: incline_top(1, 0); 	Level: 0  Features: incline_bottom(1, 0); 	Level: 0  Features: 	Level: 0  Features: Heavy Woods; foliage_elev(2, 0); incline_top(1, 0); 	Level: 0  Features: incline_top(1, 0); 	Level: 0  Features: incline_top(1, 0); 	Level: 0  Features: incline_top(1, 0); Rough; 	Level: 0  Features: incline_top(1, 0); 	Level: 0  Features: Light Woods; foliage_elev(2, 0); incline_top(1, 0); 	Level: 0  Features: Light Woods; foliage_elev(2, 0); incline_top(1, 0); 	Level: -1  Features: incline_bottom(1, 0); 	Level: -1  Features: incline_bottom(1, 0); 	Level: -1  Features: Heavy Woods; foliage_elev(2, 0); incline_bottom(1, 0); 	Level: -1  Features: Heavy Woods; incline_top(1, 0); incline_bottom(1, 0); foliage_elev(2, 0); 	Level: -1  Features: incline_top(1, 0); 	Level: -2  Features: incline_bottom(1, 0); 
ROW_20	Level: 0  Features: Rough; incline_bottom(1, 0); 	Level: 0  Features: incline_bottom(1, 0); 	Level: 0  Features: incline_bottom(1, 0); 	Level: 0  Features: incline_bottom(1, 0); 	Level: 0  Features: Rough; incline_bottom(1, 0); 	Level: 0  Features: Rough; incline_bottom(1, 0); 	Level: 0  Features: incline_bottom(1, 0); 	Level: 0  Features: 	Level: 0  Features: 	Level: 0  Features: Light Woods; foliage_elev(2, 0); 	Level: 0  Features: incline_bottom(1, 0); 	Level: 0  Features: incline_bottom(1, 0); 	Level: 2  Features: incline_top(1, 0); 	Level: 2  Features: incline_bottom(1, 0); 	Level: 4  Features: incline_top(1, 0); incline_bottom(1, 0); 	Level: 3  Features: incline_bottom(1, 0); 	Level: 4  Features: Light Woods; incline_top(1, 0); incline_bottom(1, 0); foliage_elev(2, 0); 	Level: 2  Features: incline_top(1, 0); incline_bottom(1, 0); 	Level: 1  Features: incline_bottom(1, 0); 	Level: 1  Features: incline_top(1, 0); 	Level: 0  Features: incline_bottom(1, 0); 	Level: 0  Features: incline_top(1, 0); 	Level: -1  Features: incline_bottom(1, 0); 	Level: -1  Features: incline_bottom(1, 0); 	Level: -1  Features: incline_bottom(1, 0); 	Level: -1  Features: incline_bottom(1, 0); 	Level: -1  Features: incline_bottom(1, 0); 	Level: -1  Features: Light Woods; foliage_elev(2, 0); incline_bottom(1, 0); 	Level: -1  Features: incline_bottom(1, 0); 	Level: -1  Features: incline_bottom(1, 0); 	Level: 0  Features: incline_top(1, 0); 	Level: 0  Features: incline_top(1, 0); 	Level: -1  Features: incline_bottom(1, 0); 	Level: -1  Features: incline_top(1, 0); incline_bottom(1, 0); 
ROW_21	Level: 1  Features: incline_top(1, 0); 	Level: 1  Features: incline_top(1, 0); 	Level: 1  Features: incline_top(1, 0); 	Level: 0  Features: Rough; incline_bottom(1, 0); 	Level: 1  Features: Heavy Woods; foliage_elev(2, 0); incline_top(1, 0); 	Level: 1  Features: Light Woods; foliage_elev(2, 0); incline_top(1, 0); 	Level: 0  Features: Light Woods; foliage_elev(2, 0); incline_bottom(1, 0); 	Level: 0  Features: 	Level: 0  Features: Light Woods; foliage_elev(2, 0); 	Level: 0  Features: Heavy Woods; foliage_elev(2, 0); incline_bottom(1, 0); 	Level: 1  Features: incline_top(1, 0); incline_bottom(1, 0); 	Level: 1  Features: incline_top(1, 0); incline_bottom(1, 0); 	Level: 2  Features: incline_top(1, 0); incline_bottom(1, 0); 	Level: 3  Features: Light Woods; incline_top(1, 0); incline_bottom(1, 0); foliage_elev(2, 0); 	Level: 5  Features: Light Woods; foliage_elev(2, 0); incline_top(1, 0); 	Level: 5  Features: Light Woods; foliage_elev(2, 0); incline_top(1, 0); 	Level: 4  Features: incline_top(1, 0); incline_bottom(1, 0); 	Level: 2  Features: incline_top(1, 0); incline_bottom(1, 0); 	Level: 1  Features: incline_bottom(1, 0); 	Level: 1  Features: incline_top(1, 0); incline_bottom(1, 0); 	Level: 0  Features: incline_bottom(1, 0); 	Level: 0  Features: incline_top(1, 0); 	Level: -1  Features: incline_bottom(1, 0); 	Level: -1  Features: incline_top(1, 0); 	Level: -1  Features: incline_top(1, 0); 	Level: -1  Features: Light Woods; foliage_elev(2, 0); incline_top(1, 0); 	Level: -1  Features: Light Woods; foliage_elev(2, 0); 	Level: -1  Features: incline_bottom(1, 0); 	Level: -1  Features: incline_bottom(1, 0); 	Level: 0  Features: incline_top(1, 0); incline_bottom(1, 0); 	Level: 0  Features: incline_bottom(1, 0); 	Level: 0  Features: incline_top(1, 0); incline_bottom(1, 0); 	Level: 0  Features: incline_top(1, 0); 	Level: -1  Features: incline_bottom(1, 0); 
ROW_22	Level: 1  Features: Rough; incline_bottom(1, 0); 	Level: 1  Features: Rough; incline_bottom(1, 0); 	Level: 1  Features: incline_bottom(1, 0); 	Level: 1  Features: incline_top(1, 0); 	Level: 1  Features: incline_top(1, 0); 	Level: 0  Features: Heavy Woods; foliage_elev(2, 0); incline_bottom(1, 0); 	Level: 0  Features: incline_bottom(1, 0); 	Level: 0  Features: incline_bottom(1, 0); 	Level: 0  Features: 	Level: 0  Features: incline_bottom(1, 0); 	Level: 1  Features: incline_top(1, 0); incline_bottom(1, 0); 	Level: 2  Features: incline_top(1, 0); 	Level: 2  Features: incline_top(1, 0); incline_bottom(1, 0); 	Level: 3  Features: incline_top(1, 0); incline_bottom(1, 0); 	Level: 4  Features: Heavy Woods; incline_top(1, 0); incline_bottom(1, 0); foliage_elev(2, 0); 	Level: 5  Features: incline_top(1, 0); 	Level: 4  Features: incline_top(1, 0); incline_bottom(1, 0); 	Level: 4  Features: incline_top(1, 0); 	Level: 2  Features: incline_top(1, 0); incline_bottom(1, 0); 	Level: 2  Features: incline_top(1, 0); 	Level: 1  Features: incline_top(1, 0); incline_bottom(1, 0); 	Level: 0  Features: incline_bottom(1, 0); 	Level: 0  Features: incline_top(1, 0); 	Level: -1  Features: incline_top(1, 0); incline_bottom(1, 0); 	Level: -2  Features: incline_bottom(1, 0); 	Level: -2  Features: incline_bottom(1, 0); 	Level: -1  Features: Heavy Woods; foliage_elev(2, 0); incline_top(1, 0); 	Level: -1  Features: Light Woods; foliage_elev(2, 0); incline_bottom(1, 0); 	Level: 0  Features: incline_top(1, 0); 	Level: 0  Features: incline_top(1, 0); incline_bottom(1, 0); 	Level: 1  Features: incline_top(1, 0); 	Level: 1  Features: incline_top(1, 0); 	Level: 0  Features: incline_bottom(1, 0); 	Level: 0  Features: incline_top(1, 0); 
ROW_23	Level: 2  Features: incline_top(1, 0); Rough; 	Level: 2  Features: incline_top(1, 0); 	Level: 1  Features: incline_bottom(1, 0); 	Level: 1  Features: incline_top(1, 0); 	Level: 1  Features: incline_top(1, 0); 	Level: 1  Features: incline_top(1, 0); 	Level: 1  Features: incline_top(1, 0); 	Level: 0  Features: incline_bottom(1, 0); 	Level: 0  Features: 	Level: 0  Features: incline_bottom(1, 0); 	Level: 1  Features: incline_top(1, 0); incline_bottom(1, 0); 	Level: 2  Features: incline_top(1, 0); 	Level: 2  Features: incline_bottom(1, 0); 	Level: 3  Features: incline_top(1, 0); incline_bottom(1, 0); 	Level: 4  Features: incline_top(1, 0); incline_bottom(1, 0); 	Level: 4  Features: incline_top(1, 0); Rough; incline_bottom(1, 0); 	Level: 3  Features: incline_top(1, 0); incline_bottom(1, 0); 	Level: 2  Features: incline_bottom(1, 0); 	Level: 2  Features: incline_top(1, 0); 	Level: 0  Features: incline_bottom(1, 0); 	Level: 0  Features: incline_bottom(1, 0); 	Level: 0  Features: incline_top(1, 0); 	Level: -1  Features: incline_top(1, 0); incline_bottom(1, 0); 	Level: -2  Features: incline_bottom(1, 0); 	Level: -2  Features: Light Woods; foliage_elev(2, 0); incline_bottom(1, 0); 	Level: -1  Features: incline_top(1, 0); 	Level: -1  Features: incline_top(1, 0); 	Level: -1  Features: incline_bottom(1, 0); 	Level: 0  Features: incline_top(1, 0); 	Level: 0  Features: Rough; incline_bottom(1, 0); 	Level: 0  Features: Rough; incline_bottom(1, 0); 	Level: 1  Features: incline_top(1, 0); 	Level: 0  Features: incline_top(1, 0); incline_bottom(1, 0); 	Level: 0  Features: incline_top(1, 0); 
ROW_24	Level: 2  Features: incline_top(1, 0); 	Level: 2  Features: incline_top(1, 0); 	Level: 1  Features: incline_bottom(1, 0); 	Level: 1  Features: incline_top(1, 0); 	Level: 0  Features: incline_bottom(1, 0); 	Level: 1  Features: incline_top(1, 0); 	Level: 1  Features: 	Level: 1  Features: incline_top(1, 0); 	Level: 0  Features: incline_bottom(1, 0); 	Level: 0  Features: incline_bottom(1, 0); 	Level: 0  Features: incline_bottom(1, 0); 	Level: 1  Features: incline_top(1, 0); incline_bottom(1, 0); 	Level: 2  Features: incline_top(1, 0); incline_bottom(1, 0); 	Level: 3  Features: incline_top(1, 0); 	Level: 3  Features: incline_top(1, 0); incline_bottom(1, 0); 	Level: 3  Features: incline_top(1, 0); incline_bottom(1, 0); 	Level: 4  Features: incline_top(1, 0); 	Level: 2  Features: incline_bottom(1, 0); 	Level: 2  Features: incline_top(1, 0); 	Level: 0  Features: incline_bottom(1, 0); 	Level: 0  Features: 	Level: 0  Features: incline_top(1, 0); 	Level: -1  Features: incline_top(1, 0); incline_bottom(1, 0); 	Level: -2  Features: incline_bottom(1, 0); 	Level: -2  Features: incline_bottom(1, 0); 	Level: -2  Features: Light Woods; foliage_elev(2, 0); incline_bottom(1, 0); 	Level: -2  Features: incline_bottom(1, 0); 	Level: -1  Features: incline_top(1, 0); incline_bottom(1, 0); 	Level: -1  Features: incline_bottom(1, 0); 	Level: 0  Features: incline_top(1, 0); 	Level: 0  Features: incline_bottom(1, 0); 	Level: 1  Features: incline_top(1, 0); Rough; 	Level: 0  Features: incline_top(1, 0); incline_bottom(1, 0); 	Level: -1  Features: Rough; incline_bottom(1, 0); 
ROW_25	Level: 1  Features: incline_bottom(1, 0); 	Level: 1  Features: incline_bottom(1, 0); 	Level: 1  Features: 	Level: 1  Features: incline_top(1, 0); 	Level: 1  Features: incline_top(1, 0); 	Level: 1  Features: 	Level: 1  Features: Rough; 	Level: 1  Features: incline_top(1, 0); 	Level: 1  Features: incline_top(1, 0); 	Level: 0  Features: Rough; incline_bottom(1, 0); 	Level: 1  Features: incline_top(1, 0); Rough; 	Level: 1  Features: incline_top(1, 0); incline_bottom(1, 0); 	Level: 2  Features: incline_top(1, 0); incline_bottom(1, 0); 	Level: 2  Features: Light Woods; incline_top(1, 0); incline_bottom(1, 0); foliage_elev(2, 0); 	Level: 3  Features: incline_top(1, 0); 	Level: 2  Features: incline_top(1, 0); incline_bottom(1, 0); 	Level: 3  Features: incline_top(1, 0); incline_bottom(1, 0); 	Level: 2  Features: incline_top(1, 0); Rough; incline_bottom(1, 0); 	Level: 1  Features: incline_top(1, 0); incline_bottom(1, 0); 	Level: 0  Features: incline_bottom(1, 0); 	Level: 0  Features: incline_top(1, 0); 	Level: -1  Features: incline_top(1, 0); incline_bottom(1, 0); 	Level: -2  Features: incline_bottom(1, 0); 	Level: -2  Features: incline_bottom(1, 0); 	Level: -1  Features: Heavy Woods; foliage_elev(2, 0); incline_top(1, 0); 	Level: -1  Features: Light Woods; foliage_elev(2, 0); incline_top(1, 0); 	Level: -1  Features: Light Woods; incline_top(1, 0); incline_bottom(1, 0); foliage_elev(2, 0); 	Level: 0  Features: incline_top(1, 0); Rough; 	Level: 0  Features: incline_top(1, 0); 	Level: 0  Features: incline_bottom(1, 0); 	Level: 1  Features: incline_top(1, 0); 	Level: 1  Features: Heavy Woods; foliage_elev(2, 0); incline_top(1, 0); 	Level: 0  Features: incline_top(1, 0); incline_bottom(1, 0); 	Level: 0  Features: incline_top(1, 0); 
ROW_26	Level: 1  Features: incline_bottom(1, 0); 	Level: 1  Features: incline_bottom(1, 0); 	Level: 1  Features: incline_bottom(1, 0); 	Level: 1  Features: incline_bottom(1, 0); 	Level: 1  Features: incline_bottom(1, 0); 	Level: 1  Features: incline_bottom(1, 0); 	Level: 1  Features: Rough; incline_bottom(1, 0); 	Level: 1  Features: incline_bottom(1, 0); 	Level: 1  Features: incline_top(1, 0); 	Level: 0  Features: incline_bottom(1, 0); 	Level: 0  Features: Rough; incline_bottom(1, 0); 	Level: 0  Features: incline_bottom(1, 0); 	Level: 1  Features: incline_top(1, 0); incline_bottom(1, 0); 	Level: 1  Features: incline_top(1, 0); incline_bottom(1, 0); 	Level: 2  Features: Light Woods; incline_top(1, 0); incline_bottom(1, 0); foliage_elev(2, 0); 	Level: 2  Features: incline_top(1, 0); incline_bottom(1, 0); 	Level: 1  Features: incline_bottom(1, 0); 	Level: 2  Features: incline_top(1, 0); incline_bottom(1, 0); 	Level: 1  Features: incline_top(1, 0); incline_bottom(1, 0); 	Level: 0  Features: incline_bottom(1, 0); 	Level: 0  Features: incline_top(1, 0); 	Level: -1  Features: incline_top(1, 0); incline_bottom(1, 0); 	Level: -2  Features: incline_bottom(1, 0); 	Level: -2  Features: Rough; 	Level: -2  Features: incline_bottom(1, 0); 	Level: -1  Features: incline_top(1, 0); 	Level: -1  Features: Rough; 	Level: -1  Features: Heavy Woods; foliage_elev(2, 0); incline_bottom(1, 0); 	Level: 0  Features: incline_top(1, 0); 	Level: 0  Features: 	Level: 0  Features: incline_bottom(1, 0); 	Level: 0  Features: incline_bottom(1, 0); 	Level: 0  Features: incline_top(1, 0); incline_bottom(1, 0); 	Level: -1  Features: incline_bottom(1, 0); 
ROW_27	Level: 2  Features: incline_top(1, 0); 	Level: 2  Features: incline_top(1, 0); 	Level: 2  Features: incline_top(1, 0); 	Level: 1  Features: incline_bottom(1, 0); 	Level: 2  Features: incline_top(1, 0); 	Level: 2  Features: incline_top(1, 0); 	Level: 2  Features: incline_top(1, 0); Rough; 	Level: 1  Features: incline_bottom(1, 0); 	Level: 1  Features: incline_top(1, 0); 	Level: 0  Features: incline_bottom(1, 0); 	Level: 0  Features: 	Level: 0  Features: incline_bottom(1, 0); 	Level: 1  Features: incline_top(1, 0); 	Level: 0  Features: incline_bottom(1, 0); 	Level: 0  Features: incline_bottom(1, 0); 	Level: 1  Features: Heavy Woods; incline_top(1, 0); incline_bottom(1, 0); foliage_elev(2, 0); 	Level: 1  Features: incline_top(1, 0); incline_bottom(1, 0); 	Level: 1  Features: incline_top(1, 0); incline_bottom(1, 0); 	Level: 0  Features: incline_bottom(1, 0); 	Level: 0  Features: incline_top(1, 0); 	Level: -1  Features: incline_top(1, 0); incline_bottom(1, 0); 	Level: -1  Features: incline_top(1, 0); 	Level: -2  Features: incline_bottom(1, 0); 	Level: -2  Features: Rough; incline_bottom(1, 0); 	Level: -2  Features: incline_bottom(1, 0); 	Level: -1  Features: Light Woods; incline_top(1, 0); incline_bottom(1, 0); foliage_elev(2, 0); 	Level: -1  Features: Rough; incline_bottom(1, 0); 	Level: -1  Features: incline_bottom(1, 0); 	Level: 0  Features: incline_top(1, 0); 	Level: 0  Features: Light Woods; foliage_elev(2, 0); 	Level: 0  Features: 	Level: 0  Features: incline_top(1, 0); 	Level: -1  Features: incline_bottom(1, 0); 	Level: -1  Features: 
ROW_28	Level: 2  Features: incline_top(1, 0); Rough; 	Level: 2  Features: incline_top(1, 0); 	Level: 2  Features: incline_top(1, 0); 	Level: 1  Features: incline_bottom(1, 0); 	Level: 1  Features: incline_bottom(1, 0); 	Level: 2  Features: incline_top(1, 0); 	Level: 2  Features: incline_top(1, 0); 	Level: 1  Features: incline_bottom(1, 0); 	Level: 1  Features: Rough; 	Level: 1  Features: incline_top(1, 0); Rough; 	Level: 0  Features: incline_bottom(1, 0); 	Level: 0  Features: 	Level: 0  Features: Light Woods; foliage_elev(2, 0); incline_bottom(1, 0); 	Level: 0  Features: incline_bottom(1, 0); 	Level: 0  Features: 	Level: 0  Features: incline_bottom(1, 0); 	Level: 0  Features: Light Woods; foliage_elev(2, 0); incline_bottom(1, 0); 	Level: 0  Features: Heavy Woods; foliage_elev(2, 0); incline_bottom(1, 0); 	Level: 0  Features: incline_bottom(1, 0); 	Level: 0  Features: incline_top(1, 0); 	Level: -1  Features: incline_top(1, 0); incline_bottom(1, 0); 	Level: -2  Features: Light Woods; foliage_elev(2, 0); incline_bottom(1, 0); 	Level: -2  Features: incline_bottom(1, 0); 	Level: -2  Features: incline_bottom(1, 0); 	Level: -1  Features: Light Woods; incline_top(1, 0); incline_bottom(1, 0); foliage_elev(2, 0); 	Level: 0  Features: Light Woods; foliage_elev(2, 0); incline_top(1, 0); 	Level: 0  Features: incline_top(1, 0); 	Level: 0  Features: incline_top(1, 0); 	Level: 0  Features: incline_top(1, 0); 	Level: 0  Features: Heavy Woods; foliage_elev(2, 0); incline_top(1, 0); 	Level: 0  Features: incline_top(1, 0); 	Level: 0  Features: incline_top(1, 0); 	Level: 0  Features: Light Woods; foliage_elev(2, 0); incline_top(1, 0); 	Level: -1  Features: incline_bottom(1, 0); 
ROW_29	Level: 1  Features: incline_bottom(1, 0); 	Level: 1  Features: incline_bottom(1, 0); 	Level: 1  Features: Light Woods; incline_top(1, 0); incline_bottom(1, 0); foliage_elev(2, 0); 	Level: 1  Features: incline_top(1, 0); 	Level: 1  Features: incline_bottom(1, 0); 	Level: 1  Features: incline_bottom(1, 0); 	Level: 1  Features: incline_bottom(1, 0); 	Level: 1  Features: 	Level: 1  Features: incline_top(1, 0); 	Level: 0  Features: Rough; incline_bottom(1, 0); 	Level: 0  Features: incline_bottom(1, 0); 	Level: 0  Features: incline_bottom(1, 0); 	Level: 0  Features: incline_top(1, 0); 	Level: 0  Features: incline_top(1, 0); 	Level: 0  Features: incline_top(1, 0); 	Level: 0  Features: incline_top(1, 0); 	Level: 0  Features: incline_top(1, 0); 	Level: 0  Features: incline_top(1, 0); 	Level: 0  Features: incline_top(1, 0); 	Level: -1  Features: incline_top(1, 0); incline_bottom(1, 0); 	Level: -2  Features: incline_bottom(1, 0); 	Level: -2  Features: Light Woods; foliage_elev(2, 0); incline_bottom(1, 0); 	Level: -1  Features: incline_top(1, 0); 	Level: -1  Features: Light Woods; foliage_elev(2, 0); incline_top(1, 0); 	Level: -1  Features: incline_bottom(1, 0); 	Level: -1  Features: incline_bottom(1, 0); 	Level: -1  Features: Light Woods; foliage_elev(2, 0); incline_bottom(1, 0); 	Level: -1  Features: Heavy Woods; foliage_elev(2, 0); incline_bottom(1, 0); 	Level: -1  Features: Light Woods; foliage_elev(2, 0); incline_bottom(1, 0); 	Level: -1  Features: Heavy Woods; foliage_elev(2, 0); incline_bottom(1, 0); 	Level: 0  Features: incline_top(1, 0); 	Level: -1  Features: Heavy Woods; foliage_elev(2, 0); incline_bottom(1, 0); 	Level: -1  Features: incline_top(1, 0); incline_bottom(1, 0); 	Level: -1  Features: incline_top(1, 0); 
ROW_30	Level: 1  Features: 	Level: 1  Features: 	Level: 1  Features: incline_top(1, 0); 	Level: 0  Features: incline_bottom(1, 0); 	Level: 1  Features: incline_top(1, 0); 	Level: 1  Features: incline_top(1, 0); 	Level: 1  Features: incline_top(1, 0); 	Level: 1  Features: incline_top(1, 0); 	Level: 1  Features: Light Woods; foliage_elev(2, 0); incline_top(1, 0); 	Level: 0  Features: incline_bottom(1, 0); 	Level: 0  Features: incline_bottom(1, 0); 	Level: 1  Features: incline_top(1, 0); 	Level: 0  Features: incline_top(1, 0); incline_bottom(1, 0); 	Level: -1  Features: incline_bottom(1, 0); 	Level: -1  Features: incline_bottom(1, 0); 	Level: -1  Features: incline_top(1, 0); incline_bottom(1, 0); 	Level: -1  Features: incline_top(1, 0); incline_bottom(1, 0); 	Level: -1  Features: incline_top(1, 0); incline_bottom(1, 0); 	Level: -1  Features: incline_top(1, 0); incline_bottom(1, 0); 	Level: -1  Features: incline_top(1, 0); incline_bottom(1, 0); 	Level: -2  Features: incline_bottom(1, 0); 	Level: -2  Features: Heavy Woods; foliage_elev(2, 0); 	Level: -2  Features: incline_bottom(1, 0); 	Level: -2  Features: incline_bottom(1, 0); 	Level: -1  Features: incline_top(1, 0); 	Level: -1  Features: 	Level: -1  Features: Light Woods; foliage_elev(2, 0); 	Level: -1  Features: 	Level: -1  Features: 	Level: -1  Features: incline_bottom(1, 0); 	Level: -1  Features: incline_bottom(1, 0); 	Level: -1  Features: incline_bottom(1, 0); 	Level: -1  Features: incline_top(1, 0); incline_bottom(1, 0); 	Level: -2  Features: Heavy Woods; foliage_elev(2, 0); incline_bottom(1, 0); 
ROW_31	Level: 1  Features: 	Level: 1  Features: incline_top(1, 0); 	Level: 0  Features: incline_bottom(1, 0); 	Level: 0  Features: incline_bottom(1, 0); 	Level: 0  Features: incline_bottom(1, 0); 	Level: 0  Features: incline_bottom(1, 0); 	Level: 0  Features: Rough; incline_bottom(1, 0); 	Level: 0  Features: incline_bottom(1, 0); 	Level: 0  Features: Light Woods; foliage_elev(2, 0); incline_bottom(1, 0); 	Level: 0  Features: incline_bottom(1, 0); 	Level: 1  Features: incline_top(1, 0); 	Level: 1  Features: incline_top(1, 0); 	Level: 1  Features: incline_top(1, 0); 	Level: 0  Features: incline_top(1, 0); incline_bottom(1, 0); 	Level: -1  Features: incline_top(1, 0); incline_bottom(1, 0); 	Level: -2  Features: incline_bottom(1, 0); 	Level: -2  Features: incline_bottom(1, 0); 	Level: -2  Features: incline_bottom(1, 0); 	Level: -2  Features: incline_bottom(1, 0); 	Level: -2  Features: incline_bottom(1, 0); 	Level: -2  Features: Light Woods; foliage_elev(2, 0); 	Level: -2  Features: Heavy Woods; foliage_elev(2, 0); incline_bottom(1, 0); 	Level: -1  Features: incline_top(1, 0); 	Level: -1  Features: incline_top(1, 0); 	Level: -1  Features: 	Level: -1  Features: 	Level: -1  Features: 	Level: -1  Features: 	Level: -1  Features: incline_bottom(1, 0); 	Level: 0  Features: incline_top(1, 0); 	Level: 0  Features: incline_top(1, 0); 	Level: 0  Features: incline_top(1, 0); 	Level: -1  Features: incline_top(1, 0); incline_bottom(1, 0); 	Level: -1  Features: Light Woods; foliage_elev(2, 0); incline_top(1, 0); 
THEME	CITY_TYPE	MAP_SIZE	MAP_WIDTH	MAP_HEIGHT
	None	1	1
TEMPERATURE	WEATHER	GRAVITY	WIND	ATMOSPHERE	FOG	LIGHT
25	CLEAR	1.0	Calm	Standard	None	Daylight
ROUND	PHASE	PLAYER_ID	ENTITY_ID	CHASSIS	MODEL	TYPE	ROLE	X	Y	FACING	MP	HEAT	PRONE	AIRBORNE	OFF_BOARD	CRIPPLED	DESTROYED	ARMOR_P	INTERNAL_P	DONE	MAX_RANGE	TOTAL_DAMAGE	TEAM_ID
0	DEPLOYMENT	0	1	LRM Carrier	LRM Carrier	Tank	MISSILE_BOAT	-1	-1	0	0.00	0.00	0	0	0	0	0	1.00	1.00	0	28	60	1
0	DEPLOYMENT	0	2	LRM Carrier	LRM Carrier	Tank	MISSILE_BOAT	-1	-1	0	0.00	0.00	0	0	0	0	0	1.00	1.00	0	28	60	1
0	DEPLOYMENT	0	3	Sprint Scout Helicopter	Sprint Scout Helicopter	VTOL	SCOUT	-1	-1	0	0.00	0.00	0	0	0	0	0	1.00	1.00	0	18	0	1
0	DEPLOYMENT	0	4	Sprint Scout Helicopter	Sprint Scout Helicopter	VTOL	SCOUT	-1	-1	0	0.00	0.00	0	0	0	0	0	1.00	1.00	0	18	0	1
0	DEPLOYMENT	1	5	Atlas	Atlas	BipedMek	JUGGERNAUT	29	2	4	0.00	0.00	0	0	0	0	0	1.00	1.00	1	28	66	2
ROUND	PHASE	PLAYER_ID	ENTITY_ID	CHASSIS	MODEL	TYPE	ROLE	X	Y	FACING	MP	HEAT	PRONE	AIRBORNE	OFF_BOARD	CRIPPLED	DESTROYED	ARMOR_P	INTERNAL_P	DONE	MAX_RANGE	TOTAL_DAMAGE	TEAM_ID
0	DEPLOYMENT	0	1	LRM Carrier	LRM Carrier	Tank	MISSILE_BOAT	7	25	0	0.00	0.00	0	0	0	0	0	1.00	1.00	1	28	60	1
0	DEPLOYMENT	0	2	LRM Carrier	LRM Carrier	Tank	MISSILE_BOAT	-1	-1	0	0.00	0.00	0	0	0	0	0	1.00	1.00	0	28	60	1
0	DEPLOYMENT	0	3	Sprint Scout Helicopter	Sprint Scout Helicopter	VTOL	SCOUT	-1	-1	0	0.00	0.00	0	0	0	0	0	1.00	1.00	0	18	0	1
0	DEPLOYMENT	0	4	Sprint Scout Helicopter	Sprint Scout Helicopter	VTOL	SCOUT	-1	-1	0	0.00	0.00	0	0	0	0	0	1.00	1.00	0	18	0	1
0	DEPLOYMENT	1	5	Atlas	Atlas	BipedMek	JUGGERNAUT	29	2	4	0.00	0.00	0	0	0	0	0	1.00	1.00	1	28	66	2
ROUND	PHASE	PLAYER_ID	ENTITY_ID	CHASSIS	MODEL	TYPE	ROLE	X	Y	FACING	MP	HEAT	PRONE	AIRBORNE	OFF_BOARD	CRIPPLED	DESTROYED	ARMOR_P	INTERNAL_P	DONE	MAX_RANGE	TOTAL_DAMAGE	TEAM_ID
0	DEPLOYMENT	0	1	LRM Carrier	LRM Carrier	Tank	MISSILE_BOAT	7	25	0	0.00	0.00	0	0	0	0	0	1.00	1.00	1	28	60	1
0	DEPLOYMENT	0	2	LRM Carrier	LRM Carrier	Tank	MISSILE_BOAT	6	25	0	0.00	0.00	0	0	0	0	0	1.00	1.00	1	28	60	1
0	DEPLOYMENT	0	3	Sprint Scout Helicopter	Sprint Scout Helicopter	VTOL	SCOUT	-1	-1	0	0.00	0.00	0	0	0	0	0	1.00	1.00	0	18	0	1
0	DEPLOYMENT	0	4	Sprint Scout Helicopter	Sprint Scout Helicopter	VTOL	SCOUT	-1	-1	0	0.00	0.00	0	0	0	0	0	1.00	1.00	0	18	0	1
0	DEPLOYMENT	1	5	Atlas	Atlas	BipedMek	JUGGERNAUT	29	2	4	0.00	0.00	0	0	0	0	0	1.00	1.00	1	28	66	2
ROUND	PHASE	PLAYER_ID	ENTITY_ID	CHASSIS	MODEL	TYPE	ROLE	X	Y	FACING	MP	HEAT	PRONE	AIRBORNE	OFF_BOARD	CRIPPLED	DESTROYED	ARMOR_P	INTERNAL_P	DONE	MAX_RANGE	TOTAL_DAMAGE	TEAM_ID
0	DEPLOYMENT	0	1	LRM Carrier	LRM Carrier	Tank	MISSILE_BOAT	7	25	0	0.00	0.00	0	0	0	0	0	1.00	1.00	1	28	60	1
0	DEPLOYMENT	0	2	LRM Carrier	LRM Carrier	Tank	MISSILE_BOAT	6	25	0	0.00	0.00	0	0	0	0	0	1.00	1.00	1	28	60	1
0	DEPLOYMENT	0	3	Sprint Scout Helicopter	Sprint Scout Helicopter	VTOL	SCOUT	19	27	0	0.00	0.00	0	0	0	0	0	1.00	1.00	1	18	0	1
0	DEPLOYMENT	0	4	Sprint Scout Helicopter	Sprint Scout Helicopter	VTOL	SCOUT	-1	-1	0	0.00	0.00	0	0	0	0	0	1.00	1.00	0	18	0	1
0	DEPLOYMENT	1	5	Atlas	Atlas	BipedMek	JUGGERNAUT	29	2	4	0.00	0.00	0	0	0	0	0	1.00	1.00	1	28	66	2
ROUND	PHASE	PLAYER_ID	ENTITY_ID	CHASSIS	MODEL	TYPE	ROLE	X	Y	FACING	MP	HEAT	PRONE	AIRBORNE	OFF_BOARD	CRIPPLED	DESTROYED	ARMOR_P	INTERNAL_P	DONE	MAX_RANGE	TOTAL_DAMAGE	TEAM_ID
0	DEPLOYMENT	0	1	LRM Carrier	LRM Carrier	Tank	MISSILE_BOAT	7	25	0	0.00	0.00	0	0	0	0	0	1.00	1.00	1	28	60	1
0	DEPLOYMENT	0	2	LRM Carrier	LRM Carrier	Tank	MISSILE_BOAT	6	25	0	0.00	0.00	0	0	0	0	0	1.00	1.00	1	28	60	1
0	DEPLOYMENT	0	3	Sprint Scout Helicopter	Sprint Scout Helicopter	VTOL	SCOUT	19	27	0	0.00	0.00	0	0	0	0	0	1.00	1.00	1	18	0	1
0	DEPLOYMENT	0	4	Sprint Scout Helicopter	Sprint Scout Helicopter	VTOL	SCOUT	19	26	0	0.00	0.00	0	0	0	0	0	1.00	1.00	1	18	0	1
0	DEPLOYMENT	1	5	Atlas	Atlas	BipedMek	JUGGERNAUT	29	2	4	0.00	0.00	0	0	0	0	0	1.00	1.00	1	28	66	2
ROUND	PHASE	PLAYER_ID	ENTITY_ID	CHASSIS	MODEL	TYPE	ROLE	X	Y	FACING	MP	HEAT	PRONE	AIRBORNE	OFF_BOARD	CRIPPLED	DESTROYED	ARMOR_P	INTERNAL_P	DONE	MAX_RANGE	TOTAL_DAMAGE	TEAM_ID
1	TARGETING	0	1	LRM Carrier	LRM Carrier	Tank	MISSILE_BOAT	7	25	0	0.00	0.00	0	0	0	0	0	1.00	1.00	1	28	60	1
1	TARGETING	0	2	LRM Carrier	LRM Carrier	Tank	MISSILE_BOAT	6	25	0	0.00	0.00	0	0	0	0	0	1.00	1.00	1	28	60	1
1	TARGETING	0	3	Sprint Scout Helicopter	Sprint Scout Helicopter	VTOL	SCOUT	19	27	0	0.00	0.00	0	0	0	0	0	1.00	1.00	1	18	0	1
1	TARGETING	0	4	Sprint Scout Helicopter	Sprint Scout Helicopter	VTOL	SCOUT	19	26	0	0.00	0.00	0	0	0	0	0	1.00	1.00	1	18	0	1
1	TARGETING	1	5	Atlas	Atlas	BipedMek	JUGGERNAUT	29	2	4	0.00	0.00	0	0	0	0	0	1.00	1.00	1	28	66	2
PLAYER_ID	ENTITY_ID	CHASSIS	MODEL	FACING	FROM_X	FROM_Y	TO_X	TO_Y	HEXES_MOVED	DISTANCE	MP_USED	MAX_MP	MP_P	HEAT_P	ARMOR_P	INTERNAL_P	JUMPING	PRONE	LEGAL	STEPS	TEAM_ID	CHANCE_OF_FAILURE	IS_BOT
1	5	Atlas	AS7-D	3	28	3	25	4	4	0	5	6	0.83	0.00	1.00	1.00	0	0	1	FORWARDS FORWARDS FORWARDS FORWARDS TURN_LEFT	2	0.00	1
ROUND	PHASE	PLAYER_ID	ENTITY_ID	CHASSIS	MODEL	TYPE	ROLE	X	Y	FACING	MP	HEAT	PRONE	AIRBORNE	OFF_BOARD	CRIPPLED	DESTROYED	ARMOR_P	INTERNAL_P	DONE	MAX_RANGE	TOTAL_DAMAGE	TEAM_ID
1	MOVEMENT	0	1	LRM Carrier	LRM Carrier	Tank	MISSILE_BOAT	7	25	0	0.00	0.00	0	0	0	0	0	1.00	1.00	0	28	60	1
1	MOVEMENT	0	2	LRM Carrier	LRM Carrier	Tank	MISSILE_BOAT	6	25	0	0.00	0.00	0	0	0	0	0	1.00	1.00	0	28	60	1
1	MOVEMENT	0	3	Sprint Scout Helicopter	Sprint Scout Helicopter	VTOL	SCOUT	19	27	0	0.00	0.00	0	0	0	0	0	1.00	1.00	0	18	0	1
1	MOVEMENT	0	4	Sprint Scout Helicopter	Sprint Scout Helicopter	VTOL	SCOUT	19	26	0	0.00	0.00	0	0	0	0	0	1.00	1.00	0	18	0	1
1	MOVEMENT	1	5	Atlas	Atlas	BipedMek	JUGGERNAUT	25	4	3	0.00	0.00	0	0	0	0	0	1.00	1.00	1	28	66	2
PLAYER_ID	ENTITY_ID	CHASSIS	MODEL	FACING	FROM_X	FROM_Y	TO_X	TO_Y	HEXES_MOVED	DISTANCE	MP_USED	MAX_MP	MP_P	HEAT_P	ARMOR_P	INTERNAL_P	JUMPING	PRONE	LEGAL	STEPS	TEAM_ID	CHANCE_OF_FAILURE	IS_BOT
0	1	LRM Carrier	(3055 Upgrade)	0	-1	-1	7	25	0	0	0	3	0.00	0.00	1.00	1.00	0	0	1		1	0.00	0
ROUND	PHASE	PLAYER_ID	ENTITY_ID	CHASSIS	MODEL	TYPE	ROLE	X	Y	FACING	MP	HEAT	PRONE	AIRBORNE	OFF_BOARD	CRIPPLED	DESTROYED	ARMOR_P	INTERNAL_P	DONE	MAX_RANGE	TOTAL_DAMAGE	TEAM_ID
1	MOVEMENT	0	1	LRM Carrier	LRM Carrier	Tank	MISSILE_BOAT	7	25	0	0.00	0.00	0	0	0	0	0	1.00	1.00	1	28	60	1
1	MOVEMENT	0	2	LRM Carrier	LRM Carrier	Tank	MISSILE_BOAT	6	25	0	0.00	0.00	0	0	0	0	0	1.00	1.00	0	28	60	1
1	MOVEMENT	0	3	Sprint Scout Helicopter	Sprint Scout Helicopter	VTOL	SCOUT	19	27	0	0.00	0.00	0	0	0	0	0	1.00	1.00	0	18	0	1
1	MOVEMENT	0	4	Sprint Scout Helicopter	Sprint Scout Helicopter	VTOL	SCOUT	19	26	0	0.00	0.00	0	0	0	0	0	1.00	1.00	0	18	0	1
1	MOVEMENT	1	5	Atlas	Atlas	BipedMek	JUGGERNAUT	25	4	3	0.00	0.00	0	0	0	0	0	1.00	1.00	1	28	66	2
PLAYER_ID	ENTITY_ID	CHASSIS	MODEL	FACING	FROM_X	FROM_Y	TO_X	TO_Y	HEXES_MOVED	DISTANCE	MP_USED	MAX_MP	MP_P	HEAT_P	ARMOR_P	INTERNAL_P	JUMPING	PRONE	LEGAL	STEPS	TEAM_ID	CHANCE_OF_FAILURE	IS_BOT
0	2	LRM Carrier	(3055 Upgrade)	0	-1	-1	6	25	0	0	0	3	0.00	0.00	1.00	1.00	0	0	1		1	0.00	0
ROUND	PHASE	PLAYER_ID	ENTITY_ID	CHASSIS	MODEL	TYPE	ROLE	X	Y	FACING	MP	HEAT	PRONE	AIRBORNE	OFF_BOARD	CRIPPLED	DESTROYED	ARMOR_P	INTERNAL_P	DONE	MAX_RANGE	TOTAL_DAMAGE	TEAM_ID
1	MOVEMENT	0	1	LRM Carrier	LRM Carrier	Tank	MISSILE_BOAT	7	25	0	0.00	0.00	0	0	0	0	0	1.00	1.00	1	28	60	1
1	MOVEMENT	0	2	LRM Carrier	LRM Carrier	Tank	MISSILE_BOAT	6	25	0	0.00	0.00	0	0	0	0	0	1.00	1.00	1	28	60	1
1	MOVEMENT	0	3	Sprint Scout Helicopter	Sprint Scout Helicopter	VTOL	SCOUT	19	27	0	0.00	0.00	0	0	0	0	0	1.00	1.00	0	18	0	1
1	MOVEMENT	0	4	Sprint Scout Helicopter	Sprint Scout Helicopter	VTOL	SCOUT	19	26	0	0.00	0.00	0	0	0	0	0	1.00	1.00	0	18	0	1
1	MOVEMENT	1	5	Atlas	Atlas	BipedMek	JUGGERNAUT	25	4	3	0.00	0.00	0	0	0	0	0	1.00	1.00	1	28	66	2
PLAYER_ID	ENTITY_ID	CHASSIS	MODEL	FACING	FROM_X	FROM_Y	TO_X	TO_Y	HEXES_MOVED	DISTANCE	MP_USED	MAX_MP	MP_P	HEAT_P	ARMOR_P	INTERNAL_P	JUMPING	PRONE	LEGAL	STEPS	TEAM_ID	CHANCE_OF_FAILURE	IS_BOT
0	3	Sprint Scout Helicopter		0	19	26	19	7	20	0	20	26	0.77	0.00	1.00	1.00	0	0	1	FORWARDS FORWARDS FORWARDS FORWARDS FORWARDS FORWARDS FORWARDS FORWARDS FORWARDS FORWARDS FORWARDS FORWARDS FORWARDS FORWARDS FORWARDS FORWARDS FORWARDS FORWARDS FORWARDS FORWARDS	1	0.00	0
ROUND	PHASE	PLAYER_ID	ENTITY_ID	CHASSIS	MODEL	TYPE	ROLE	X	Y	FACING	MP	HEAT	PRONE	AIRBORNE	OFF_BOARD	CRIPPLED	DESTROYED	ARMOR_P	INTERNAL_P	DONE	MAX_RANGE	TOTAL_DAMAGE	TEAM_ID
1	MOVEMENT	0	1	LRM Carrier	LRM Carrier	Tank	MISSILE_BOAT	7	25	0	0.00	0.00	0	0	0	0	0	1.00	1.00	1	28	60	1
1	MOVEMENT	0	2	LRM Carrier	LRM Carrier	Tank	MISSILE_BOAT	6	25	0	0.00	0.00	0	0	0	0	0	1.00	1.00	1	28	60	1
1	MOVEMENT	0	3	Sprint Scout Helicopter	Sprint Scout Helicopter	VTOL	SCOUT	19	7	0	0.00	0.00	0	0	0	0	0	1.00	1.00	1	18	0	1
1	MOVEMENT	0	4	Sprint Scout Helicopter	Sprint Scout Helicopter	VTOL	SCOUT	19	26	0	0.00	0.00	0	0	0	0	0	1.00	1.00	0	18	0	1
1	MOVEMENT	1	5	Atlas	Atlas	BipedMek	JUGGERNAUT	25	4	3	0.00	0.00	0	0	0	0	0	1.00	1.00	1	28	66	2
PLAYER_ID	ENTITY_ID	CHASSIS	MODEL	FACING	FROM_X	FROM_Y	TO_X	TO_Y	HEXES_MOVED	DISTANCE	MP_USED	MAX_MP	MP_P	HEAT_P	ARMOR_P	INTERNAL_P	JUMPING	PRONE	LEGAL	STEPS	TEAM_ID	CHANCE_OF_FAILURE	IS_BOT
0	4	Sprint Scout Helicopter		1	19	25	19	8	18	0	19	26	0.73	0.00	1.00	1.00	0	0	1	FORWARDS FORWARDS FORWARDS FORWARDS FORWARDS FORWARDS FORWARDS FORWARDS FORWARDS FORWARDS FORWARDS FORWARDS FORWARDS FORWARDS FORWARDS FORWARDS FORWARDS FORWARDS TURN_RIGHT	1	0.00	0
ROUND	PHASE	PLAYER_ID	ENTITY_ID	CHASSIS	MODEL	TYPE	ROLE	X	Y	FACING	MP	HEAT	PRONE	AIRBORNE	OFF_BOARD	CRIPPLED	DESTROYED	ARMOR_P	INTERNAL_P	DONE	MAX_RANGE	TOTAL_DAMAGE	TEAM_ID
1	MOVEMENT	0	1	LRM Carrier	LRM Carrier	Tank	MISSILE_BOAT	7	25	0	0.00	0.00	0	0	0	0	0	1.00	1.00	1	28	60	1
1	MOVEMENT	0	2	LRM Carrier	LRM Carrier	Tank	MISSILE_BOAT	6	25	0	0.00	0.00	0	0	0	0	0	1.00	1.00	1	28	60	1
1	MOVEMENT	0	3	Sprint Scout Helicopter	Sprint Scout Helicopter	VTOL	SCOUT	19	7	0	0.00	0.00	0	0	0	0	0	1.00	1.00	1	18	0	1
1	MOVEMENT	0	4	Sprint Scout Helicopter	Sprint Scout Helicopter	VTOL	SCOUT	19	8	1	0.00	0.00	0	0	0	0	0	1.00	1.00	1	18	0	1
1	MOVEMENT	1	5	Atlas	Atlas	BipedMek	JUGGERNAUT	25	4	3	0.00	0.00	0	0	0	0	0	1.00	1.00	1	28	66	2
ROUND	PLAYER_ID	ENTITY_ID	TYPE	ROLE	X	Y	FACING	TARGET_PLAYER_ID	TARGET_ID	TARGET_TYPE	TARGET_ROLE	TARGET_X	TARGET_Y	TARGET_FACING	AIMING_LOC	AIMING_MODE	WEAPON_ID	AMMO_ID	ATA	ATG	GTG	GTA	TO_HIT	TURNS_TO_HIT	SPOTTER_ID
1	0	4	VTOL	SCOUT	19	8	1	1	5	BipedMek	JUGGERNAUT	25	4	3	-1	NONE	0	-1	0	0	1	0	9.00	0	-1
ROUND	PHASE	PLAYER_ID	ENTITY_ID	CHASSIS	MODEL	TYPE	ROLE	X	Y	FACING	MP	HEAT	PRONE	AIRBORNE	OFF_BOARD	CRIPPLED	DESTROYED	ARMOR_P	INTERNAL_P	DONE	MAX_RANGE	TOTAL_DAMAGE	TEAM_ID
1	OFFBOARD	0	1	LRM Carrier	LRM Carrier	Tank	MISSILE_BOAT	7	25	0	0.00	0.00	0	0	0	0	0	1.00	1.00	1	28	60	1
1	OFFBOARD	0	2	LRM Carrier	LRM Carrier	Tank	MISSILE_BOAT	6	25	0	0.00	0.00	0	0	0	0	0	1.00	1.00	1	28	60	1
1	OFFBOARD	0	3	Sprint Scout Helicopter	Sprint Scout Helicopter	VTOL	SCOUT	19	7	0	0.00	0.00	0	0	0	0	0	1.00	1.00	1	18	0	1
1	OFFBOARD	0	4	Sprint Scout Helicopter	Sprint Scout Helicopter	VTOL	SCOUT	19	8	1	0.00	0.00	0	0	0	0	0	1.00	1.00	1	0	0	1
1	OFFBOARD	1	5	Atlas	Atlas	BipedMek	JUGGERNAUT	25	4	3	0.00	0.00	0	0	0	0	0	1.00	1.00	1	28	66	2
ROUND	PLAYER_ID	ENTITY_ID	TYPE	ROLE	X	Y	FACING	TARGET_PLAYER_ID	TARGET_ID	TARGET_TYPE	TARGET_ROLE	TARGET_X	TARGET_Y	TARGET_FACING	AIMING_LOC	AIMING_MODE	WEAPON_ID	AMMO_ID	ATA	ATG	GTG	GTA	TO_HIT	TURNS_TO_HIT	SPOTTER_ID
1	1	5	BipedMek	JUGGERNAUT	25	4	3	0	4	VTOL	SCOUT	19	8	1	-1	NONE	11	13	0	0	1	0	12.00	0	-1
ROUND	PHASE	PLAYER_ID	ENTITY_ID	CHASSIS	MODEL	TYPE	ROLE	X	Y	FACING	MP	HEAT	PRONE	AIRBORNE	OFF_BOARD	CRIPPLED	DESTROYED	ARMOR_P	INTERNAL_P	DONE	MAX_RANGE	TOTAL_DAMAGE	TEAM_ID
1	FIRING	0	1	LRM Carrier	LRM Carrier	Tank	MISSILE_BOAT	7	25	0	0.00	0.00	0	0	0	0	0	1.00	1.00	1	28	60	1
1	FIRING	0	2	LRM Carrier	LRM Carrier	Tank	MISSILE_BOAT	6	25	0	0.00	0.00	0	0	0	0	0	1.00	1.00	1	28	60	1
1	FIRING	0	3	Sprint Scout Helicopter	Sprint Scout Helicopter	VTOL	SCOUT	19	7	0	0.00	0.00	0	0	0	0	0	1.00	1.00	1	18	0	1
1	FIRING	0	4	Sprint Scout Helicopter	Sprint Scout Helicopter	VTOL	SCOUT	19	8	1	0.00	0.00	0	0	0	0	0	1.00	1.00	1	0	0	1
1	FIRING	1	5	Atlas	Atlas	BipedMek	JUGGERNAUT	25	4	3	0.00	0.00	0	0	0	0	0	1.00	1.00	1	12	66	2
ROUND	PHASE	PLAYER_ID	ENTITY_ID	CHASSIS	MODEL	TYPE	ROLE	X	Y	FACING	MP	HEAT	PRONE	AIRBORNE	OFF_BOARD	CRIPPLED	DESTROYED	ARMOR_P	INTERNAL_P	DONE	MAX_RANGE	TOTAL_DAMAGE	TEAM_ID
2	TARGETING	0	1	LRM Carrier	LRM Carrier	Tank	MISSILE_BOAT	7	25	0	0.00	0.00	0	0	0	0	0	1.00	1.00	1	28	60	1
2	TARGETING	0	2	LRM Carrier	LRM Carrier	Tank	MISSILE_BOAT	6	25	0	0.00	0.00	0	0	0	0	0	1.00	1.00	1	28	60	1
2	TARGETING	0	3	Sprint Scout Helicopter	Sprint Scout Helicopter	VTOL	SCOUT	19	7	0	20.00	0.00	0	0	0	0	0	1.00	1.00	1	18	0	1
2	TARGETING	0	4	Sprint Scout Helicopter	Sprint Scout Helicopter	VTOL	SCOUT	19	8	1	19.00	0.00	0	0	0	0	0	1.00	1.00	1	18	0	1
2	TARGETING	1	5	Atlas	Atlas	BipedMek	JUGGERNAUT	25	4	3	5.00	0.00	0	0	0	0	0	1.00	1.00	1	28	66	2
PLAYER_ID	ENTITY_ID	CHASSIS	MODEL	FACING	FROM_X	FROM_Y	TO_X	TO_Y	HEXES_MOVED	DISTANCE	MP_USED	MAX_MP	MP_P	HEAT_P	ARMOR_P	INTERNAL_P	JUMPING	PRONE	LEGAL	STEPS	TEAM_ID	CHANCE_OF_FAILURE	IS_BOT
0	1	LRM Carrier	(3055 Upgrade)	0	-1	-1	7	25	0	0	0	3	0.00	0.00	1.00	1.00	0	0	1		1	0.00	0
ROUND	PHASE	PLAYER_ID	ENTITY_ID	CHASSIS	MODEL	TYPE	ROLE	X	Y	FACING	MP	HEAT	PRONE	AIRBORNE	OFF_BOARD	CRIPPLED	DESTROYED	ARMOR_P	INTERNAL_P	DONE	MAX_RANGE	TOTAL_DAMAGE	TEAM_ID
2	MOVEMENT	0	1	LRM Carrier	LRM Carrier	Tank	MISSILE_BOAT	7	25	0	0.00	0.00	0	0	0	0	0	1.00	1.00	1	28	60	1
2	MOVEMENT	0	2	LRM Carrier	LRM Carrier	Tank	MISSILE_BOAT	6	25	0	0.00	0.00	0	0	0	0	0	1.00	1.00	0	28	60	1
2	MOVEMENT	0	3	Sprint Scout Helicopter	Sprint Scout Helicopter	VTOL	SCOUT	19	7	0	20.00	0.00	0	0	0	0	0	1.00	1.00	0	18	0	1
2	MOVEMENT	0	4	Sprint Scout Helicopter	Sprint Scout Helicopter	VTOL	SCOUT	19	8	1	19.00	0.00	0	0	0	0	0	1.00	1.00	0	18	0	1
2	MOVEMENT	1	5	Atlas	Atlas	BipedMek	JUGGERNAUT	25	4	3	5.00	0.00	0	0	0	0	0	1.00	1.00	0	28	66	2
PLAYER_ID	ENTITY_ID	CHASSIS	MODEL	FACING	FROM_X	FROM_Y	TO_X	TO_Y	HEXES_MOVED	DISTANCE	MP_USED	MAX_MP	MP_P	HEAT_P	ARMOR_P	INTERNAL_P	JUMPING	PRONE	LEGAL	STEPS	TEAM_ID	CHANCE_OF_FAILURE	IS_BOT
0	2	LRM Carrier	(3055 Upgrade)	0	-1	-1	6	25	0	0	0	3	0.00	0.00	1.00	1.00	0	0	1		1	0.00	0
ROUND	PHASE	PLAYER_ID	ENTITY_ID	CHASSIS	MODEL	TYPE	ROLE	X	Y	FACING	MP	HEAT	PRONE	AIRBORNE	OFF_BOARD	CRIPPLED	DESTROYED	ARMOR_P	INTERNAL_P	DONE	MAX_RANGE	TOTAL_DAMAGE	TEAM_ID
2	MOVEMENT	0	1	LRM Carrier	LRM Carrier	Tank	MISSILE_BOAT	7	25	0	0.00	0.00	0	0	0	0	0	1.00	1.00	1	28	60	1
2	MOVEMENT	0	2	LRM Carrier	LRM Carrier	Tank	MISSILE_BOAT	6	25	0	0.00	0.00	0	0	0	0	0	1.00	1.00	1	28	60	1
2	MOVEMENT	0	3	Sprint Scout Helicopter	Sprint Scout Helicopter	VTOL	SCOUT	19	7	0	20.00	0.00	0	0	0	0	0	1.00	1.00	0	18	0	1
2	MOVEMENT	0	4	Sprint Scout Helicopter	Sprint Scout Helicopter	VTOL	SCOUT	19	8	1	19.00	0.00	0	0	0	0	0	1.00	1.00	0	18	0	1
2	MOVEMENT	1	5	Atlas	Atlas	BipedMek	JUGGERNAUT	25	4	3	5.00	0.00	0	0	0	0	0	1.00	1.00	0	28	66	2
PLAYER_ID	ENTITY_ID	CHASSIS	MODEL	FACING	FROM_X	FROM_Y	TO_X	TO_Y	HEXES_MOVED	DISTANCE	MP_USED	MAX_MP	MP_P	HEAT_P	ARMOR_P	INTERNAL_P	JUMPING	PRONE	LEGAL	STEPS	TEAM_ID	CHANCE_OF_FAILURE	IS_BOT
0	3	Sprint Scout Helicopter		0	19	8	27	12	9	0	11	13	0.85	0.00	1.00	1.00	0	0	1	BACKWARDS TURN_LEFT BACKWARDS BACKWARDS BACKWARDS BACKWARDS BACKWARDS BACKWARDS BACKWARDS BACKWARDS TURN_RIGHT	1	0.00	0
ROUND	PHASE	PLAYER_ID	ENTITY_ID	CHASSIS	MODEL	TYPE	ROLE	X	Y	FACING	MP	HEAT	PRONE	AIRBORNE	OFF_BOARD	CRIPPLED	DESTROYED	ARMOR_P	INTERNAL_P	DONE	MAX_RANGE	TOTAL_DAMAGE	TEAM_ID
2	MOVEMENT	0	1	LRM Carrier	LRM Carrier	Tank	MISSILE_BOAT	7	25	0	0.00	0.00	0	0	0	0	0	1.00	1.00	1	28	60	1
2	MOVEMENT	0	2	LRM Carrier	LRM Carrier	Tank	MISSILE_BOAT	6	25	0	0.00	0.00	0	0	0	0	0	1.00	1.00	1	28	60	1
2	MOVEMENT	0	3	Sprint Scout Helicopter	Sprint Scout Helicopter	VTOL	SCOUT	27	12	0	20.00	0.00	0	0	0	0	0	1.00	1.00	1	18	0	1
2	MOVEMENT	0	4	Sprint Scout Helicopter	Sprint Scout Helicopter	VTOL	SCOUT	19	8	1	19.00	0.00	0	0	0	0	0	1.00	1.00	0	18	0	1
2	MOVEMENT	1	5	Atlas	Atlas	BipedMek	JUGGERNAUT	25	4	3	5.00	0.00	0	0	0	0	0	1.00	1.00	0	28	66	2
PLAYER_ID	ENTITY_ID	CHASSIS	MODEL	FACING	FROM_X	FROM_Y	TO_X	TO_Y	HEXES_MOVED	DISTANCE	MP_USED	MAX_MP	MP_P	HEAT_P	ARMOR_P	INTERNAL_P	JUMPING	PRONE	LEGAL	STEPS	TEAM_ID	CHANCE_OF_FAILURE	IS_BOT
0	4	Sprint Scout Helicopter		4	20	8	29	3	10	0	13	26	0.50	0.00	1.00	1.00	0	0	1	FORWARDS FORWARDS FORWARDS FORWARDS FORWARDS FORWARDS FORWARDS FORWARDS FORWARDS FORWARDS TURN_LEFT TURN_LEFT TURN_LEFT	1	0.00	0
ROUND	PHASE	PLAYER_ID	ENTITY_ID	CHASSIS	MODEL	TYPE	ROLE	X	Y	FACING	MP	HEAT	PRONE	AIRBORNE	OFF_BOARD	CRIPPLED	DESTROYED	ARMOR_P	INTERNAL_P	DONE	MAX_RANGE	TOTAL_DAMAGE	TEAM_ID
2	MOVEMENT	0	1	LRM Carrier	LRM Carrier	Tank	MISSILE_BOAT	7	25	0	0.00	0.00	0	0	0	0	0	1.00	1.00	1	28	60	1
2	MOVEMENT	0	2	LRM Carrier	LRM Carrier	Tank	MISSILE_BOAT	6	25	0	0.00	0.00	0	0	0	0	0	1.00	1.00	1	28	60	1
2	MOVEMENT	0	3	Sprint Scout Helicopter	Sprint Scout Helicopter	VTOL	SCOUT	27	12	0	20.00	0.00	0	0	0	0	0	1.00	1.00	1	18	0	1
2	MOVEMENT	0	4	Sprint Scout Helicopter	Sprint Scout Helicopter	VTOL	SCOUT	29	3	4	19.00	0.00	0	0	0	0	0	1.00	1.00	1	18	0	1
2	MOVEMENT	1	5	Atlas	Atlas	BipedMek	JUGGERNAUT	25	4	3	5.00	0.00	0	0	0	0	0	1.00	1.00	0	28	66	2
PLAYER_ID	ENTITY_ID	CHASSIS	MODEL	FACING	FROM_X	FROM_Y	TO_X	TO_Y	HEXES_MOVED	DISTANCE	MP_USED	MAX_MP	MP_P	HEAT_P	ARMOR_P	INTERNAL_P	JUMPING	PRONE	LEGAL	STEPS	TEAM_ID	CHANCE_OF_FAILURE	IS_BOT
1	5	Atlas	AS7-D	1	25	4	26	4	1	0	3	6	0.50	0.00	1.00	1.00	0	0	1	TURN_LEFT TURN_LEFT FORWARDS	2	0.00	1
ROUND	PHASE	PLAYER_ID	ENTITY_ID	CHASSIS	MODEL	TYPE	ROLE	X	Y	FACING	MP	HEAT	PRONE	AIRBORNE	OFF_BOARD	CRIPPLED	DESTROYED	ARMOR_P	INTERNAL_P	DONE	MAX_RANGE	TOTAL_DAMAGE	TEAM_ID
2	MOVEMENT	0	1	LRM Carrier	LRM Carrier	Tank	MISSILE_BOAT	7	25	0	0.00	0.00	0	0	0	0	0	1.00	1.00	1	28	60	1
2	MOVEMENT	0	2	LRM Carrier	LRM Carrier	Tank	MISSILE_BOAT	6	25	0	0.00	0.00	0	0	0	0	0	1.00	1.00	1	28	60	1
2	MOVEMENT	0	3	Sprint Scout Helicopter	Sprint Scout Helicopter	VTOL	SCOUT	27	12	0	20.00	0.00	0	0	0	0	0	1.00	1.00	1	18	0	1
2	MOVEMENT	0	4	Sprint Scout Helicopter	Sprint Scout Helicopter	VTOL	SCOUT	29	3	4	19.00	0.00	0	0	0	0	0	1.00	1.00	1	18	0	1
2	MOVEMENT	1	5	Atlas	Atlas	BipedMek	JUGGERNAUT	26	4	1	5.00	0.00	0	0	0	0	0	1.00	1.00	1	28	66	2
ROUND	PLAYER_ID	ENTITY_ID	TYPE	ROLE	X	Y	FACING	TARGET_PLAYER_ID	TARGET_ID	TARGET_TYPE	TARGET_ROLE	TARGET_X	TARGET_Y	TARGET_FACING	AIMING_LOC	AIMING_MODE	WEAPON_ID	AMMO_ID	ATA	ATG	GTG	GTA	TO_HIT	TURNS_TO_HIT	SPOTTER_ID
2	0	3	VTOL	SCOUT	27	12	0	1	5	BipedMek	JUGGERNAUT	26	4	1	-1	NONE	0	-1	0	0	1	0	7.00	0	-1
ROUND	PLAYER_ID	ENTITY_ID	TYPE	ROLE	X	Y	FACING	TARGET_PLAYER_ID	TARGET_ID	TARGET_TYPE	TARGET_ROLE	TARGET_X	TARGET_Y	TARGET_FACING	AIMING_LOC	AIMING_MODE	WEAPON_ID	AMMO_ID	ATA	ATG	GTG	GTA	TO_HIT	TURNS_TO_HIT	SPOTTER_ID
2	0	4	VTOL	SCOUT	29	3	4	1	5	BipedMek	JUGGERNAUT	26	4	1	-1	NONE	0	-1	0	0	1	0	5.00	0	-1
ROUND	PHASE	PLAYER_ID	ENTITY_ID	CHASSIS	MODEL	TYPE	ROLE	X	Y	FACING	MP	HEAT	PRONE	AIRBORNE	OFF_BOARD	CRIPPLED	DESTROYED	ARMOR_P	INTERNAL_P	DONE	MAX_RANGE	TOTAL_DAMAGE	TEAM_ID
2	OFFBOARD	0	1	LRM Carrier	LRM Carrier	Tank	MISSILE_BOAT	7	25	0	0.00	0.00	0	0	0	0	0	1.00	1.00	1	28	60	1
2	OFFBOARD	0	2	LRM Carrier	LRM Carrier	Tank	MISSILE_BOAT	6	25	0	0.00	0.00	0	0	0	0	0	1.00	1.00	1	28	60	1
2	OFFBOARD	0	3	Sprint Scout Helicopter	Sprint Scout Helicopter	VTOL	SCOUT	27	12	0	20.00	0.00	0	0	0	0	0	1.00	1.00	1	0	0	1
2	OFFBOARD	0	4	Sprint Scout Helicopter	Sprint Scout Helicopter	VTOL	SCOUT	29	3	4	19.00	0.00	0	0	0	0	0	1.00	1.00	1	0	0	1
2	OFFBOARD	1	5	Atlas	Atlas	BipedMek	JUGGERNAUT	26	4	1	5.00	0.00	0	0	0	0	0	1.00	1.00	1	28	66	2
ROUND	PLAYER_ID	ENTITY_ID	TYPE	ROLE	X	Y	FACING	TARGET_PLAYER_ID	TARGET_ID	TARGET_TYPE	TARGET_ROLE	TARGET_X	TARGET_Y	TARGET_FACING	AIMING_LOC	AIMING_MODE	WEAPON_ID	AMMO_ID	ATA	ATG	GTG	GTA	TO_HIT	TURNS_TO_HIT	SPOTTER_ID
2	1	5	BipedMek	JUGGERNAUT	26	4	1	0	4	VTOL	SCOUT	29	3	4	-1	NONE	16	17	0	0	1	0	10.00	0	-1
2	1	5	BipedMek	JUGGERNAUT	26	4	1	0	4	VTOL	SCOUT	29	3	4	-1	NONE	7	-1	0	0	1	0	10.00	0	-1
2	1	5	BipedMek	JUGGERNAUT	26	4	1	0	4	VTOL	SCOUT	29	3	4	-1	NONE	9	-1	0	0	1	0	10.00	0	-1
2	1	5	BipedMek	JUGGERNAUT	26	4	1	0	4	VTOL	SCOUT	29	3	4	-1	NONE	12	15	0	0	1	0	10.00	0	-1
ROUND	PHASE	PLAYER_ID	ENTITY_ID	CHASSIS	MODEL	TYPE	ROLE	X	Y	FACING	MP	HEAT	PRONE	AIRBORNE	OFF_BOARD	CRIPPLED	DESTROYED	ARMOR_P	INTERNAL_P	DONE	MAX_RANGE	TOTAL_DAMAGE	TEAM_ID
2	FIRING	0	1	LRM Carrier	LRM Carrier	Tank	MISSILE_BOAT	7	25	0	0.00	0.00	0	0	0	0	0	1.00	1.00	1	28	60	1
2	FIRING	0	2	LRM Carrier	LRM Carrier	Tank	MISSILE_BOAT	6	25	0	0.00	0.00	0	0	0	0	0	1.00	1.00	1	28	60	1
2	FIRING	0	3	Sprint Scout Helicopter	Sprint Scout Helicopter	VTOL	SCOUT	27	12	0	20.00	0.00	0	0	0	0	0	1.00	1.00	1	0	0	1
2	FIRING	0	4	Sprint Scout Helicopter	Sprint Scout Helicopter	VTOL	SCOUT	29	3	5	19.00	0.00	0	0	0	1	0	0.76	0.80	1	0	0	1
2	FIRING	1	5	Atlas	Atlas	BipedMek	JUGGERNAUT	26	4	1	5.00	0.00	0	0	0	0	0	1.00	1.00	1	28	66	2
ROUND	PHASE	PLAYER_ID	ENTITY_ID	CHASSIS	MODEL	TYPE	ROLE	X	Y	FACING	MP	HEAT	PRONE	AIRBORNE	OFF_BOARD	CRIPPLED	DESTROYED	ARMOR_P	INTERNAL_P	DONE	MAX_RANGE	TOTAL_DAMAGE	TEAM_ID
3	TARGETING	0	1	LRM Carrier	LRM Carrier	Tank	MISSILE_BOAT	7	25	0	0.00	0.00	0	0	0	0	0	1.00	1.00	1	28	60	1
3	TARGETING	0	2	LRM Carrier	LRM Carrier	Tank	MISSILE_BOAT	6	25	0	0.00	0.00	0	0	0	0	0	1.00	1.00	1	28	60	1
3	TARGETING	0	3	Sprint Scout Helicopter	Sprint Scout Helicopter	VTOL	SCOUT	27	12	0	11.00	0.00	0	0	0	0	0	1.00	1.00	1	18	0	1
3	TARGETING	1	5	Atlas	Atlas	BipedMek	JUGGERNAUT	26	4	1	3.00	0.00	0	0	0	0	0	1.00	1.00	1	28	66	2
