# Log file created at 2025-03-17T10:01:22.639054100
BOARD_NAME	WIDTH	HEIGHT
Board #0	32	17
COL_0	COL_1	COL_2	COL_3	COL_4	COL_5	COL_6	COL_7	COL_8	COL_9	COL_10	COL_11	COL_12	COL_13	COL_14	COL_15	COL_16	COL_17	COL_18	COL_19	COL_20	COL_21	COL_22	COL_23	COL_24	COL_25	COL_26	COL_27	COL_28	COL_29	COL_30	COL_31	
ROW_0	Level: 0  Features: 	Level: 0  Features: 	Level: 0  Features: 	Level: 0  Features: 	Level: 0  Features: 	Level: 0  Features: 	Level: 0  Features: incline_bottom(1, 0); 	Level: 1  Features: incline_top(1, 0); 	Level: 1  Features: incline_top(1, 0); 	Level: 0  Features: incline_bottom(1, 0); 	Level: 0  Features: 	Level: 0  Features: 	Level: 0  Features: 	Level: 0  Features: incline_bottom(1, 0); 	Level: 1  Features: incline_top(1, 0); 	Level: 1  Features: incline_top(1, 0); 	Level: 1  Features: Light Woods; foliage_elev(1, 0); incline_top(1, 0); 
ROW_1	Level: 0  Features: 	Level: 0  Features: 	Level: 0  Features: 	Level: 0  Features: 	Level: 0  Features: 	Level: 0  Features: 	Level: 0  Features: incline_bottom(1, 0); 	Level: 1  Features: incline_top(1, 0); 	Level: 1  Features: incline_top(1, 0); 	Level: 0  Features: incline_bottom(1, 0); 	Level: 0  Features: 	Level: 0  Features: 	Level: 0  Features: 	Level: 0  Features: incline_bottom(1, 0); 	Level: 0  Features: incline_bottom(1, 0); 	Level: 0  Features: incline_bottom(1, 0); 	Level: 0  Features: incline_bottom(1, 0); 
ROW_2	Level: 0  Features: 	Level: 0  Features: 	Level: 0  Features: 	Level: 0  Features: 	Level: 0  Features: 	Level: 0  Features: 	Level: 0  Features: incline_bottom(1, 0); 	Level: 1  Features: incline_top(1, 0); 	Level: 1  Features: incline_top(1, 0); 	Level: 0  Features: Light Woods; foliage_elev(1, 0); incline_bottom(1, 0); 	Level: 0  Features: 	Level: 0  Features: 	Level: 0  Features: 	Level: 0  Features: 	Level: 0  Features: 	Level: 0  Features: 	Level: 0  Features: 
ROW_3	Level: 0  Features: 	Level: 0  Features: 	Level: 0  Features: 	Level: 0  Features: 	Level: 0  Features: 	Level: 0  Features: 	Level: 0  Features: incline_bottom(1, 0); 	Level: 0  Features: incline_bottom(1, 0); 	Level: 0  Features: incline_bottom(1, 0); 	Level: 0  Features: 	Level: 0  Features: 	Level: 0  Features: 	Level: 0  Features: 	Level: 0  Features: 	Level: 0  Features: 	Level: 0  Features: 	Level: 0  Features: 
ROW_4	Level: 0  Features: 	Level: 0  Features: 	Level: 0  Features: 	Level: 0  Features: 	Level: 0  Features: 	Level: 0  Features: 	Level: 0  Features: 	Level: 0  Features: 	Level: 0  Features: 	Level: 0  Features: 	Level: 0  Features: 	Level: 0  Features: 	Level: 0  Features: incline_top(1, 0); 	Level: 0  Features: incline_top(1, 0); 	Level: 0  Features: incline_top(1, 0); 	Level: 0  Features: 	Level: 0  Features: 
ROW_5	Level: 0  Features: 	Level: 0  Features: 	Level: 0  Features: 	Level: 0  Features: 	Level: 0  Features: 	Level: 0  Features: 	Level: 0  Features: 	Level: 0  Features: Rough; 	Level: 0  Features: 	Level: 0  Features: incline_top(1, 0); 	Level: 0  Features: incline_top(1, 0); 	Level: 0  Features: incline_top(1, 0); 	Level: -1  Features: incline_bottom(1, 0); 	Level: -1  Features: incline_bottom(1, 0); 	Level: 0  Features: incline_top(1, 0); 	Level: 0  Features: 	Level: 0  Features: 
ROW_6	Level: 0  Features: 	Level: 0  Features: Rough; 	Level: 0  Features: 	Level: 0  Features: 	Level: 0  Features: 	Level: 0  Features: 	Level: 0  Features: Light Woods; foliage_elev(2, 0); 	Level: 0  Features: 	Level: 0  Features: 	Level: 0  Features: incline_top(1, 0); 	Level: -1  Features: incline_bottom(1, 0); 	Level: 0  Features: incline_top(1, 0); 	Level: 0  Features: incline_top(1, 0); 	Level: -1  Features: incline_bottom(1, 0); 	Level: 0  Features: incline_top(1, 0); 	Level: 0  Features: 	Level: 0  Features: 
ROW_7	Level: 0  Features: 	Level: 0  Features: 	Level: 0  Features: 	Level: 0  Features: 	Level: 0  Features: 	Level: 0  Features: 	Level: 0  Features: Light Woods; foliage_elev(2, 0); 	Level: 0  Features: 	Level: 0  Features: incline_top(1, 0); 	Level: -1  Features: incline_bottom(1, 0); 	Level: -1  Features: incline_bottom(1, 0); 	Level: -1  Features: incline_bottom(1, 0); 	Level: -1  Features: incline_bottom(1, 0); 	Level: -1  Features: incline_bottom(1, 0); 	Level: 0  Features: incline_top(1, 0); 	Level: 0  Features: incline_top(1, 0); 	Level: 0  Features: incline_top(1, 0); 
ROW_8	Level: 0  Features: 	Level: 0  Features: 	Level: 0  Features: 	Level: 0  Features: 	Level: 0  Features: 	Level: 0  Features: 	Level: 0  Features: 	Level: 0  Features: 	Level: 0  Features: 	Level: 0  Features: incline_top(1, 0); 	Level: -1  Features: incline_bottom(1, 0); 	Level: -1  Features: 	Level: -1  Features: 	Level: -1  Features: 	Level: -1  Features: incline_bottom(1, 0); 	Level: 0  Features: incline_top(1, 0); 	Level: -1  Features: incline_bottom(1, 0); 
ROW_9	Level: 0  Features: 	Level: 0  Features: 	Level: 0  Features: 	Level: 0  Features: 	Level: 0  Features: 	Level: 0  Features: 	Level: 0  Features: 	Level: 0  Features: 	Level: 0  Features: 	Level: 0  Features: incline_top(1, 0); 	Level: -1  Features: incline_bottom(1, 0); 	Level: -1  Features: 	Level: -1  Features: 	Level: -1  Features: incline_bottom(1, 0); 	Level: -1  Features: incline_bottom(1, 0); 	Level: 0  Features: incline_top(1, 0); 	Level: -1  Features: incline_bottom(1, 0); 
ROW_10	Level: 0  Features: 	Level: 0  Features: 	Level: 0  Features: 	Level: 0  Features: 	Level: 0  Features: 	Level: 0  Features: 	Level: 0  Features: 	Level: 0  Features: 	Level: 0  Features: Rough; 	Level: 0  Features: incline_top(1, 0); 	Level: -1  Features: incline_bottom(1, 0); 	Level: -1  Features: incline_bottom(1, 0); 	Level: -1  Features: incline_bottom(1, 0); 	Level: -1  Features: incline_bottom(1, 0); 	Level: 0  Features: incline_top(1, 0); 	Level: 0  Features: incline_top(1, 0); 	Level: 0  Features: incline_top(1, 0); 
ROW_11	Level: 0  Features: 	Level: 0  Features: 	Level: 0  Features: Road; 	Level: 0  Features: 	Level: 0  Features: Road; 	Level: 0  Features: Road; 	Level: 0  Features: Road; 	Level: 0  Features: 	Level: 0  Features: 	Level: 0  Features: incline_top(1, 0); 	Level: -1  Features: incline_bottom(1, 0); 	Level: 0  Features: incline_top(1, 0); 	Level: 0  Features: incline_top(1, 0); 	Level: -1  Features: incline_bottom(1, 0); 	Level: 0  Features: incline_top(1, 0); 	Level: 0  Features: incline_top(1, 0); 	Level: -1  Features: incline_bottom(1, 0); 
ROW_12	Level: 0  Features: 	Level: 0  Features: Road; 	Level: 0  Features: Light Woods; Road; foliage_elev(2, 0); 	Level: 0  Features: 	Level: 0  Features: Road; 	Level: 0  Features: 	Level: 0  Features: Road; 	Level: 0  Features: Road; 	Level: 0  Features: 	Level: 0  Features: incline_top(1, 0); 	Level: -1  Features: incline_bottom(1, 0); 	Level: 0  Features: incline_top(1, 0); 	Level: -1  Features: incline_bottom(1, 0); 	Level: -1  Features: incline_bottom(1, 0); 	Level: 0  Features: incline_top(1, 0); 	Level: 0  Features: 	Level: 0  Features: incline_top(1, 0); 
ROW_13	Level: 0  Features: Road; 	Level: 0  Features: Road; 	Level: 0  Features: Road; 	Level: 0  Features: Road; 	Level: 0  Features: 	Level: 0  Features: 	Level: 0  Features: Road; 	Level: 0  Features: Road; 	Level: 0  Features: 	Level: 0  Features: incline_top(1, 0); 	Level: 0  Features: bldg_elev(2, 0); incline_top(1, 0); pavement(1, 200); building(2, 0); bldg_cf(24, 0); 	Level: 0  Features: incline_top(1, 0); 	Level: 0  Features: incline_top(1, 0); 	Level: 0  Features: incline_top(1, 0); Rough; 	Level: 0  Features: 	Level: 0  Features: 	Level: 0  Features: 
ROW_14	Level: 0  Features: 	Level: 0  Features: 	Level: 0  Features: Road; 	Level: 0  Features: 	Level: 0  Features: 	Level: 0  Features: 	Level: 0  Features: 	Level: 0  Features: Road; 	Level: 0  Features: Road; 	Level: 0  Features: Road; 	Level: 0  Features: 	Level: 0  Features: 	Level: 0  Features: 	Level: 0  Features: Rough; 	Level: 0  Features: Rough; 	Level: 0  Features: 	Level: 0  Features: 
ROW_15	Level: 0  Features: 	Level: 0  Features: 	Level: 0  Features: Road; 	Level: 0  Features: 	Level: 0  Features: bldg_elev(2, 0); pavement(1, 200); building(2, 0); bldg_cf(37, 0); 	Level: 0  Features: bldg_elev(2, 0); pavement(1, 200); building(2, 0); bldg_cf(37, 0); 	Level: 0  Features: bldg_elev(2, 0); pavement(1, 200); building(3, 0); bldg_cf(46, 0); 	Level: 0  Features: Road; 	Level: 0  Features: 	Level: 0  Features: Road; 	Level: 0  Features: 	Level: 0  Features: bldg_elev(3, 0); pavement(1, 200); building(2, 0); bldg_cf(31, 0); 	Level: 0  Features: 	Level: 0  Features: 	Level: 0  Features: 	Level: 0  Features: 	Level: 0  Features: 
ROW_16	Level: 0  Features: 	Level: 0  Features: 	Level: 0  Features: 	Level: 0  Features: Road; 	Level: 0  Features: 	Level: 0  Features: 	Level: 0  Features: 	Level: 0  Features: 	Level: 0  Features: Road; 	Level: 0  Features: Road; 	Level: 0  Features: Road; incline_top(1, 0); 	Level: 0  Features: bldg_elev(3, 0); incline_top(1, 0); pavement(1, 200); building(3, 0); bldg_cf(47, 0); 	Level: 0  Features: 	Level: 0  Features: 	Level: 0  Features: 	Level: 0  Features: 	Level: 0  Features: Rough; 
ROW_17	Level: 0  Features: 	Level: 0  Features: 	Level: 0  Features: 	Level: 0  Features: Road; 	Level: 0  Features: Road; 	Level: 0  Features: Road; 	Level: 0  Features: Road; 	Level: 0  Features: Road; 	Level: 0  Features: bldg_elev(3, 0); pavement(1, 200); building(2, 0); bldg_cf(39, 0); 	Level: 0  Features: bldg_elev(3, 0); incline_top(1, 0); pavement(1, 200); building(2, 0); bldg_cf(34, 0); 	Level: -1  Features: Light Woods; incline_bottom(1, 0); Road; foliage_elev(2, 0); 	Level: 0  Features: incline_top(1, 0); 	Level: 0  Features: 	Level: 0  Features: 	Level: 0  Features: 	Level: 0  Features: 	Level: 0  Features: 
ROW_18	Level: 0  Features: 	Level: 0  Features: 	Level: 0  Features: 	Level: 0  Features: 	Level: 0  Features: 	Level: 0  Features: bldg_elev(3, 0); pavement(1, 200); building(2, 0); bldg_cf(28, 0); 	Level: 0  Features: bldg_elev(1, 0); pavement(1, 200); building(2, 0); bldg_cf(24, 0); 	Level: 0  Features: bldg_elev(1, 0); pavement(1, 200); building(2, 0); bldg_cf(24, 0); 	Level: 0  Features: 	Level: 0  Features: 	Level: 0  Features: incline_top(1, 0); 	Level: 0  Features: Road; incline_top(1, 0); 	Level: 0  Features: Road; 	Level: 0  Features: 	Level: 0  Features: 	Level: 0  Features: 	Level: 0  Features: 
ROW_19	Level: 0  Features: 	Level: 0  Features: 	Level: 0  Features: 	Level: 0  Features: 	Level: 0  Features: 	Level: 0  Features: 	Level: 0  Features: 	Level: 0  Features: bldg_elev(3, 0); pavement(1, 200); building(2, 0); bldg_cf(24, 0); 	Level: 0  Features: 	Level: 0  Features: 	Level: 0  Features: bldg_elev(1, 0); pavement(1, 200); building(2, 0); bldg_cf(18, 0); 	Level: 0  Features: 	Level: 0  Features: Road; 	Level: 0  Features: 	Level: 0  Features: 	Level: 0  Features: Rough; 	Level: 0  Features: Rough; 
ROW_20	Level: 0  Features: 	Level: 0  Features: 	Level: 0  Features: 	Level: 0  Features: 	Level: 0  Features: 	Level: 0  Features: 	Level: 0  Features: 	Level: 0  Features: 	Level: 0  Features: 	Level: 0  Features: 	Level: 0  Features: 	Level: 0  Features: 	Level: 0  Features: 	Level: 0  Features: Road; 	Level: 0  Features: 	Level: 0  Features: 	Level: 0  Features: Rough; 
ROW_21	Level: 0  Features: 	Level: 0  Features: 	Level: 0  Features: 	Level: 0  Features: 	Level: 0  Features: 	Level: 0  Features: 	Level: 0  Features: 	Level: 0  Features: 	Level: 0  Features: 	Level: 0  Features: 	Level: 0  Features: Water, depth: 1; 	Level: 0  Features: 	Level: 0  Features: 	Level: 0  Features: Road; 	Level: 0  Features: Road; 	Level: 0  Features: 	Level: 0  Features: 
ROW_22	Level: 0  Features: 	Level: 0  Features: 	Level: 0  Features: 	Level: 0  Features: 	Level: 0  Features: 	Level: 0  Features: 	Level: 0  Features: 	Level: 0  Features: 	Level: 0  Features: 	Level: 0  Features: 	Level: 0  Features: 	Level: 0  Features: Water, depth: 1; 	Level: 0  Features: 	Level: 0  Features: 	Level: 0  Features: 	Level: 0  Features: Road; 	Level: 0  Features: 
ROW_23	Level: 0  Features: 	Level: 0  Features: Rough; 	Level: 0  Features: incline_top(1, 0); 	Level: 0  Features: incline_top(1, 0); Rough; 	Level: 0  Features: 	Level: 0  Features: 	Level: 0  Features: 	Level: 0  Features: 	Level: 0  Features: 	Level: 0  Features: incline_top(1, 0); 	Level: 0  Features: incline_top(1, 0); 	Level: 0  Features: incline_top(1, 0); 	Level: 0  Features: incline_top(1, 0); 	Level: 0  Features: incline_top(1, 0); 	Level: 0  Features: Road; incline_top(1, 0); 	Level: 0  Features: incline_top(1, 0); 	Level: 0  Features: incline_top(1, 0); 
ROW_24	Level: 0  Features: 	Level: 0  Features: Rough; 	Level: 0  Features: incline_top(1, 0); 	Level: -1  Features: incline_bottom(1, 0); 	Level: 0  Features: incline_top(1, 0); 	Level: 0  Features: incline_top(1, 0); 	Level: 0  Features: 	Level: 0  Features: 	Level: 0  Features: 	Level: 0  Features: incline_top(1, 0); 	Level: -1  Features: incline_bottom(1, 0); 	Level: -1  Features: incline_bottom(1, 0); 	Level: -1  Features: incline_bottom(1, 0); 	Level: -1  Features: incline_bottom(1, 0); 	Level: -1  Features: incline_bottom(1, 0); 	Level: 0  Features: Road; incline_top(1, 0); 	Level: -1  Features: incline_bottom(1, 0); 
ROW_25	Level: 0  Features: Rough; 	Level: 0  Features: Rough; 	Level: 0  Features: incline_top(1, 0); 	Level: -1  Features: incline_bottom(1, 0); 	Level: -1  Features: incline_bottom(1, 0); 	Level: 0  Features: incline_top(1, 0); 	Level: 0  Features: incline_top(1, 0); 	Level: 0  Features: incline_top(1, 0); 	Level: 0  Features: incline_top(1, 0); 	Level: 0  Features: incline_top(1, 0); 	Level: -1  Features: Rough; incline_bottom(1, 0); 	Level: -1  Features: 	Level: -1  Features: 	Level: -1  Features: 	Level: -1  Features: incline_bottom(1, 0); 	Level: 0  Features: Road; incline_top(1, 0); 	Level: -1  Features: incline_bottom(1, 0); 
ROW_26	Level: 0  Features: 	Level: 0  Features: Rough; 	Level: 0  Features: incline_top(1, 0); 	Level: -1  Features: incline_bottom(1, 0); 	Level: -1  Features: 	Level: -1  Features: incline_bottom(1, 0); 	Level: -1  Features: incline_bottom(1, 0); 	Level: -1  Features: incline_bottom(1, 0); 	Level: -1  Features: incline_bottom(1, 0); 	Level: -1  Features: incline_bottom(1, 0); 	Level: -1  Features: incline_bottom(1, 0); 	Level: -1  Features: 	Level: -1  Features: 	Level: -1  Features: Rough; 	Level: -1  Features: Rough; 	Level: -1  Features: Road; incline_bottom(1, 0); 	Level: -1  Features: incline_bottom(1, 0); 
ROW_27	Level: 0  Features: 	Level: 0  Features: incline_top(1, 0); Rough; 	Level: -1  Features: incline_bottom(1, 0); 	Level: -1  Features: incline_bottom(1, 0); 	Level: -1  Features: Rough; incline_bottom(1, 0); 	Level: -1  Features: incline_bottom(1, 0); 	Level: -1  Features: incline_bottom(1, 0); 	Level: -1  Features: incline_bottom(1, 0); 	Level: -1  Features: Water, depth: 1; 	Level: -1  Features: 	Level: -1  Features: 	Level: -1  Features: 	Level: -1  Features: Rough; 	Level: -1  Features: 	Level: -1  Features: 	Level: -1  Features: Road; 	Level: -1  Features: 
ROW_28	Level: 0  Features: 	Level: 0  Features: 	Level: 0  Features: incline_top(1, 0); 	Level: 0  Features: incline_top(1, 0); 	Level: 0  Features: incline_top(1, 0); Rough; 	Level: 0  Features: incline_top(1, 0); Rough; 	Level: 0  Features: incline_top(1, 0); 	Level: 0  Features: incline_top(1, 0); 	Level: 0  Features: incline_top(1, 0); 	Level: -1  Features: incline_bottom(1, 0); 	Level: -1  Features: 	Level: -1  Features: 	Level: -1  Features: 	Level: -1  Features: Road; Rough; 	Level: -1  Features: Road; Rough; 	Level: -1  Features: Road; 	Level: -1  Features: 
ROW_29	Level: 0  Features: 	Level: 0  Features: incline_top(1, 0); 	Level: 0  Features: incline_top(1, 0); 	Level: 0  Features: incline_top(1, 0); Rough; 	Level: 0  Features: incline_top(1, 0); 	Level: 0  Features: incline_top(1, 0); 	Level: 0  Features: incline_top(1, 0); 	Level: -1  Features: incline_bottom(1, 0); 	Level: -1  Features: incline_bottom(1, 0); 	Level: -1  Features: 	Level: -1  Features: 	Level: -1  Features: 	Level: -1  Features: Road; 	Level: -1  Features: 	Level: -1  Features: Light Woods; foliage_elev(2, 0); 	Level: -1  Features: 	Level: -1  Features: 
ROW_30	Level: 0  Features: incline_top(1, 0); 	Level: 0  Features: incline_top(1, 0); 	Level: -1  Features: incline_bottom(1, 0); 	Level: -1  Features: Light Woods; foliage_elev(2, 0); incline_bottom(1, 0); 	Level: -1  Features: Light Woods; foliage_elev(2, 0); incline_bottom(1, 0); 	Level: -1  Features: incline_bottom(1, 0); 	Level: -1  Features: incline_bottom(1, 0); 	Level: -1  Features: incline_bottom(1, 0); 	Level: -1  Features: 	Level: -1  Features: 	Level: -1  Features: 	Level: -1  Features: 	Level: -1  Features: 	Level: -1  Features: Road; 	Level: -1  Features: Road; 	Level: -1  Features: Road; 	Level: -1  Features: 
ROW_31	Level: -1  Features: incline_bottom(1, 0); 	Level: -1  Features: incline_bottom(1, 0); 	Level: -1  Features: 	Level: -1  Features: 	Level: -1  Features: 	Level: -1  Features: 	Level: -1  Features: 	Level: -1  Features: 	Level: -1  Features: 	Level: -1  Features: 	Level: -1  Features: 	Level: -1  Features: 	Level: -1  Features: 	Level: -1  Features: 	Level: -1  Features: 	Level: -1  Features: Road; 	Level: -1  Features: 
THEME	CITY_TYPE	MAP_SIZE	MAP_WIDTH	MAP_HEIGHT
	TOWN	1	1
TEMPERATURE	WEATHER	GRAVITY	WIND	ATMOSPHERE	FOG	LIGHT
25	CLEAR	1.0	Calm	Standard	None	Daylight
ROUND	PHASE	PLAYER_ID	ENTITY_ID	CHASSIS	MODEL	TYPE	ROLE	X	Y	FACING	MP	HEAT	PRONE	AIRBORNE	OFF_BOARD	CRIPPLED	DESTROYED	ARMOR_P	INTERNAL_P	DONE	MAX_RANGE	TOTAL_DAMAGE	TEAM_ID
0	DEPLOYMENT	0	1	Griffin	Griffin	BipedMek	STRIKER	30	7	5	0.00	0.00	0	0	0	0	0	1.00	1.00	1	22	10	1
0	DEPLOYMENT	0	2	Phoenix Hawk	Phoenix Hawk	BipedMek	STRIKER	-1	-1	0	0.00	0.00	0	0	0	0	0	1.00	1.00	0	28	22	1
0	DEPLOYMENT	1	3	Nightstar	Nightstar	BipedMek	JUGGERNAUT	-1	-1	0	0.00	0.00	0	0	0	0	0	1.00	1.00	0	30	55	2
ROUND	PHASE	PLAYER_ID	ENTITY_ID	CHASSIS	MODEL	TYPE	ROLE	X	Y	FACING	MP	HEAT	PRONE	AIRBORNE	OFF_BOARD	CRIPPLED	DESTROYED	ARMOR_P	INTERNAL_P	DONE	MAX_RANGE	TOTAL_DAMAGE	TEAM_ID
0	DEPLOYMENT	0	1	Griffin	Griffin	BipedMek	STRIKER	30	7	5	0.00	0.00	0	0	0	0	0	1.00	1.00	1	22	10	1
0	DEPLOYMENT	0	2	Phoenix Hawk	Phoenix Hawk	BipedMek	STRIKER	29	11	5	0.00	0.00	0	0	0	0	0	1.00	1.00	1	28	22	1
0	DEPLOYMENT	1	3	Nightstar	Nightstar	BipedMek	JUGGERNAUT	-1	-1	0	0.00	0.00	0	0	0	0	0	1.00	1.00	0	30	55	2
ROUND	PHASE	PLAYER_ID	ENTITY_ID	CHASSIS	MODEL	TYPE	ROLE	X	Y	FACING	MP	HEAT	PRONE	AIRBORNE	OFF_BOARD	CRIPPLED	DESTROYED	ARMOR_P	INTERNAL_P	DONE	MAX_RANGE	TOTAL_DAMAGE	TEAM_ID
0	DEPLOYMENT	0	1	Griffin	Griffin	BipedMek	STRIKER	30	7	5	0.00	0.00	0	0	0	0	0	1.00	1.00	1	22	10	1
0	DEPLOYMENT	0	2	Phoenix Hawk	Phoenix Hawk	BipedMek	STRIKER	29	11	5	0.00	0.00	0	0	0	0	0	1.00	1.00	1	28	22	1
0	DEPLOYMENT	1	3	Nightstar	Nightstar	BipedMek	JUGGERNAUT	2	3	2	0.00	0.00	0	0	0	0	0	1.00	1.00	1	30	55	2
ROUND	PHASE	PLAYER_ID	ENTITY_ID	CHASSIS	MODEL	TYPE	ROLE	X	Y	FACING	MP	HEAT	PRONE	AIRBORNE	OFF_BOARD	CRIPPLED	DESTROYED	ARMOR_P	INTERNAL_P	DONE	MAX_RANGE	TOTAL_DAMAGE	TEAM_ID
1	TARGETING	0	1	Griffin	Griffin	BipedMek	STRIKER	30	7	5	0.00	0.00	0	0	0	0	0	1.00	1.00	1	22	10	1
1	TARGETING	0	2	Phoenix Hawk	Phoenix Hawk	BipedMek	STRIKER	29	11	5	0.00	0.00	0	0	0	0	0	1.00	1.00	1	28	22	1
1	TARGETING	1	3	Nightstar	Nightstar	BipedMek	JUGGERNAUT	2	3	2	0.00	0.00	0	0	0	0	0	1.00	1.00	1	30	55	2
PLAYER_ID	ENTITY_ID	CHASSIS	MODEL	FACING	FROM_X	FROM_Y	TO_X	TO_Y	HEXES_MOVED	DISTANCE	MP_USED	MAX_MP	MP_P	HEAT_P	ARMOR_P	INTERNAL_P	JUMPING	PRONE	LEGAL	STEPS	TEAM_ID	CHANCE_OF_FAILURE	IS_BOT
0	1	Griffin	GRF-4R	5	29	6	24	4	6	0	9	12	0.75	0.00	1.00	1.00	0	0	1	FORWARDS FORWARDS FORWARDS FORWARDS FORWARDS FORWARDS	1	0.00	0
ROUND	PHASE	PLAYER_ID	ENTITY_ID	CHASSIS	MODEL	TYPE	ROLE	X	Y	FACING	MP	HEAT	PRONE	AIRBORNE	OFF_BOARD	CRIPPLED	DESTROYED	ARMOR_P	INTERNAL_P	DONE	MAX_RANGE	TOTAL_DAMAGE	TEAM_ID
1	MOVEMENT	0	1	Griffin	Griffin	BipedMek	STRIKER	24	4	5	0.00	0.00	0	0	0	0	0	1.00	1.00	1	22	10	1
1	MOVEMENT	0	2	Phoenix Hawk	Phoenix Hawk	BipedMek	STRIKER	29	11	5	0.00	0.00	0	0	0	0	0	1.00	1.00	0	28	22	1
1	MOVEMENT	1	3	Nightstar	Nightstar	BipedMek	JUGGERNAUT	2	3	2	0.00	0.00	0	0	0	0	0	1.00	1.00	0	30	55	2
PLAYER_ID	ENTITY_ID	CHASSIS	MODEL	FACING	FROM_X	FROM_Y	TO_X	TO_Y	HEXES_MOVED	DISTANCE	MP_USED	MAX_MP	MP_P	HEAT_P	ARMOR_P	INTERNAL_P	JUMPING	PRONE	LEGAL	STEPS	TEAM_ID	CHANCE_OF_FAILURE	IS_BOT
0	2	Phoenix Hawk	PXH-1c 'Special'	5	28	11	21	7	8	0	9	12	0.75	0.00	1.00	1.00	0	0	1	FORWARDS FORWARDS FORWARDS FORWARDS FORWARDS FORWARDS FORWARDS FORWARDS	1	0.00	0
ROUND	PHASE	PLAYER_ID	ENTITY_ID	CHASSIS	MODEL	TYPE	ROLE	X	Y	FACING	MP	HEAT	PRONE	AIRBORNE	OFF_BOARD	CRIPPLED	DESTROYED	ARMOR_P	INTERNAL_P	DONE	MAX_RANGE	TOTAL_DAMAGE	TEAM_ID
1	MOVEMENT	0	1	Griffin	Griffin	BipedMek	STRIKER	24	4	5	0.00	0.00	0	0	0	0	0	1.00	1.00	1	22	10	1
1	MOVEMENT	0	2	Phoenix Hawk	Phoenix Hawk	BipedMek	STRIKER	21	7	5	0.00	0.00	0	0	0	0	0	1.00	1.00	1	28	22	1
1	MOVEMENT	1	3	Nightstar	Nightstar	BipedMek	JUGGERNAUT	2	3	2	0.00	0.00	0	0	0	0	0	1.00	1.00	0	30	55	2
PLAYER_ID	ENTITY_ID	CHASSIS	MODEL	FACING	FROM_X	FROM_Y	TO_X	TO_Y	HEXES_MOVED	DISTANCE	MP_USED	MAX_MP	MP_P	HEAT_P	ARMOR_P	INTERNAL_P	JUMPING	PRONE	LEGAL	STEPS	TEAM_ID	CHANCE_OF_FAILURE	IS_BOT
1	3	Nightstar	NSR-9J	2	2	3	8	6	6	0	6	6	1.00	0.00	1.00	1.00	0	0	1	CLIMB_MODE_ON FORWARDS FORWARDS FORWARDS FORWARDS FORWARDS FORWARDS	2	0.00	1
ROUND	PHASE	PLAYER_ID	ENTITY_ID	CHASSIS	MODEL	TYPE	ROLE	X	Y	FACING	MP	HEAT	PRONE	AIRBORNE	OFF_BOARD	CRIPPLED	DESTROYED	ARMOR_P	INTERNAL_P	DONE	MAX_RANGE	TOTAL_DAMAGE	TEAM_ID
1	MOVEMENT	0	1	Griffin	Griffin	BipedMek	STRIKER	24	4	5	0.00	0.00	0	0	0	0	0	1.00	1.00	1	22	10	1
1	MOVEMENT	0	2	Phoenix Hawk	Phoenix Hawk	BipedMek	STRIKER	21	7	5	0.00	0.00	0	0	0	0	0	1.00	1.00	1	28	22	1
1	MOVEMENT	1	3	Nightstar	Nightstar	BipedMek	JUGGERNAUT	8	6	2	0.00	0.00	0	0	0	0	0	1.00	1.00	1	30	55	2
ROUND	PHASE	PLAYER_ID	ENTITY_ID	CHASSIS	MODEL	TYPE	ROLE	X	Y	FACING	MP	HEAT	PRONE	AIRBORNE	OFF_BOARD	CRIPPLED	DESTROYED	ARMOR_P	INTERNAL_P	DONE	MAX_RANGE	TOTAL_DAMAGE	TEAM_ID
1	OFFBOARD	0	1	Griffin	Griffin	BipedMek	STRIKER	24	4	5	0.00	0.00	0	0	0	0	0	1.00	1.00	1	22	10	1
1	OFFBOARD	0	2	Phoenix Hawk	Phoenix Hawk	BipedMek	STRIKER	21	7	5	0.00	0.00	0	0	0	0	0	1.00	1.00	1	28	22	1
1	OFFBOARD	1	3	Nightstar	Nightstar	BipedMek	JUGGERNAUT	8	6	2	0.00	0.00	0	0	0	0	0	1.00	1.00	1	30	55	2
ROUND	PHASE	PLAYER_ID	ENTITY_ID	CHASSIS	MODEL	TYPE	ROLE	X	Y	FACING	MP	HEAT	PRONE	AIRBORNE	OFF_BOARD	CRIPPLED	DESTROYED	ARMOR_P	INTERNAL_P	DONE	MAX_RANGE	TOTAL_DAMAGE	TEAM_ID
1	FIRING	0	1	Griffin	Griffin	BipedMek	STRIKER	24	4	5	0.00	0.00	0	0	0	0	0	1.00	1.00	1	22	10	1
1	FIRING	0	2	Phoenix Hawk	Phoenix Hawk	BipedMek	STRIKER	21	7	5	0.00	0.00	0	0	0	0	0	1.00	1.00	1	28	22	1
1	FIRING	1	3	Nightstar	Nightstar	BipedMek	JUGGERNAUT	8	6	2	0.00	0.00	0	0	0	0	0	1.00	1.00	1	30	55	2
ROUND	PHASE	PLAYER_ID	ENTITY_ID	CHASSIS	MODEL	TYPE	ROLE	X	Y	FACING	MP	HEAT	PRONE	AIRBORNE	OFF_BOARD	CRIPPLED	DESTROYED	ARMOR_P	INTERNAL_P	DONE	MAX_RANGE	TOTAL_DAMAGE	TEAM_ID
2	TARGETING	0	1	Griffin	Griffin	BipedMek	STRIKER	24	4	5	9.00	0.00	0	0	0	0	0	1.00	1.00	1	22	10	1
2	TARGETING	0	2	Phoenix Hawk	Phoenix Hawk	BipedMek	STRIKER	21	7	5	9.00	0.00	0	0	0	0	0	1.00	1.00	1	28	22	1
2	TARGETING	1	3	Nightstar	Nightstar	BipedMek	JUGGERNAUT	8	6	2	6.00	0.00	0	0	0	0	0	1.00	1.00	1	30	55	2
PLAYER_ID	ENTITY_ID	CHASSIS	MODEL	FACING	FROM_X	FROM_Y	TO_X	TO_Y	HEXES_MOVED	DISTANCE	MP_USED	MAX_MP	MP_P	HEAT_P	ARMOR_P	INTERNAL_P	JUMPING	PRONE	LEGAL	STEPS	TEAM_ID	CHANCE_OF_FAILURE	IS_BOT
0	1	Griffin	GRF-4R	5	24	4	17	3	7	0	9	12	0.75	0.00	1.00	1.00	0	0	1	TURN_LEFT FORWARDS FORWARDS FORWARDS TURN_RIGHT FORWARDS FORWARDS FORWARDS FORWARDS	1	0.00	0
ROUND	PHASE	PLAYER_ID	ENTITY_ID	CHASSIS	MODEL	TYPE	ROLE	X	Y	FACING	MP	HEAT	PRONE	AIRBORNE	OFF_BOARD	CRIPPLED	DESTROYED	ARMOR_P	INTERNAL_P	DONE	MAX_RANGE	TOTAL_DAMAGE	TEAM_ID
2	MOVEMENT	0	1	Griffin	Griffin	BipedMek	STRIKER	17	3	5	9.00	0.00	0	0	0	0	0	1.00	1.00	1	22	10	1
2	MOVEMENT	0	2	Phoenix Hawk	Phoenix Hawk	BipedMek	STRIKER	21	7	5	9.00	0.00	0	0	0	0	0	1.00	1.00	0	28	22	1
2	MOVEMENT	1	3	Nightstar	Nightstar	BipedMek	JUGGERNAUT	8	6	2	6.00	0.00	0	0	0	0	0	1.00	1.00	0	30	55	2
PLAYER_ID	ENTITY_ID	CHASSIS	MODEL	FACING	FROM_X	FROM_Y	TO_X	TO_Y	HEXES_MOVED	DISTANCE	MP_USED	MAX_MP	MP_P	HEAT_P	ARMOR_P	INTERNAL_P	JUMPING	PRONE	LEGAL	STEPS	TEAM_ID	CHANCE_OF_FAILURE	IS_BOT
0	2	Phoenix Hawk	PXH-1c 'Special'	5	21	7	15	7	6	0	6	6	1.00	0.00	1.00	1.00	1	0	1	START_JUMP TURN_LEFT FORWARDS FORWARDS FORWARDS TURN_RIGHT FORWARDS FORWARDS FORWARDS	1	0.00	0
ROUND	PHASE	PLAYER_ID	ENTITY_ID	CHASSIS	MODEL	TYPE	ROLE	X	Y	FACING	MP	HEAT	PRONE	AIRBORNE	OFF_BOARD	CRIPPLED	DESTROYED	ARMOR_P	INTERNAL_P	DONE	MAX_RANGE	TOTAL_DAMAGE	TEAM_ID
2	MOVEMENT	0	1	Griffin	Griffin	BipedMek	STRIKER	17	3	5	9.00	0.00	0	0	0	0	0	1.00	1.00	1	22	10	1
2	MOVEMENT	0	2	Phoenix Hawk	Phoenix Hawk	BipedMek	STRIKER	15	7	5	9.00	0.00	0	0	0	0	0	1.00	1.00	1	28	22	1
2	MOVEMENT	1	3	Nightstar	Nightstar	BipedMek	JUGGERNAUT	8	6	2	6.00	0.00	0	0	0	0	0	1.00	1.00	0	30	55	2
PLAYER_ID	ENTITY_ID	CHASSIS	MODEL	FACING	FROM_X	FROM_Y	TO_X	TO_Y	HEXES_MOVED	DISTANCE	MP_USED	MAX_MP	MP_P	HEAT_P	ARMOR_P	INTERNAL_P	JUMPING	PRONE	LEGAL	STEPS	TEAM_ID	CHANCE_OF_FAILURE	IS_BOT
1	3	Nightstar	NSR-9J	2	9	6	13	8	5	0	5	6	0.83	0.00	1.00	1.00	0	0	1	FORWARDS FORWARDS FORWARDS FORWARDS FORWARDS	2	0.00	1
ROUND	PHASE	PLAYER_ID	ENTITY_ID	CHASSIS	MODEL	TYPE	ROLE	X	Y	FACING	MP	HEAT	PRONE	AIRBORNE	OFF_BOARD	CRIPPLED	DESTROYED	ARMOR_P	INTERNAL_P	DONE	MAX_RANGE	TOTAL_DAMAGE	TEAM_ID
2	MOVEMENT	0	1	Griffin	Griffin	BipedMek	STRIKER	17	3	5	9.00	0.00	0	0	0	0	0	1.00	1.00	1	22	10	1
2	MOVEMENT	0	2	Phoenix Hawk	Phoenix Hawk	BipedMek	STRIKER	15	7	5	9.00	0.00	0	0	0	0	0	1.00	1.00	1	28	22	1
2	MOVEMENT	1	3	Nightstar	Nightstar	BipedMek	JUGGERNAUT	13	8	2	6.00	0.00	0	0	0	0	0	1.00	1.00	1	30	55	2
ROUND	PHASE	PLAYER_ID	ENTITY_ID	CHASSIS	MODEL	TYPE	ROLE	X	Y	FACING	MP	HEAT	PRONE	AIRBORNE	OFF_BOARD	CRIPPLED	DESTROYED	ARMOR_P	INTERNAL_P	DONE	MAX_RANGE	TOTAL_DAMAGE	TEAM_ID
2	OFFBOARD	0	1	Griffin	Griffin	BipedMek	STRIKER	17	3	5	9.00	0.00	0	0	0	0	0	1.00	1.00	1	22	10	1
2	OFFBOARD	0	2	Phoenix Hawk	Phoenix Hawk	BipedMek	STRIKER	15	7	5	9.00	0.00	0	0	0	0	0	1.00	1.00	1	28	22	1
2	OFFBOARD	1	3	Nightstar	Nightstar	BipedMek	JUGGERNAUT	13	8	2	6.00	0.00	0	0	0	0	0	1.00	1.00	1	30	55	2
2	0	2	BipedMek	STRIKER	15	7	5	1	3	BipedMek	JUGGERNAUT	13	8	2	-1	NONE	4	-1	0	0	1	0	9.00	0	-1
2	0	2	BipedMek	STRIKER	15	7	5	1	3	BipedMek	JUGGERNAUT	13	8	2	-1	NONE	2	-1	0	0	1	0	9.00	0	-1
2	0	2	BipedMek	STRIKER	15	7	5	1	3	BipedMek	JUGGERNAUT	13	8	2	-1	NONE	3	10	0	0	1	0	11.00	0	-1
2	0	2	BipedMek	STRIKER	15	7	5	1	3	BipedMek	JUGGERNAUT	13	8	2	-1	NONE	6	10	0	0	1	0	11.00	0	-1
ROUND	PLAYER_ID	ENTITY_ID	TYPE	ROLE	X	Y	FACING	TARGET_PLAYER_ID	TARGET_ID	TARGET_TYPE	TARGET_ROLE	TARGET_X	TARGET_Y	TARGET_FACING	AIMING_LOC	AIMING_MODE	WEAPON_ID	AMMO_ID	ATA	ATG	GTG	GTA	TO_HIT	TURNS_TO_HIT	SPOTTER_ID
2	1	3	BipedMek	JUGGERNAUT	13	8	2	-1	3007018	BuildingTarget	NONE	18	7	-1	-1	NONE	2	8	0	0	1	0	2.00	0	-1
2	1	3	BipedMek	JUGGERNAUT	13	8	2	-1	3007018	BuildingTarget	NONE	18	7	-1	-1	NONE	4	8	0	0	1	0	2.00	0	-1
2	1	3	BipedMek	JUGGERNAUT	13	8	2	-1	3007018	BuildingTarget	NONE	18	7	-1	-1	NONE	12	-1	0	0	1	0	2.00	0	-1
2	1	3	BipedMek	JUGGERNAUT	13	8	2	-1	3007018	BuildingTarget	NONE	18	7	-1	-1	NONE	3	-1	0	0	1	0	4.00	0	-1
2	1	3	BipedMek	JUGGERNAUT	13	8	2	-1	3007018	BuildingTarget	NONE	18	7	-1	-1	NONE	5	-1	0	0	1	0	4.00	0	-1
ROUND	PHASE	PLAYER_ID	ENTITY_ID	CHASSIS	MODEL	TYPE	ROLE	X	Y	FACING	MP	HEAT	PRONE	AIRBORNE	OFF_BOARD	CRIPPLED	DESTROYED	ARMOR_P	INTERNAL_P	DONE	MAX_RANGE	TOTAL_DAMAGE	TEAM_ID
2	FIRING	0	1	Griffin	Griffin	BipedMek	STRIKER	17	3	5	9.00	0.00	0	0	0	0	0	1.00	1.00	1	22	10	1
2	FIRING	0	2	Phoenix Hawk	Phoenix Hawk	BipedMek	STRIKER	15	7	5	9.00	0.00	0	0	0	0	0	1.00	1.00	1	28	22	1
2	FIRING	1	3	Nightstar	Nightstar	BipedMek	JUGGERNAUT	13	8	2	6.00	0.00	0	0	0	0	0	1.00	1.00	1	4	55	2
ROUND	PHASE	PLAYER_ID	ENTITY_ID	CHASSIS	MODEL	TYPE	ROLE	X	Y	FACING	MP	HEAT	PRONE	AIRBORNE	OFF_BOARD	CRIPPLED	DESTROYED	ARMOR_P	INTERNAL_P	DONE	MAX_RANGE	TOTAL_DAMAGE	TEAM_ID
3	TARGETING	0	1	Griffin	Griffin	BipedMek	STRIKER	17	3	5	9.00	0.00	0	0	0	0	0	1.00	1.00	1	22	10	1
3	TARGETING	0	2	Phoenix Hawk	Phoenix Hawk	BipedMek	STRIKER	15	7	5	6.00	0.00	0	0	0	0	0	1.00	1.00	1	28	22	1
3	TARGETING	1	3	Nightstar	Nightstar	BipedMek	JUGGERNAUT	13	8	2	5.00	0.00	0	0	0	0	0	1.00	1.00	1	30	55	2
PLAYER_ID	ENTITY_ID	CHASSIS	MODEL	FACING	FROM_X	FROM_Y	TO_X	TO_Y	HEXES_MOVED	DISTANCE	MP_USED	MAX_MP	MP_P	HEAT_P	ARMOR_P	INTERNAL_P	JUMPING	PRONE	LEGAL	STEPS	TEAM_ID	CHANCE_OF_FAILURE	IS_BOT
1	3	Nightstar	NSR-9J	0	14	9	14	8	2	0	4	6	0.67	0.00	1.00	1.00	0	0	1	FORWARDS TURN_LEFT TURN_LEFT FORWARDS	2	0.00	1
ROUND	PHASE	PLAYER_ID	ENTITY_ID	CHASSIS	MODEL	TYPE	ROLE	X	Y	FACING	MP	HEAT	PRONE	AIRBORNE	OFF_BOARD	CRIPPLED	DESTROYED	ARMOR_P	INTERNAL_P	DONE	MAX_RANGE	TOTAL_DAMAGE	TEAM_ID
3	MOVEMENT	0	1	Griffin	Griffin	BipedMek	STRIKER	17	3	5	9.00	0.00	0	0	0	0	0	1.00	1.00	0	22	10	1
3	MOVEMENT	0	2	Phoenix Hawk	Phoenix Hawk	BipedMek	STRIKER	15	7	5	6.00	0.00	0	0	0	0	0	1.00	1.00	0	28	22	1
3	MOVEMENT	1	3	Nightstar	Nightstar	BipedMek	JUGGERNAUT	14	8	0	5.00	0.00	0	0	0	0	0	1.00	1.00	1	30	55	2
PLAYER_ID	ENTITY_ID	CHASSIS	MODEL	FACING	FROM_X	FROM_Y	TO_X	TO_Y	HEXES_MOVED	DISTANCE	MP_USED	MAX_MP	MP_P	HEAT_P	ARMOR_P	INTERNAL_P	JUMPING	PRONE	LEGAL	STEPS	TEAM_ID	CHANCE_OF_FAILURE	IS_BOT
0	1	Griffin	GRF-4R	2	17	3	8	7	9	0	9	9	1.00	0.00	1.00	1.00	1	0	1	START_JUMP TURN_LEFT FORWARDS FORWARDS FORWARDS FORWARDS FORWARDS FORWARDS FORWARDS FORWARDS TURN_RIGHT FORWARDS TURN_LEFT TURN_LEFT TURN_LEFT	1	0.00	0
ROUND	PHASE	PLAYER_ID	ENTITY_ID	CHASSIS	MODEL	TYPE	ROLE	X	Y	FACING	MP	HEAT	PRONE	AIRBORNE	OFF_BOARD	CRIPPLED	DESTROYED	ARMOR_P	INTERNAL_P	DONE	MAX_RANGE	TOTAL_DAMAGE	TEAM_ID
3	MOVEMENT	0	1	Griffin	Griffin	BipedMek	STRIKER	8	7	2	9.00	0.00	0	0	0	0	0	1.00	1.00	1	22	10	1
3	MOVEMENT	0	2	Phoenix Hawk	Phoenix Hawk	BipedMek	STRIKER	15	7	5	6.00	0.00	0	0	0	0	0	1.00	1.00	0	28	22	1
3	MOVEMENT	1	3	Nightstar	Nightstar	BipedMek	JUGGERNAUT	14	8	0	5.00	0.00	0	0	0	0	0	1.00	1.00	1	30	55	2
PLAYER_ID	ENTITY_ID	CHASSIS	MODEL	FACING	FROM_X	FROM_Y	TO_X	TO_Y	HEXES_MOVED	DISTANCE	MP_USED	MAX_MP	MP_P	HEAT_P	ARMOR_P	INTERNAL_P	JUMPING	PRONE	LEGAL	STEPS	TEAM_ID	CHANCE_OF_FAILURE	IS_BOT
0	2	Phoenix Hawk	PXH-1c 'Special'	0	15	7	14	13	6	0	6	6	1.00	0.00	1.00	1.00	1	0	1	START_JUMP TURN_LEFT FORWARDS TURN_LEFT FORWARDS FORWARDS FORWARDS FORWARDS FORWARDS TURN_LEFT TURN_LEFT TURN_LEFT	1	0.00	0
ROUND	PHASE	PLAYER_ID	ENTITY_ID	CHASSIS	MODEL	TYPE	ROLE	X	Y	FACING	MP	HEAT	PRONE	AIRBORNE	OFF_BOARD	CRIPPLED	DESTROYED	ARMOR_P	INTERNAL_P	DONE	MAX_RANGE	TOTAL_DAMAGE	TEAM_ID
3	MOVEMENT	0	1	Griffin	Griffin	BipedMek	STRIKER	8	7	2	9.00	0.00	0	0	0	0	0	1.00	1.00	1	22	10	1
3	MOVEMENT	0	2	Phoenix Hawk	Phoenix Hawk	BipedMek	STRIKER	14	13	0	6.00	0.00	0	0	0	0	0	1.00	1.00	1	28	22	1
3	MOVEMENT	1	3	Nightstar	Nightstar	BipedMek	JUGGERNAUT	14	8	0	5.00	0.00	0	0	0	0	0	1.00	1.00	1	30	55	2
ROUND	PHASE	PLAYER_ID	ENTITY_ID	CHASSIS	MODEL	TYPE	ROLE	X	Y	FACING	MP	HEAT	PRONE	AIRBORNE	OFF_BOARD	CRIPPLED	DESTROYED	ARMOR_P	INTERNAL_P	DONE	MAX_RANGE	TOTAL_DAMAGE	TEAM_ID
3	OFFBOARD	0	1	Griffin	Griffin	BipedMek	STRIKER	8	7	2	9.00	0.00	0	0	0	0	0	1.00	1.00	1	22	10	1
3	OFFBOARD	0	2	Phoenix Hawk	Phoenix Hawk	BipedMek	STRIKER	14	13	0	6.00	0.00	0	0	0	0	0	1.00	1.00	1	28	22	1
3	OFFBOARD	1	3	Nightstar	Nightstar	BipedMek	JUGGERNAUT	14	8	0	5.00	0.00	0	0	0	0	0	1.00	1.00	1	30	55	2
3	1	3	BipedMek	JUGGERNAUT	14	8	0	0	1	BipedMek	STRIKER	8	7	2	-1	NONE	2	8	0	0	1	0	10.00	0	-1
3	1	3	BipedMek	JUGGERNAUT	14	8	0	0	1	BipedMek	STRIKER	8	7	2	-1	NONE	4	8	0	0	1	0	2147483647.00	0	-1
3	1	3	BipedMek	JUGGERNAUT	14	8	0	0	1	BipedMek	STRIKER	8	7	2	-1	NONE	12	-1	0	0	1	0	2147483647.00	0	-1
3	1	3	BipedMek	JUGGERNAUT	14	8	0	0	1	BipedMek	STRIKER	8	7	2	-1	NONE	3	-1	0	0	1	0	12.00	0	-1
3	1	3	BipedMek	JUGGERNAUT	14	8	0	0	1	BipedMek	STRIKER	8	7	2	-1	NONE	5	-1	0	0	1	0	2147483647.00	0	-1
ROUND	PLAYER_ID	ENTITY_ID	TYPE	ROLE	X	Y	FACING	TARGET_PLAYER_ID	TARGET_ID	TARGET_TYPE	TARGET_ROLE	TARGET_X	TARGET_Y	TARGET_FACING	AIMING_LOC	AIMING_MODE	WEAPON_ID	AMMO_ID	ATA	ATG	GTG	GTA	TO_HIT	TURNS_TO_HIT	SPOTTER_ID
3	0	1	BipedMek	STRIKER	8	7	2	1	3	BipedMek	JUGGERNAUT	14	8	0	-1	NONE	4	-1	0	0	1	0	7.00	0	-1
3	0	1	BipedMek	STRIKER	8	7	2	1	3	BipedMek	JUGGERNAUT	14	8	0	-1	NONE	8	9	0	0	1	0	8.00	0	-1
ROUND	PLAYER_ID	ENTITY_ID	TYPE	ROLE	X	Y	FACING	TARGET_PLAYER_ID	TARGET_ID	TARGET_TYPE	TARGET_ROLE	TARGET_X	TARGET_Y	TARGET_FACING	AIMING_LOC	AIMING_MODE	WEAPON_ID	AMMO_ID	ATA	ATG	GTG	GTA	TO_HIT	TURNS_TO_HIT	SPOTTER_ID
3	0	2	BipedMek	STRIKER	14	13	0	1	3	BipedMek	JUGGERNAUT	14	8	0	-1	NONE	4	-1	0	0	1	0	7.00	0	-1
3	0	2	BipedMek	STRIKER	14	13	0	1	3	BipedMek	JUGGERNAUT	14	8	0	-1	NONE	15	-1	0	0	1	0	7.00	0	-1
ROUND	PHASE	PLAYER_ID	ENTITY_ID	CHASSIS	MODEL	TYPE	ROLE	X	Y	FACING	MP	HEAT	PRONE	AIRBORNE	OFF_BOARD	CRIPPLED	DESTROYED	ARMOR_P	INTERNAL_P	DONE	MAX_RANGE	TOTAL_DAMAGE	TEAM_ID
3	FIRING	0	1	Griffin	Griffin	BipedMek	STRIKER	8	7	2	9.00	0.00	0	0	0	0	0	1.00	1.00	1	16	10	1
3	FIRING	0	2	Phoenix Hawk	Phoenix Hawk	BipedMek	STRIKER	14	13	0	6.00	0.00	0	0	0	0	0	1.00	1.00	1	12	22	1
3	FIRING	1	3	Nightstar	Nightstar	BipedMek	JUGGERNAUT	14	8	0	5.00	0.00	0	0	0	0	0	0.94	1.00	1	4	55	2
ROUND	PHASE	PLAYER_ID	ENTITY_ID	CHASSIS	MODEL	TYPE	ROLE	X	Y	FACING	MP	HEAT	PRONE	AIRBORNE	OFF_BOARD	CRIPPLED	DESTROYED	ARMOR_P	INTERNAL_P	DONE	MAX_RANGE	TOTAL_DAMAGE	TEAM_ID
4	TARGETING	0	1	Griffin	Griffin	BipedMek	STRIKER	8	7	2	9.00	0.00	0	0	0	0	0	1.00	1.00	1	22	10	1
4	TARGETING	0	2	Phoenix Hawk	Phoenix Hawk	BipedMek	STRIKER	14	13	0	6.00	8.00	0	0	0	0	0	1.00	1.00	1	28	22	1
4	TARGETING	1	3	Nightstar	Nightstar	BipedMek	JUGGERNAUT	14	8	0	4.00	0.00	0	0	0	0	0	0.94	1.00	1	30	55	2
PLAYER_ID	ENTITY_ID	CHASSIS	MODEL	FACING	FROM_X	FROM_Y	TO_X	TO_Y	HEXES_MOVED	DISTANCE	MP_USED	MAX_MP	MP_P	HEAT_P	ARMOR_P	INTERNAL_P	JUMPING	PRONE	LEGAL	STEPS	TEAM_ID	CHANCE_OF_FAILURE	IS_BOT
0	1	Griffin	GRF-4R	2	8	7	5	10	5	0	9	12	0.75	0.00	1.00	1.00	0	0	1	TURN_RIGHT FORWARDS TURN_RIGHT FORWARDS FORWARDS FORWARDS TURN_LEFT FORWARDS TURN_LEFT	1	0.00	0
ROUND	PHASE	PLAYER_ID	ENTITY_ID	CHASSIS	MODEL	TYPE	ROLE	X	Y	FACING	MP	HEAT	PRONE	AIRBORNE	OFF_BOARD	CRIPPLED	DESTROYED	ARMOR_P	INTERNAL_P	DONE	MAX_RANGE	TOTAL_DAMAGE	TEAM_ID
4	MOVEMENT	0	1	Griffin	Griffin	BipedMek	STRIKER	5	10	2	9.00	0.00	0	0	0	0	0	1.00	1.00	1	22	10	1
4	MOVEMENT	0	2	Phoenix Hawk	Phoenix Hawk	BipedMek	STRIKER	14	13	0	6.00	8.00	0	0	0	0	0	1.00	1.00	0	28	22	1
4	MOVEMENT	1	3	Nightstar	Nightstar	BipedMek	JUGGERNAUT	14	8	0	4.00	0.00	0	0	0	0	0	0.94	1.00	0	30	55	2
PLAYER_ID	ENTITY_ID	CHASSIS	MODEL	FACING	FROM_X	FROM_Y	TO_X	TO_Y	HEXES_MOVED	DISTANCE	MP_USED	MAX_MP	MP_P	HEAT_P	ARMOR_P	INTERNAL_P	JUMPING	PRONE	LEGAL	STEPS	TEAM_ID	CHANCE_OF_FAILURE	IS_BOT
0	2	Phoenix Hawk	PXH-1c 'Special'	0	14	13	18	9	6	0	8	10	0.80	0.40	1.00	1.00	0	0	1	TURN_RIGHT FORWARDS FORWARDS FORWARDS FORWARDS TURN_LEFT FORWARDS FORWARDS	1	0.00	0
ROUND	PHASE	PLAYER_ID	ENTITY_ID	CHASSIS	MODEL	TYPE	ROLE	X	Y	FACING	MP	HEAT	PRONE	AIRBORNE	OFF_BOARD	CRIPPLED	DESTROYED	ARMOR_P	INTERNAL_P	DONE	MAX_RANGE	TOTAL_DAMAGE	TEAM_ID
4	MOVEMENT	0	1	Griffin	Griffin	BipedMek	STRIKER	5	10	2	9.00	0.00	0	0	0	0	0	1.00	1.00	1	22	10	1
4	MOVEMENT	0	2	Phoenix Hawk	Phoenix Hawk	BipedMek	STRIKER	18	9	0	6.00	8.00	0	0	0	0	0	1.00	1.00	1	28	22	1
4	MOVEMENT	1	3	Nightstar	Nightstar	BipedMek	JUGGERNAUT	14	8	0	4.00	0.00	0	0	0	0	0	0.94	1.00	0	30	55	2
PLAYER_ID	ENTITY_ID	CHASSIS	MODEL	FACING	FROM_X	FROM_Y	TO_X	TO_Y	HEXES_MOVED	DISTANCE	MP_USED	MAX_MP	MP_P	HEAT_P	ARMOR_P	INTERNAL_P	JUMPING	PRONE	LEGAL	STEPS	TEAM_ID	CHANCE_OF_FAILURE	IS_BOT
1	3	Nightstar	NSR-9J	5	14	8	16	9	2	0	3	3	1.00	0.00	0.94	1.00	0	0	1	TURN_LEFT BACKWARDS BACKWARDS	2	0.00	1
ROUND	PHASE	PLAYER_ID	ENTITY_ID	CHASSIS	MODEL	TYPE	ROLE	X	Y	FACING	MP	HEAT	PRONE	AIRBORNE	OFF_BOARD	CRIPPLED	DESTROYED	ARMOR_P	INTERNAL_P	DONE	MAX_RANGE	TOTAL_DAMAGE	TEAM_ID
4	MOVEMENT	0	1	Griffin	Griffin	BipedMek	STRIKER	5	10	2	9.00	0.00	0	0	0	0	0	1.00	1.00	1	22	10	1
4	MOVEMENT	0	2	Phoenix Hawk	Phoenix Hawk	BipedMek	STRIKER	18	9	0	6.00	8.00	0	0	0	0	0	1.00	1.00	1	28	22	1
4	MOVEMENT	1	3	Nightstar	Nightstar	BipedMek	JUGGERNAUT	16	9	5	4.00	0.00	0	0	0	0	0	0.94	1.00	1	30	55	2
ROUND	PHASE	PLAYER_ID	ENTITY_ID	CHASSIS	MODEL	TYPE	ROLE	X	Y	FACING	MP	HEAT	PRONE	AIRBORNE	OFF_BOARD	CRIPPLED	DESTROYED	ARMOR_P	INTERNAL_P	DONE	MAX_RANGE	TOTAL_DAMAGE	TEAM_ID
4	OFFBOARD	0	1	Griffin	Griffin	BipedMek	STRIKER	5	10	2	9.00	0.00	0	0	0	0	0	1.00	1.00	1	22	10	1
4	OFFBOARD	0	2	Phoenix Hawk	Phoenix Hawk	BipedMek	STRIKER	18	9	0	6.00	8.00	0	0	0	0	0	1.00	1.00	1	28	22	1
4	OFFBOARD	1	3	Nightstar	Nightstar	BipedMek	JUGGERNAUT	16	9	5	4.00	0.00	0	0	0	0	0	0.94	1.00	1	30	55	2
4	0	1	BipedMek	STRIKER	5	10	2	1	3	BipedMek	JUGGERNAUT	16	9	5	-1	NONE	4	-1	0	0	1	0	8.00	0	-1
4	0	1	BipedMek	STRIKER	5	10	2	1	3	BipedMek	JUGGERNAUT	16	9	5	-1	NONE	8	9	0	0	1	0	8.00	0	-1
ROUND	PLAYER_ID	ENTITY_ID	TYPE	ROLE	X	Y	FACING	TARGET_PLAYER_ID	TARGET_ID	TARGET_TYPE	TARGET_ROLE	TARGET_X	TARGET_Y	TARGET_FACING	AIMING_LOC	AIMING_MODE	WEAPON_ID	AMMO_ID	ATA	ATG	GTG	GTA	TO_HIT	TURNS_TO_HIT	SPOTTER_ID
4	1	3	BipedMek	JUGGERNAUT	16	9	5	0	1	BipedMek	STRIKER	5	10	2	-1	NONE	2	8	0	0	1	0	9.00	0	-1
4	1	3	BipedMek	JUGGERNAUT	16	9	5	0	1	BipedMek	STRIKER	5	10	2	-1	NONE	4	8	0	0	1	0	9.00	0	-1
4	1	3	BipedMek	JUGGERNAUT	16	9	5	0	1	BipedMek	STRIKER	5	10	2	-1	NONE	12	-1	0	0	1	0	9.00	0	-1
ROUND	PHASE	PLAYER_ID	ENTITY_ID	CHASSIS	MODEL	TYPE	ROLE	X	Y	FACING	MP	HEAT	PRONE	AIRBORNE	OFF_BOARD	CRIPPLED	DESTROYED	ARMOR_P	INTERNAL_P	DONE	MAX_RANGE	TOTAL_DAMAGE	TEAM_ID
4	FIRING	0	1	Griffin	Griffin	BipedMek	STRIKER	5	10	2	9.00	0.00	0	0	0	1	0	0.95	0.99	1	16	10	1
4	FIRING	0	2	Phoenix Hawk	Phoenix Hawk	BipedMek	STRIKER	18	9	0	6.00	8.00	0	0	0	0	0	1.00	1.00	1	28	22	1
4	FIRING	1	3	Nightstar	Nightstar	BipedMek	JUGGERNAUT	16	9	5	4.00	0.00	0	0	0	0	0	0.91	1.00	1	8	55	2
ROUND	PHASE	PLAYER_ID	ENTITY_ID	CHASSIS	MODEL	TYPE	ROLE	X	Y	FACING	MP	HEAT	PRONE	AIRBORNE	OFF_BOARD	CRIPPLED	DESTROYED	ARMOR_P	INTERNAL_P	DONE	MAX_RANGE	TOTAL_DAMAGE	TEAM_ID
5	TARGETING	0	2	Phoenix Hawk	Phoenix Hawk	BipedMek	STRIKER	18	9	0	8.00	0.00	0	0	0	0	0	1.00	1.00	1	28	22	1
5	TARGETING	1	3	Nightstar	Nightstar	BipedMek	JUGGERNAUT	16	9	5	3.00	0.00	0	0	0	0	0	0.91	1.00	1	30	55	2
PLAYER_ID	ENTITY_ID	CHASSIS	MODEL	FACING	FROM_X	FROM_Y	TO_X	TO_Y	HEXES_MOVED	DISTANCE	MP_USED	MAX_MP	MP_P	HEAT_P	ARMOR_P	INTERNAL_P	JUMPING	PRONE	LEGAL	STEPS	TEAM_ID	CHANCE_OF_FAILURE	IS_BOT
1	3	Nightstar	NSR-9J	2	15	8	16	9	2	0	5	6	0.83	0.00	0.91	1.00	0	0	1	FORWARDS TURN_LEFT TURN_LEFT TURN_LEFT FORWARDS	2	0.00	1
ROUND	PHASE	PLAYER_ID	ENTITY_ID	CHASSIS	MODEL	TYPE	ROLE	X	Y	FACING	MP	HEAT	PRONE	AIRBORNE	OFF_BOARD	CRIPPLED	DESTROYED	ARMOR_P	INTERNAL_P	DONE	MAX_RANGE	TOTAL_DAMAGE	TEAM_ID
5	MOVEMENT	0	2	Phoenix Hawk	Phoenix Hawk	BipedMek	STRIKER	18	9	0	8.00	0.00	0	0	0	0	0	1.00	1.00	0	28	22	1
5	MOVEMENT	1	3	Nightstar	Nightstar	BipedMek	JUGGERNAUT	16	9	2	3.00	0.00	0	0	0	0	0	0.91	1.00	1	30	55	2
PLAYER_ID	ENTITY_ID	CHASSIS	MODEL	FACING	FROM_X	FROM_Y	TO_X	TO_Y	HEXES_MOVED	DISTANCE	MP_USED	MAX_MP	MP_P	HEAT_P	ARMOR_P	INTERNAL_P	JUMPING	PRONE	LEGAL	STEPS	TEAM_ID	CHANCE_OF_FAILURE	IS_BOT
0	2	Phoenix Hawk	PXH-1c 'Special'	2	18	9	12	6	6	0	6	6	1.00	0.00	1.00	1.00	1	0	1	START_JUMP TURN_LEFT FORWARDS FORWARDS FORWARDS FORWARDS FORWARDS FORWARDS TURN_LEFT TURN_LEFT TURN_LEFT	1	0.00	0
ROUND	PHASE	PLAYER_ID	ENTITY_ID	CHASSIS	MODEL	TYPE	ROLE	X	Y	FACING	MP	HEAT	PRONE	AIRBORNE	OFF_BOARD	CRIPPLED	DESTROYED	ARMOR_P	INTERNAL_P	DONE	MAX_RANGE	TOTAL_DAMAGE	TEAM_ID
5	MOVEMENT	0	2	Phoenix Hawk	Phoenix Hawk	BipedMek	STRIKER	12	6	2	8.00	0.00	0	0	0	0	0	1.00	1.00	1	28	22	1
5	MOVEMENT	1	3	Nightstar	Nightstar	BipedMek	JUGGERNAUT	16	9	2	3.00	0.00	0	0	0	0	0	0.91	1.00	1	30	55	2
ROUND	PHASE	PLAYER_ID	ENTITY_ID	CHASSIS	MODEL	TYPE	ROLE	X	Y	FACING	MP	HEAT	PRONE	AIRBORNE	OFF_BOARD	CRIPPLED	DESTROYED	ARMOR_P	INTERNAL_P	DONE	MAX_RANGE	TOTAL_DAMAGE	TEAM_ID
5	OFFBOARD	0	2	Phoenix Hawk	Phoenix Hawk	BipedMek	STRIKER	12	6	2	8.00	0.00	0	0	0	0	0	1.00	1.00	1	28	22	1
5	OFFBOARD	1	3	Nightstar	Nightstar	BipedMek	JUGGERNAUT	16	9	2	3.00	0.00	0	0	0	0	0	0.91	1.00	1	30	55	2
5	1	3	BipedMek	JUGGERNAUT	16	9	2	0	2	BipedMek	STRIKER	12	6	2	-1	NONE	2	8	0	0	1	0	2147483647.00	0	-1
5	1	3	BipedMek	JUGGERNAUT	16	9	2	0	2	BipedMek	STRIKER	12	6	2	-1	NONE	3	-1	0	0	1	0	2147483647.00	0	-1
ROUND	PLAYER_ID	ENTITY_ID	TYPE	ROLE	X	Y	FACING	TARGET_PLAYER_ID	TARGET_ID	TARGET_TYPE	TARGET_ROLE	TARGET_X	TARGET_Y	TARGET_FACING	AIMING_LOC	AIMING_MODE	WEAPON_ID	AMMO_ID	ATA	ATG	GTG	GTA	TO_HIT	TURNS_TO_HIT	SPOTTER_ID
5	0	2	BipedMek	STRIKER	12	6	2	1	3	BipedMek	JUGGERNAUT	16	9	2	-1	NONE	4	-1	0	0	1	0	7.00	0	-1
5	0	2	BipedMek	STRIKER	12	6	2	1	3	BipedMek	JUGGERNAUT	16	9	2	-1	NONE	15	-1	0	0	1	0	7.00	0	-1
ROUND	PHASE	PLAYER_ID	ENTITY_ID	CHASSIS	MODEL	TYPE	ROLE	X	Y	FACING	MP	HEAT	PRONE	AIRBORNE	OFF_BOARD	CRIPPLED	DESTROYED	ARMOR_P	INTERNAL_P	DONE	MAX_RANGE	TOTAL_DAMAGE	TEAM_ID
5	FIRING	0	2	Phoenix Hawk	Phoenix Hawk	BipedMek	STRIKER	12	6	2	8.00	0.00	0	0	0	0	0	0.90	1.00	1	12	22	1
5	FIRING	1	3	Nightstar	Nightstar	BipedMek	JUGGERNAUT	16	9	2	3.00	0.00	0	0	0	0	0	0.85	1.00	1	30	55	2
ROUND	PHASE	PLAYER_ID	ENTITY_ID	CHASSIS	MODEL	TYPE	ROLE	X	Y	FACING	MP	HEAT	PRONE	AIRBORNE	OFF_BOARD	CRIPPLED	DESTROYED	ARMOR_P	INTERNAL_P	DONE	MAX_RANGE	TOTAL_DAMAGE	TEAM_ID
6	TARGETING	0	2	Phoenix Hawk	Phoenix Hawk	BipedMek	STRIKER	12	6	2	6.00	8.00	0	0	0	0	0	0.90	1.00	1	28	22	1
6	TARGETING	1	3	Nightstar	Nightstar	BipedMek	JUGGERNAUT	16	9	2	5.00	0.00	0	0	0	0	0	0.85	1.00	1	30	55	2
PLAYER_ID	ENTITY_ID	CHASSIS	MODEL	FACING	FROM_X	FROM_Y	TO_X	TO_Y	HEXES_MOVED	DISTANCE	MP_USED	MAX_MP	MP_P	HEAT_P	ARMOR_P	INTERNAL_P	JUMPING	PRONE	LEGAL	STEPS	TEAM_ID	CHANCE_OF_FAILURE	IS_BOT
1	3	Nightstar	NSR-9J	5	16	9	14	8	2	0	5	6	0.83	0.00	0.85	1.00	0	0	1	TURN_LEFT TURN_LEFT TURN_LEFT FORWARDS FORWARDS	2	0.00	1
ROUND	PHASE	PLAYER_ID	ENTITY_ID	CHASSIS	MODEL	TYPE	ROLE	X	Y	FACING	MP	HEAT	PRONE	AIRBORNE	OFF_BOARD	CRIPPLED	DESTROYED	ARMOR_P	INTERNAL_P	DONE	MAX_RANGE	TOTAL_DAMAGE	TEAM_ID
6	MOVEMENT	0	2	Phoenix Hawk	Phoenix Hawk	BipedMek	STRIKER	12	6	2	6.00	8.00	0	0	0	0	0	0.90	1.00	0	28	22	1
6	MOVEMENT	1	3	Nightstar	Nightstar	BipedMek	JUGGERNAUT	14	8	5	5.00	0.00	0	0	0	0	0	0.85	1.00	1	30	55	2
PLAYER_ID	ENTITY_ID	CHASSIS	MODEL	FACING	FROM_X	FROM_Y	TO_X	TO_Y	HEXES_MOVED	DISTANCE	MP_USED	MAX_MP	MP_P	HEAT_P	ARMOR_P	INTERNAL_P	JUMPING	PRONE	LEGAL	STEPS	TEAM_ID	CHANCE_OF_FAILURE	IS_BOT
0	2	Phoenix Hawk	PXH-1c 'Special'	2	13	6	14	10	5	0	7	10	0.70	0.40	0.90	1.00	0	0	1	FORWARDS TURN_RIGHT FORWARDS FORWARDS FORWARDS TURN_LEFT FORWARDS	1	0.00	0
ROUND	PHASE	PLAYER_ID	ENTITY_ID	CHASSIS	MODEL	TYPE	ROLE	X	Y	FACING	MP	HEAT	PRONE	AIRBORNE	OFF_BOARD	CRIPPLED	DESTROYED	ARMOR_P	INTERNAL_P	DONE	MAX_RANGE	TOTAL_DAMAGE	TEAM_ID
6	MOVEMENT	0	2	Phoenix Hawk	Phoenix Hawk	BipedMek	STRIKER	14	10	2	6.00	8.00	0	0	0	0	0	0.90	1.00	1	28	22	1
6	MOVEMENT	1	3	Nightstar	Nightstar	BipedMek	JUGGERNAUT	14	8	5	5.00	0.00	0	0	0	0	0	0.85	1.00	1	30	55	2
ROUND	PHASE	PLAYER_ID	ENTITY_ID	CHASSIS	MODEL	TYPE	ROLE	X	Y	FACING	MP	HEAT	PRONE	AIRBORNE	OFF_BOARD	CRIPPLED	DESTROYED	ARMOR_P	INTERNAL_P	DONE	MAX_RANGE	TOTAL_DAMAGE	TEAM_ID
6	OFFBOARD	0	2	Phoenix Hawk	Phoenix Hawk	BipedMek	STRIKER	14	10	2	6.00	8.00	0	0	0	0	0	0.90	1.00	1	28	22	1
6	OFFBOARD	1	3	Nightstar	Nightstar	BipedMek	JUGGERNAUT	14	8	5	5.00	0.00	0	0	0	0	0	0.85	1.00	1	30	55	2
6	1	3	BipedMek	JUGGERNAUT	14	8	5	0	2	BipedMek	STRIKER	14	10	2	-1	NONE	2	8	0	0	1	0	9.00	0	-1
6	1	3	BipedMek	JUGGERNAUT	14	8	5	0	2	BipedMek	STRIKER	14	10	2	-1	NONE	4	8	0	0	1	0	2147483647.00	0	-1
6	1	3	BipedMek	JUGGERNAUT	14	8	5	0	2	BipedMek	STRIKER	14	10	2	-1	NONE	12	-1	0	0	1	0	2147483647.00	0	-1
6	1	3	BipedMek	JUGGERNAUT	14	8	5	0	2	BipedMek	STRIKER	14	10	2	-1	NONE	3	-1	0	0	1	0	6.00	0	-1
6	1	3	BipedMek	JUGGERNAUT	14	8	5	0	2	BipedMek	STRIKER	14	10	2	-1	NONE	5	-1	0	0	1	0	2147483647.00	0	-1
6	1	3	BipedMek	JUGGERNAUT	14	8	5	0	2	BipedMek	STRIKER	14	10	2	-1	NONE	17	-1	0	0	1	0	2147483647.00	0	-1
6	0	2	BipedMek	STRIKER	14	10	2	1	3	BipedMek	JUGGERNAUT	14	8	5	-1	NONE	4	-1	0	0	1	0	2147483647.00	0	-1
6	0	2	BipedMek	STRIKER	14	10	2	1	3	BipedMek	JUGGERNAUT	14	8	5	-1	NONE	3	10	0	0	1	0	9.00	0	-1
6	0	2	BipedMek	STRIKER	14	10	2	1	3	BipedMek	JUGGERNAUT	14	8	5	-1	NONE	6	10	0	0	1	0	2147483647.00	0	-1
ROUND	PHASE	PLAYER_ID	ENTITY_ID	CHASSIS	MODEL	TYPE	ROLE	X	Y	FACING	MP	HEAT	PRONE	AIRBORNE	OFF_BOARD	CRIPPLED	DESTROYED	ARMOR_P	INTERNAL_P	DONE	MAX_RANGE	TOTAL_DAMAGE	TEAM_ID
6	FIRING	0	2	Phoenix Hawk	Phoenix Hawk	BipedMek	STRIKER	14	10	2	6.00	8.00	0	0	0	0	0	0.78	1.00	1	28	22	1
6	FIRING	1	3	Nightstar	Nightstar	BipedMek	JUGGERNAUT	14	8	5	5.00	0.00	0	0	0	0	0	0.81	1.00	1	0	55	2
ROUND	PHASE	PLAYER_ID	ENTITY_ID	CHASSIS	MODEL	TYPE	ROLE	X	Y	FACING	MP	HEAT	PRONE	AIRBORNE	OFF_BOARD	CRIPPLED	DESTROYED	ARMOR_P	INTERNAL_P	DONE	MAX_RANGE	TOTAL_DAMAGE	TEAM_ID
7	TARGETING	0	2	Phoenix Hawk	Phoenix Hawk	BipedMek	STRIKER	14	10	2	7.00	0.00	0	0	0	0	0	0.78	1.00	1	28	22	1
7	TARGETING	1	3	Nightstar	Nightstar	BipedMek	JUGGERNAUT	14	8	5	5.00	0.00	0	0	0	0	0	0.81	1.00	1	30	55	2
PLAYER_ID	ENTITY_ID	CHASSIS	MODEL	FACING	FROM_X	FROM_Y	TO_X	TO_Y	HEXES_MOVED	DISTANCE	MP_USED	MAX_MP	MP_P	HEAT_P	ARMOR_P	INTERNAL_P	JUMPING	PRONE	LEGAL	STEPS	TEAM_ID	CHANCE_OF_FAILURE	IS_BOT
0	2	Phoenix Hawk	PXH-1c 'Special'	4	14	10	20	7	6	0	6	6	1.00	0.00	0.78	1.00	1	0	1	START_JUMP TURN_LEFT FORWARDS FORWARDS FORWARDS FORWARDS FORWARDS FORWARDS TURN_LEFT TURN_LEFT TURN_LEFT	1	0.00	0
ROUND	PHASE	PLAYER_ID	ENTITY_ID	CHASSIS	MODEL	TYPE	ROLE	X	Y	FACING	MP	HEAT	PRONE	AIRBORNE	OFF_BOARD	CRIPPLED	DESTROYED	ARMOR_P	INTERNAL_P	DONE	MAX_RANGE	TOTAL_DAMAGE	TEAM_ID
7	MOVEMENT	0	2	Phoenix Hawk	Phoenix Hawk	BipedMek	STRIKER	20	7	4	7.00	0.00	0	0	0	0	0	0.78	1.00	1	28	22	1
7	MOVEMENT	1	3	Nightstar	Nightstar	BipedMek	JUGGERNAUT	14	8	5	5.00	0.00	0	0	0	0	0	0.81	1.00	0	30	55	2
PLAYER_ID	ENTITY_ID	CHASSIS	MODEL	FACING	FROM_X	FROM_Y	TO_X	TO_Y	HEXES_MOVED	DISTANCE	MP_USED	MAX_MP	MP_P	HEAT_P	ARMOR_P	INTERNAL_P	JUMPING	PRONE	LEGAL	STEPS	TEAM_ID	CHANCE_OF_FAILURE	IS_BOT
1	3	Nightstar	NSR-9J	1	14	8	17	6	3	0	5	6	0.83	0.00	0.81	1.00	0	0	1	TURN_RIGHT TURN_RIGHT FORWARDS FORWARDS FORWARDS	2	0.00	1
ROUND	PHASE	PLAYER_ID	ENTITY_ID	CHASSIS	MODEL	TYPE	ROLE	X	Y	FACING	MP	HEAT	PRONE	AIRBORNE	OFF_BOARD	CRIPPLED	DESTROYED	ARMOR_P	INTERNAL_P	DONE	MAX_RANGE	TOTAL_DAMAGE	TEAM_ID
7	MOVEMENT	0	2	Phoenix Hawk	Phoenix Hawk	BipedMek	STRIKER	20	7	4	7.00	0.00	0	0	0	0	0	0.78	1.00	1	28	22	1
7	MOVEMENT	1	3	Nightstar	Nightstar	BipedMek	JUGGERNAUT	17	6	1	5.00	0.00	0	0	0	0	0	0.81	1.00	1	30	55	2
ROUND	PHASE	PLAYER_ID	ENTITY_ID	CHASSIS	MODEL	TYPE	ROLE	X	Y	FACING	MP	HEAT	PRONE	AIRBORNE	OFF_BOARD	CRIPPLED	DESTROYED	ARMOR_P	INTERNAL_P	DONE	MAX_RANGE	TOTAL_DAMAGE	TEAM_ID
7	OFFBOARD	0	2	Phoenix Hawk	Phoenix Hawk	BipedMek	STRIKER	20	7	4	7.00	0.00	0	0	0	0	0	0.78	1.00	1	28	22	1
7	OFFBOARD	1	3	Nightstar	Nightstar	BipedMek	JUGGERNAUT	17	6	1	5.00	0.00	0	0	0	0	0	0.81	1.00	1	30	55	2
ROUND	PLAYER_ID	ENTITY_ID	TYPE	ROLE	X	Y	FACING	TARGET_PLAYER_ID	TARGET_ID	TARGET_TYPE	TARGET_ROLE	TARGET_X	TARGET_Y	TARGET_FACING	AIMING_LOC	AIMING_MODE	WEAPON_ID	AMMO_ID	ATA	ATG	GTG	GTA	TO_HIT	TURNS_TO_HIT	SPOTTER_ID
7	0	2	BipedMek	STRIKER	20	7	4	1	3	BipedMek	JUGGERNAUT	17	6	1	-1	NONE	4	-1	0	0	1	0	8.00	0	-1
7	0	2	BipedMek	STRIKER	20	7	4	1	3	BipedMek	JUGGERNAUT	17	6	1	-1	NONE	2	-1	0	0	1	0	8.00	0	-1
7	0	2	BipedMek	STRIKER	20	7	4	1	3	BipedMek	JUGGERNAUT	17	6	1	-1	NONE	5	-1	0	0	1	0	8.00	0	-1
7	0	2	BipedMek	STRIKER	20	7	4	1	3	BipedMek	JUGGERNAUT	17	6	1	-1	NONE	3	10	0	0	1	0	12.00	0	-1
7	0	2	BipedMek	STRIKER	20	7	4	1	3	BipedMek	JUGGERNAUT	17	6	1	-1	NONE	6	10	0	0	1	0	12.00	0	-1
ROUND	PLAYER_ID	ENTITY_ID	TYPE	ROLE	X	Y	FACING	TARGET_PLAYER_ID	TARGET_ID	TARGET_TYPE	TARGET_ROLE	TARGET_X	TARGET_Y	TARGET_FACING	AIMING_LOC	AIMING_MODE	WEAPON_ID	AMMO_ID	ATA	ATG	GTG	GTA	TO_HIT	TURNS_TO_HIT	SPOTTER_ID
7	1	3	BipedMek	JUGGERNAUT	17	6	1	0	2	BipedMek	STRIKER	20	7	4	-1	NONE	2	9	0	0	1	0	9.00	0	-1
7	1	3	BipedMek	JUGGERNAUT	17	6	1	0	2	BipedMek	STRIKER	20	7	4	-1	NONE	4	9	0	0	1	0	9.00	0	-1
7	1	3	BipedMek	JUGGERNAUT	17	6	1	0	2	BipedMek	STRIKER	20	7	4	-1	NONE	12	-1	0	0	1	0	9.00	0	-1
7	1	3	BipedMek	JUGGERNAUT	17	6	1	0	2	BipedMek	STRIKER	20	7	4	-1	NONE	3	-1	0	0	1	0	9.00	0	-1
7	1	3	BipedMek	JUGGERNAUT	17	6	1	0	2	BipedMek	STRIKER	20	7	4	-1	NONE	5	-1	0	0	1	0	9.00	0	-1
ROUND	PHASE	PLAYER_ID	ENTITY_ID	CHASSIS	MODEL	TYPE	ROLE	X	Y	FACING	MP	HEAT	PRONE	AIRBORNE	OFF_BOARD	CRIPPLED	DESTROYED	ARMOR_P	INTERNAL_P	DONE	MAX_RANGE	TOTAL_DAMAGE	TEAM_ID
7	FIRING	0	2	Phoenix Hawk	Phoenix Hawk	BipedMek	STRIKER	20	7	4	7.00	0.00	0	0	0	0	0	0.78	1.00	1	28	22	1
7	FIRING	1	3	Nightstar	Nightstar	BipedMek	JUGGERNAUT	17	6	1	5.00	0.00	0	0	0	0	0	0.81	1.00	1	4	55	2
ROUND	PHASE	PLAYER_ID	ENTITY_ID	CHASSIS	MODEL	TYPE	ROLE	X	Y	FACING	MP	HEAT	PRONE	AIRBORNE	OFF_BOARD	CRIPPLED	DESTROYED	ARMOR_P	INTERNAL_P	DONE	MAX_RANGE	TOTAL_DAMAGE	TEAM_ID
8	TARGETING	0	2	Phoenix Hawk	Phoenix Hawk	BipedMek	STRIKER	20	7	4	6.00	2.00	0	0	0	0	0	0.78	1.00	1	28	22	1
8	TARGETING	1	3	Nightstar	Nightstar	BipedMek	JUGGERNAUT	17	6	1	5.00	0.00	0	0	0	0	0	0.81	1.00	1	30	55	2
PLAYER_ID	ENTITY_ID	CHASSIS	MODEL	FACING	FROM_X	FROM_Y	TO_X	TO_Y	HEXES_MOVED	DISTANCE	MP_USED	MAX_MP	MP_P	HEAT_P	ARMOR_P	INTERNAL_P	JUMPING	PRONE	LEGAL	STEPS	TEAM_ID	CHANCE_OF_FAILURE	IS_BOT
0	2	Phoenix Hawk	PXH-1c 'Special'	0	20	7	17	11	6	0	6	6	1.00	0.10	0.78	1.00	1	0	1	START_JUMP TURN_LEFT FORWARDS FORWARDS FORWARDS TURN_RIGHT FORWARDS FORWARDS FORWARDS TURN_RIGHT TURN_RIGHT	1	0.00	0
ROUND	PHASE	PLAYER_ID	ENTITY_ID	CHASSIS	MODEL	TYPE	ROLE	X	Y	FACING	MP	HEAT	PRONE	AIRBORNE	OFF_BOARD	CRIPPLED	DESTROYED	ARMOR_P	INTERNAL_P	DONE	MAX_RANGE	TOTAL_DAMAGE	TEAM_ID
8	MOVEMENT	0	2	Phoenix Hawk	Phoenix Hawk	BipedMek	STRIKER	17	11	0	6.00	2.00	0	0	0	0	0	0.78	1.00	1	28	22	1
8	MOVEMENT	1	3	Nightstar	Nightstar	BipedMek	JUGGERNAUT	17	6	1	5.00	0.00	0	0	0	0	0	0.81	1.00	0	30	55	2
PLAYER_ID	ENTITY_ID	CHASSIS	MODEL	FACING	FROM_X	FROM_Y	TO_X	TO_Y	HEXES_MOVED	DISTANCE	MP_USED	MAX_MP	MP_P	HEAT_P	ARMOR_P	INTERNAL_P	JUMPING	PRONE	LEGAL	STEPS	TEAM_ID	CHANCE_OF_FAILURE	IS_BOT
1	3	Nightstar	NSR-9J	3	17	6	17	7	1	0	3	6	0.50	0.00	0.81	1.00	0	0	1	TURN_RIGHT TURN_RIGHT FORWARDS	2	0.00	1
ROUND	PHASE	PLAYER_ID	ENTITY_ID	CHASSIS	MODEL	TYPE	ROLE	X	Y	FACING	MP	HEAT	PRONE	AIRBORNE	OFF_BOARD	CRIPPLED	DESTROYED	ARMOR_P	INTERNAL_P	DONE	MAX_RANGE	TOTAL_DAMAGE	TEAM_ID
8	MOVEMENT	0	2	Phoenix Hawk	Phoenix Hawk	BipedMek	STRIKER	17	11	0	6.00	2.00	0	0	0	0	0	0.78	1.00	1	28	22	1
8	MOVEMENT	1	3	Nightstar	Nightstar	BipedMek	JUGGERNAUT	17	7	3	5.00	0.00	0	0	0	0	0	0.81	1.00	1	30	55	2
ROUND	PHASE	PLAYER_ID	ENTITY_ID	CHASSIS	MODEL	TYPE	ROLE	X	Y	FACING	MP	HEAT	PRONE	AIRBORNE	OFF_BOARD	CRIPPLED	DESTROYED	ARMOR_P	INTERNAL_P	DONE	MAX_RANGE	TOTAL_DAMAGE	TEAM_ID
8	OFFBOARD	0	2	Phoenix Hawk	Phoenix Hawk	BipedMek	STRIKER	17	11	0	6.00	2.00	0	0	0	0	0	0.78	1.00	1	28	22	1
8	OFFBOARD	1	3	Nightstar	Nightstar	BipedMek	JUGGERNAUT	17	7	3	5.00	0.00	0	0	0	0	0	0.81	1.00	1	30	55	2
ROUND	PHASE	PLAYER_ID	ENTITY_ID	CHASSIS	MODEL	TYPE	ROLE	X	Y	FACING	MP	HEAT	PRONE	AIRBORNE	OFF_BOARD	CRIPPLED	DESTROYED	ARMOR_P	INTERNAL_P	DONE	MAX_RANGE	TOTAL_DAMAGE	TEAM_ID
8	FIRING	0	2	Phoenix Hawk	Phoenix Hawk	BipedMek	STRIKER	17	11	0	6.00	2.00	0	0	0	0	0	0.78	1.00	1	28	22	1
8	FIRING	1	3	Nightstar	Nightstar	BipedMek	JUGGERNAUT	17	7	3	5.00	0.00	0	0	0	0	0	0.81	1.00	1	30	55	2
ROUND	PHASE	PLAYER_ID	ENTITY_ID	CHASSIS	MODEL	TYPE	ROLE	X	Y	FACING	MP	HEAT	PRONE	AIRBORNE	OFF_BOARD	CRIPPLED	DESTROYED	ARMOR_P	INTERNAL_P	DONE	MAX_RANGE	TOTAL_DAMAGE	TEAM_ID
9	TARGETING	0	2	Phoenix Hawk	Phoenix Hawk	BipedMek	STRIKER	17	11	0	6.00	0.00	0	0	0	0	0	0.78	1.00	1	28	22	1
9	TARGETING	1	3	Nightstar	Nightstar	BipedMek	JUGGERNAUT	17	7	3	3.00	0.00	0	0	0	0	0	0.81	1.00	1	30	55	2
PLAYER_ID	ENTITY_ID	CHASSIS	MODEL	FACING	FROM_X	FROM_Y	TO_X	TO_Y	HEXES_MOVED	DISTANCE	MP_USED	MAX_MP	MP_P	HEAT_P	ARMOR_P	INTERNAL_P	JUMPING	PRONE	LEGAL	STEPS	TEAM_ID	CHANCE_OF_FAILURE	IS_BOT
0	2	Phoenix Hawk	PXH-1c 'Special'	1	17	11	23	11	6	3	9	12	0.75	0.00	0.71	1.00	0	0	1	TURN_RIGHT TURN_RIGHT FORWARDS FORWARDS FORWARDS TURN_LEFT FORWARDS FORWARDS FORWARDS	1	0.00	0
ROUND	PHASE	PLAYER_ID	ENTITY_ID	CHASSIS	MODEL	TYPE	ROLE	X	Y	FACING	MP	HEAT	PRONE	AIRBORNE	OFF_BOARD	CRIPPLED	DESTROYED	ARMOR_P	INTERNAL_P	DONE	MAX_RANGE	TOTAL_DAMAGE	TEAM_ID
9	MOVEMENT	0	2	Phoenix Hawk	Phoenix Hawk	BipedMek	STRIKER	22	14	2	6.00	0.00	1	0	0	0	0	0.71	1.00	1	28	22	1
9	MOVEMENT	1	3	Nightstar	Nightstar	BipedMek	JUGGERNAUT	17	7	3	3.00	0.00	0	0	0	0	0	0.81	1.00	0	30	55	2
PLAYER_ID	ENTITY_ID	CHASSIS	MODEL	FACING	FROM_X	FROM_Y	TO_X	TO_Y	HEXES_MOVED	DISTANCE	MP_USED	MAX_MP	MP_P	HEAT_P	ARMOR_P	INTERNAL_P	JUMPING	PRONE	LEGAL	STEPS	TEAM_ID	CHANCE_OF_FAILURE	IS_BOT
1	3	Nightstar	NSR-9J	2	17	7	21	9	4	0	5	6	0.83	0.00	0.81	1.00	0	0	1	TURN_LEFT FORWARDS FORWARDS FORWARDS FORWARDS	2	0.00	1
ROUND	PHASE	PLAYER_ID	ENTITY_ID	CHASSIS	MODEL	TYPE	ROLE	X	Y	FACING	MP	HEAT	PRONE	AIRBORNE	OFF_BOARD	CRIPPLED	DESTROYED	ARMOR_P	INTERNAL_P	DONE	MAX_RANGE	TOTAL_DAMAGE	TEAM_ID
9	MOVEMENT	0	2	Phoenix Hawk	Phoenix Hawk	BipedMek	STRIKER	22	14	2	6.00	0.00	1	0	0	0	0	0.71	1.00	1	28	22	1
9	MOVEMENT	1	3	Nightstar	Nightstar	BipedMek	JUGGERNAUT	21	9	2	3.00	0.00	0	0	0	0	0	0.81	1.00	1	30	55	2
ROUND	PHASE	PLAYER_ID	ENTITY_ID	CHASSIS	MODEL	TYPE	ROLE	X	Y	FACING	MP	HEAT	PRONE	AIRBORNE	OFF_BOARD	CRIPPLED	DESTROYED	ARMOR_P	INTERNAL_P	DONE	MAX_RANGE	TOTAL_DAMAGE	TEAM_ID
9	OFFBOARD	0	2	Phoenix Hawk	Phoenix Hawk	BipedMek	STRIKER	22	14	2	6.00	0.00	1	0	0	0	0	0.71	1.00	1	28	22	1
9	OFFBOARD	1	3	Nightstar	Nightstar	BipedMek	JUGGERNAUT	21	9	2	3.00	0.00	0	0	0	0	0	0.81	1.00	1	30	55	2
ROUND	PLAYER_ID	ENTITY_ID	TYPE	ROLE	X	Y	FACING	TARGET_PLAYER_ID	TARGET_ID	TARGET_TYPE	TARGET_ROLE	TARGET_X	TARGET_Y	TARGET_FACING	AIMING_LOC	AIMING_MODE	WEAPON_ID	AMMO_ID	ATA	ATG	GTG	GTA	TO_HIT	TURNS_TO_HIT	SPOTTER_ID
9	1	3	BipedMek	JUGGERNAUT	21	9	2	0	2	BipedMek	STRIKER	22	14	2	-1	NONE	2	9	0	0	1	0	9.00	0	-1
9	1	3	BipedMek	JUGGERNAUT	21	9	2	0	2	BipedMek	STRIKER	22	14	2	-1	NONE	4	9	0	0	1	0	9.00	0	-1
9	1	3	BipedMek	JUGGERNAUT	21	9	2	0	2	BipedMek	STRIKER	22	14	2	-1	NONE	12	-1	0	0	1	0	9.00	0	-1
9	1	3	BipedMek	JUGGERNAUT	21	9	2	0	2	BipedMek	STRIKER	22	14	2	-1	NONE	3	-1	0	0	1	0	11.00	0	-1
9	1	3	BipedMek	JUGGERNAUT	21	9	2	0	2	BipedMek	STRIKER	22	14	2	-1	NONE	5	-1	0	0	1	0	11.00	0	-1
ROUND	PHASE	PLAYER_ID	ENTITY_ID	CHASSIS	MODEL	TYPE	ROLE	X	Y	FACING	MP	HEAT	PRONE	AIRBORNE	OFF_BOARD	CRIPPLED	DESTROYED	ARMOR_P	INTERNAL_P	DONE	MAX_RANGE	TOTAL_DAMAGE	TEAM_ID
9	FIRING	0	2	Phoenix Hawk	Phoenix Hawk	BipedMek	STRIKER	22	14	2	6.00	0.00	1	0	0	0	0	0.60	1.00	1	28	22	1
9	FIRING	1	3	Nightstar	Nightstar	BipedMek	JUGGERNAUT	21	9	2	3.00	0.00	0	0	0	0	0	0.81	1.00	1	4	55	2
ROUND	PHASE	PLAYER_ID	ENTITY_ID	CHASSIS	MODEL	TYPE	ROLE	X	Y	FACING	MP	HEAT	PRONE	AIRBORNE	OFF_BOARD	CRIPPLED	DESTROYED	ARMOR_P	INTERNAL_P	DONE	MAX_RANGE	TOTAL_DAMAGE	TEAM_ID
10	TARGETING	0	2	Phoenix Hawk	Phoenix Hawk	BipedMek	STRIKER	22	14	2	9.00	0.00	1	0	0	0	0	0.60	1.00	1	28	22	1
10	TARGETING	1	3	Nightstar	Nightstar	BipedMek	JUGGERNAUT	21	9	2	5.00	0.00	0	0	0	0	0	0.81	1.00	1	30	55	2
PLAYER_ID	ENTITY_ID	CHASSIS	MODEL	FACING	FROM_X	FROM_Y	TO_X	TO_Y	HEXES_MOVED	DISTANCE	MP_USED	MAX_MP	MP_P	HEAT_P	ARMOR_P	INTERNAL_P	JUMPING	PRONE	LEGAL	STEPS	TEAM_ID	CHANCE_OF_FAILURE	IS_BOT
0	2	Phoenix Hawk	PXH-1c 'Special'	0	22	14	27	11	5	0	9	12	0.75	0.00	0.60	1.00	0	0	1	GET_UP TURN_LEFT FORWARDS FORWARDS FORWARDS FORWARDS FORWARDS TURN_LEFT	1	0.00	0
ROUND	PHASE	PLAYER_ID	ENTITY_ID	CHASSIS	MODEL	TYPE	ROLE	X	Y	FACING	MP	HEAT	PRONE	AIRBORNE	OFF_BOARD	CRIPPLED	DESTROYED	ARMOR_P	INTERNAL_P	DONE	MAX_RANGE	TOTAL_DAMAGE	TEAM_ID
10	MOVEMENT	0	2	Phoenix Hawk	Phoenix Hawk	BipedMek	STRIKER	27	11	0	9.00	0.00	0	0	0	0	0	0.60	1.00	1	28	22	1
10	MOVEMENT	1	3	Nightstar	Nightstar	BipedMek	JUGGERNAUT	21	9	2	5.00	0.00	0	0	0	0	0	0.81	1.00	0	30	55	2
PLAYER_ID	ENTITY_ID	CHASSIS	MODEL	FACING	FROM_X	FROM_Y	TO_X	TO_Y	HEXES_MOVED	DISTANCE	MP_USED	MAX_MP	MP_P	HEAT_P	ARMOR_P	INTERNAL_P	JUMPING	PRONE	LEGAL	STEPS	TEAM_ID	CHANCE_OF_FAILURE	IS_BOT
1	3	Nightstar	NSR-9J	2	22	10	25	11	4	0	5	6	0.83	0.00	0.81	1.00	0	0	1	FORWARDS FORWARDS FORWARDS FORWARDS	2	0.00	1
ROUND	PHASE	PLAYER_ID	ENTITY_ID	CHASSIS	MODEL	TYPE	ROLE	X	Y	FACING	MP	HEAT	PRONE	AIRBORNE	OFF_BOARD	CRIPPLED	DESTROYED	ARMOR_P	INTERNAL_P	DONE	MAX_RANGE	TOTAL_DAMAGE	TEAM_ID
10	MOVEMENT	0	2	Phoenix Hawk	Phoenix Hawk	BipedMek	STRIKER	27	11	0	9.00	0.00	0	0	0	0	0	0.60	1.00	1	28	22	1
10	MOVEMENT	1	3	Nightstar	Nightstar	BipedMek	JUGGERNAUT	25	11	2	5.00	0.00	0	0	0	0	0	0.81	1.00	1	30	55	2
ROUND	PHASE	PLAYER_ID	ENTITY_ID	CHASSIS	MODEL	TYPE	ROLE	X	Y	FACING	MP	HEAT	PRONE	AIRBORNE	OFF_BOARD	CRIPPLED	DESTROYED	ARMOR_P	INTERNAL_P	DONE	MAX_RANGE	TOTAL_DAMAGE	TEAM_ID
10	OFFBOARD	0	2	Phoenix Hawk	Phoenix Hawk	BipedMek	STRIKER	27	11	0	9.00	0.00	0	0	0	0	0	0.60	1.00	1	28	22	1
10	OFFBOARD	1	3	Nightstar	Nightstar	BipedMek	JUGGERNAUT	25	11	2	5.00	0.00	0	0	0	0	0	0.81	1.00	1	30	55	2
10	0	2	BipedMek	STRIKER	27	11	0	1	3	BipedMek	JUGGERNAUT	25	11	2	-1	NONE	4	-1	0	0	1	0	2147483647.00	0	-1
10	0	2	BipedMek	STRIKER	27	11	0	1	3	BipedMek	JUGGERNAUT	25	11	2	-1	NONE	2	-1	0	0	1	0	7.00	0	-1
10	0	2	BipedMek	STRIKER	27	11	0	1	3	BipedMek	JUGGERNAUT	25	11	2	-1	NONE	5	-1	0	0	1	0	2147483647.00	0	-1
10	0	2	BipedMek	STRIKER	27	11	0	1	3	BipedMek	JUGGERNAUT	25	11	2	-1	NONE	3	10	0	0	1	0	9.00	0	-1
10	0	2	BipedMek	STRIKER	27	11	0	1	3	BipedMek	JUGGERNAUT	25	11	2	-1	NONE	6	10	0	0	1	0	2147483647.00	0	-1
ROUND	PLAYER_ID	ENTITY_ID	TYPE	ROLE	X	Y	FACING	TARGET_PLAYER_ID	TARGET_ID	TARGET_TYPE	TARGET_ROLE	TARGET_X	TARGET_Y	TARGET_FACING	AIMING_LOC	AIMING_MODE	WEAPON_ID	AMMO_ID	ATA	ATG	GTG	GTA	TO_HIT	TURNS_TO_HIT	SPOTTER_ID
10	1	3	BipedMek	JUGGERNAUT	25	11	2	0	2	BipedMek	STRIKER	27	11	0	-1	NONE	2	9	0	0	1	0	9.00	0	-1
10	1	3	BipedMek	JUGGERNAUT	25	11	2	0	2	BipedMek	STRIKER	27	11	0	-1	NONE	4	9	0	0	1	0	9.00	0	-1
10	1	3	BipedMek	JUGGERNAUT	25	11	2	0	2	BipedMek	STRIKER	27	11	0	-1	NONE	12	-1	0	0	1	0	8.00	0	-1
10	1	3	BipedMek	JUGGERNAUT	25	11	2	0	2	BipedMek	STRIKER	27	11	0	-1	NONE	3	-1	0	0	1	0	6.00	0	-1
10	1	3	BipedMek	JUGGERNAUT	25	11	2	0	2	BipedMek	STRIKER	27	11	0	-1	NONE	5	-1	0	0	1	0	6.00	0	-1
10	1	3	BipedMek	JUGGERNAUT	25	11	2	0	2	BipedMek	STRIKER	27	11	0	-1	NONE	17	-1	0	0	1	0	10.00	0	-1
ROUND	PHASE	PLAYER_ID	ENTITY_ID	CHASSIS	MODEL	TYPE	ROLE	X	Y	FACING	MP	HEAT	PRONE	AIRBORNE	OFF_BOARD	CRIPPLED	DESTROYED	ARMOR_P	INTERNAL_P	DONE	MAX_RANGE	TOTAL_DAMAGE	TEAM_ID
10	FIRING	0	2	Phoenix Hawk	Phoenix Hawk	BipedMek	STRIKER	27	11	0	9.00	0.00	0	0	0	0	0	0.49	0.87	1	28	22	1
10	FIRING	1	3	Nightstar	Nightstar	BipedMek	JUGGERNAUT	25	11	2	5.00	0.00	0	0	0	0	0	0.79	1.00	1	0	55	2
ROUND	PHASE	PLAYER_ID	ENTITY_ID	CHASSIS	MODEL	TYPE	ROLE	X	Y	FACING	MP	HEAT	PRONE	AIRBORNE	OFF_BOARD	CRIPPLED	DESTROYED	ARMOR_P	INTERNAL_P	DONE	MAX_RANGE	TOTAL_DAMAGE	TEAM_ID
11	TARGETING	0	2	Phoenix Hawk	Phoenix Hawk	BipedMek	STRIKER	27	11	1	9.00	0.00	1	0	0	0	0	0.45	0.87	1	28	22	1
11	TARGETING	1	3	Nightstar	Nightstar	BipedMek	JUGGERNAUT	25	11	2	5.00	0.00	0	0	0	0	0	0.79	1.00	1	30	55	2
PLAYER_ID	ENTITY_ID	CHASSIS	MODEL	FACING	FROM_X	FROM_Y	TO_X	TO_Y	HEXES_MOVED	DISTANCE	MP_USED	MAX_MP	MP_P	HEAT_P	ARMOR_P	INTERNAL_P	JUMPING	PRONE	LEGAL	STEPS	TEAM_ID	CHANCE_OF_FAILURE	IS_BOT
0	2	Phoenix Hawk	PXH-1c 'Special'	1	-1	-1	27	11	0	0	0	8	0.00	0.00	0.45	0.87	0	1	1		1	0.00	0
ROUND	PHASE	PLAYER_ID	ENTITY_ID	CHASSIS	MODEL	TYPE	ROLE	X	Y	FACING	MP	HEAT	PRONE	AIRBORNE	OFF_BOARD	CRIPPLED	DESTROYED	ARMOR_P	INTERNAL_P	DONE	MAX_RANGE	TOTAL_DAMAGE	TEAM_ID
11	MOVEMENT	0	2	Phoenix Hawk	Phoenix Hawk	BipedMek	STRIKER	27	11	1	9.00	0.00	1	0	0	0	0	0.45	0.87	1	28	22	1
11	MOVEMENT	1	3	Nightstar	Nightstar	BipedMek	JUGGERNAUT	25	11	2	5.00	0.00	0	0	0	0	0	0.79	1.00	0	30	55	2
PLAYER_ID	ENTITY_ID	CHASSIS	MODEL	FACING	FROM_X	FROM_Y	TO_X	TO_Y	HEXES_MOVED	DISTANCE	MP_USED	MAX_MP	MP_P	HEAT_P	ARMOR_P	INTERNAL_P	JUMPING	PRONE	LEGAL	STEPS	TEAM_ID	CHANCE_OF_FAILURE	IS_BOT
1	3	Nightstar	NSR-9J	1	26	12	26	11	2	0	5	6	0.83	0.00	0.79	1.00	0	0	1	FORWARDS TURN_LEFT TURN_LEFT FORWARDS TURN_RIGHT	2	0.00	1
ROUND	PHASE	PLAYER_ID	ENTITY_ID	CHASSIS	MODEL	TYPE	ROLE	X	Y	FACING	MP	HEAT	PRONE	AIRBORNE	OFF_BOARD	CRIPPLED	DESTROYED	ARMOR_P	INTERNAL_P	DONE	MAX_RANGE	TOTAL_DAMAGE	TEAM_ID
11	MOVEMENT	0	2	Phoenix Hawk	Phoenix Hawk	BipedMek	STRIKER	27	11	1	9.00	0.00	1	0	0	0	0	0.45	0.87	1	28	22	1
11	MOVEMENT	1	3	Nightstar	Nightstar	BipedMek	JUGGERNAUT	26	11	1	5.00	0.00	0	0	0	0	0	0.79	1.00	1	30	55	2
ROUND	PHASE	PLAYER_ID	ENTITY_ID	CHASSIS	MODEL	TYPE	ROLE	X	Y	FACING	MP	HEAT	PRONE	AIRBORNE	OFF_BOARD	CRIPPLED	DESTROYED	ARMOR_P	INTERNAL_P	DONE	MAX_RANGE	TOTAL_DAMAGE	TEAM_ID
11	OFFBOARD	0	2	Phoenix Hawk	Phoenix Hawk	BipedMek	STRIKER	27	11	1	9.00	0.00	1	0	0	0	0	0.45	0.87	1	28	22	1
11	OFFBOARD	1	3	Nightstar	Nightstar	BipedMek	JUGGERNAUT	26	11	1	5.00	0.00	0	0	0	0	0	0.79	1.00	1	30	55	2
ROUND	PLAYER_ID	ENTITY_ID	TYPE	ROLE	X	Y	FACING	TARGET_PLAYER_ID	TARGET_ID	TARGET_TYPE	TARGET_ROLE	TARGET_X	TARGET_Y	TARGET_FACING	AIMING_LOC	AIMING_MODE	WEAPON_ID	AMMO_ID	ATA	ATG	GTG	GTA	TO_HIT	TURNS_TO_HIT	SPOTTER_ID
11	1	3	BipedMek	JUGGERNAUT	26	11	1	0	2	BipedMek	STRIKER	27	11	1	7	IMMOBILE	2	9	0	0	1	0	4.00	0	-1
11	1	3	BipedMek	JUGGERNAUT	26	11	1	0	2	BipedMek	STRIKER	27	11	1	7	IMMOBILE	4	9	0	0	1	0	4.00	0	-1
11	1	3	BipedMek	JUGGERNAUT	26	11	1	0	2	BipedMek	STRIKER	27	11	1	7	IMMOBILE	12	-1	0	0	1	0	2.00	0	-1
11	1	3	BipedMek	JUGGERNAUT	26	11	1	0	2	BipedMek	STRIKER	27	11	1	7	IMMOBILE	3	-1	0	0	1	0	0.00	0	-1
11	1	3	BipedMek	JUGGERNAUT	26	11	1	0	2	BipedMek	STRIKER	27	11	1	7	IMMOBILE	5	-1	0	0	1	0	0.00	0	-1
11	1	3	BipedMek	JUGGERNAUT	26	11	1	0	2	BipedMek	STRIKER	27	11	1	7	IMMOBILE	17	-1	0	0	1	0	2.00	0	-1
ROUND	PHASE	PLAYER_ID	ENTITY_ID	CHASSIS	MODEL	TYPE	ROLE	X	Y	FACING	MP	HEAT	PRONE	AIRBORNE	OFF_BOARD	CRIPPLED	DESTROYED	ARMOR_P	INTERNAL_P	DONE	MAX_RANGE	TOTAL_DAMAGE	TEAM_ID
11	FIRING	0	2	Phoenix Hawk	Phoenix Hawk	BipedMek	STRIKER	27	11	1	9.00	0.00	1	0	0	1	0	0.20	0.43	1	28	15	1
11	FIRING	1	3	Nightstar	Nightstar	BipedMek	JUGGERNAUT	26	11	1	5.00	0.00	0	0	0	0	0	0.79	1.00	1	0	55	2
ROUND	PHASE	PLAYER_ID	ENTITY_ID	CHASSIS	MODEL	TYPE	ROLE	X	Y	FACING	MP	HEAT	PRONE	AIRBORNE	OFF_BOARD	CRIPPLED	DESTROYED	ARMOR_P	INTERNAL_P	DONE	MAX_RANGE	TOTAL_DAMAGE	TEAM_ID
12	TARGETING	1	3	Nightstar	Nightstar	BipedMek	JUGGERNAUT	26	11	1	5.00	0.00	0	0	0	0	0	0.79	1.00	1	30	55	2
PLAYER_ID	ENTITY_ID	CHASSIS	MODEL	FACING	FROM_X	FROM_Y	TO_X	TO_Y	HEXES_MOVED	DISTANCE	MP_USED	MAX_MP	MP_P	HEAT_P	ARMOR_P	INTERNAL_P	JUMPING	PRONE	LEGAL	STEPS	TEAM_ID	CHANCE_OF_FAILURE	IS_BOT
1	3	Nightstar	NSR-9J	4	27	10	26	11	2	0	5	6	0.83	0.00	0.79	1.00	0	0	1	FORWARDS TURN_RIGHT TURN_RIGHT TURN_RIGHT FORWARDS	2	0.00	1
ROUND	PHASE	PLAYER_ID	ENTITY_ID	CHASSIS	MODEL	TYPE	ROLE	X	Y	FACING	MP	HEAT	PRONE	AIRBORNE	OFF_BOARD	CRIPPLED	DESTROYED	ARMOR_P	INTERNAL_P	DONE	MAX_RANGE	TOTAL_DAMAGE	TEAM_ID
12	MOVEMENT	1	3	Nightstar	Nightstar	BipedMek	JUGGERNAUT	26	11	4	5.00	0.00	0	0	0	0	0	0.79	1.00	1	30	55	2
ROUND	PHASE	PLAYER_ID	ENTITY_ID	CHASSIS	MODEL	TYPE	ROLE	X	Y	FACING	MP	HEAT	PRONE	AIRBORNE	OFF_BOARD	CRIPPLED	DESTROYED	ARMOR_P	INTERNAL_P	DONE	MAX_RANGE	TOTAL_DAMAGE	TEAM_ID
12	OFFBOARD	1	3	Nightstar	Nightstar	BipedMek	JUGGERNAUT	26	11	4	5.00	0.00	0	0	0	0	0	0.79	1.00	1	30	55	2
ROUND	PHASE	PLAYER_ID	ENTITY_ID	CHASSIS	MODEL	TYPE	ROLE	X	Y	FACING	MP	HEAT	PRONE	AIRBORNE	OFF_BOARD	CRIPPLED	DESTROYED	ARMOR_P	INTERNAL_P	DONE	MAX_RANGE	TOTAL_DAMAGE	TEAM_ID
12	FIRING	1	3	Nightstar	Nightstar	BipedMek	JUGGERNAUT	26	11	4	5.00	0.00	0	0	0	0	0	0.79	1.00	1	30	55	2
ROUND	PHASE	PLAYER_ID	ENTITY_ID	CHASSIS	MODEL	TYPE	ROLE	X	Y	FACING	MP	HEAT	PRONE	AIRBORNE	OFF_BOARD	CRIPPLED	DESTROYED	ARMOR_P	INTERNAL_P	DONE	MAX_RANGE	TOTAL_DAMAGE	TEAM_ID
13	TARGETING	1	3	Nightstar	Nightstar	BipedMek	JUGGERNAUT	26	11	4	5.00	0.00	0	0	0	0	0	0.79	1.00	1	30	55	2
PLAYER_ID	ENTITY_ID	CHASSIS	MODEL	FACING	FROM_X	FROM_Y	TO_X	TO_Y	HEXES_MOVED	DISTANCE	MP_USED	MAX_MP	MP_P	HEAT_P	ARMOR_P	INTERNAL_P	JUMPING	PRONE	LEGAL	STEPS	TEAM_ID	CHANCE_OF_FAILURE	IS_BOT
1	3	Nightstar	NSR-9J	5	26	11	25	11	2	0	5	6	0.83	0.00	0.79	1.00	0	0	1	TURN_LEFT FORWARDS TURN_RIGHT TURN_RIGHT FORWARDS	2	0.00	1
ROUND	PHASE	PLAYER_ID	ENTITY_ID	CHASSIS	MODEL	TYPE	ROLE	X	Y	FACING	MP	HEAT	PRONE	AIRBORNE	OFF_BOARD	CRIPPLED	DESTROYED	ARMOR_P	INTERNAL_P	DONE	MAX_RANGE	TOTAL_DAMAGE	TEAM_ID
13	MOVEMENT	1	3	Nightstar	Nightstar	BipedMek	JUGGERNAUT	25	11	5	5.00	0.00	0	0	0	0	0	0.79	1.00	1	30	55	2
ROUND	PHASE	PLAYER_ID	ENTITY_ID	CHASSIS	MODEL	TYPE	ROLE	X	Y	FACING	MP	HEAT	PRONE	AIRBORNE	OFF_BOARD	CRIPPLED	DESTROYED	ARMOR_P	INTERNAL_P	DONE	MAX_RANGE	TOTAL_DAMAGE	TEAM_ID
13	OFFBOARD	1	3	Nightstar	Nightstar	BipedMek	JUGGERNAUT	25	11	5	5.00	0.00	0	0	0	0	0	0.79	1.00	1	30	55	2
ROUND	PHASE	PLAYER_ID	ENTITY_ID	CHASSIS	MODEL	TYPE	ROLE	X	Y	FACING	MP	HEAT	PRONE	AIRBORNE	OFF_BOARD	CRIPPLED	DESTROYED	ARMOR_P	INTERNAL_P	DONE	MAX_RANGE	TOTAL_DAMAGE	TEAM_ID
13	FIRING	1	3	Nightstar	Nightstar	BipedMek	JUGGERNAUT	25	11	5	5.00	0.00	0	0	0	0	0	0.79	1.00	1	30	55	2
ROUND	PHASE	PLAYER_ID	ENTITY_ID	CHASSIS	MODEL	TYPE	ROLE	X	Y	FACING	MP	HEAT	PRONE	AIRBORNE	OFF_BOARD	CRIPPLED	DESTROYED	ARMOR_P	INTERNAL_P	DONE	MAX_RANGE	TOTAL_DAMAGE	TEAM_ID
14	TARGETING	1	3	Nightstar	Nightstar	BipedMek	JUGGERNAUT	25	11	5	5.00	0.00	0	0	0	0	0	0.79	1.00	1	30	55	2
PLAYER_ID	ENTITY_ID	CHASSIS	MODEL	FACING	FROM_X	FROM_Y	TO_X	TO_Y	HEXES_MOVED	DISTANCE	MP_USED	MAX_MP	MP_P	HEAT_P	ARMOR_P	INTERNAL_P	JUMPING	PRONE	LEGAL	STEPS	TEAM_ID	CHANCE_OF_FAILURE	IS_BOT
1	3	Nightstar	NSR-9J	4	25	11	25	10	1	0	5	6	0.83	0.00	0.79	1.00	0	0	1	TURN_RIGHT FORWARDS TURN_LEFT TURN_LEFT	2	0.00	1
ROUND	PHASE	PLAYER_ID	ENTITY_ID	CHASSIS	MODEL	TYPE	ROLE	X	Y	FACING	MP	HEAT	PRONE	AIRBORNE	OFF_BOARD	CRIPPLED	DESTROYED	ARMOR_P	INTERNAL_P	DONE	MAX_RANGE	TOTAL_DAMAGE	TEAM_ID
14	MOVEMENT	1	3	Nightstar	Nightstar	BipedMek	JUGGERNAUT	25	10	4	5.00	0.00	0	0	0	0	0	0.79	1.00	1	30	55	2
ROUND	PHASE	PLAYER_ID	ENTITY_ID	CHASSIS	MODEL	TYPE	ROLE	X	Y	FACING	MP	HEAT	PRONE	AIRBORNE	OFF_BOARD	CRIPPLED	DESTROYED	ARMOR_P	INTERNAL_P	DONE	MAX_RANGE	TOTAL_DAMAGE	TEAM_ID
14	OFFBOARD	1	3	Nightstar	Nightstar	BipedMek	JUGGERNAUT	25	10	4	5.00	0.00	0	0	0	0	0	0.79	1.00	1	30	55	2
ROUND	PHASE	PLAYER_ID	ENTITY_ID	CHASSIS	MODEL	TYPE	ROLE	X	Y	FACING	MP	HEAT	PRONE	AIRBORNE	OFF_BOARD	CRIPPLED	DESTROYED	ARMOR_P	INTERNAL_P	DONE	MAX_RANGE	TOTAL_DAMAGE	TEAM_ID
14	FIRING	1	3	Nightstar	Nightstar	BipedMek	JUGGERNAUT	25	10	4	5.00	0.00	0	0	0	0	0	0.79	1.00	1	30	55	2
