# Log file created at 2025-03-16T14:27:39.512877200
BOARD_NAME	WIDTH	HEIGHT
Board #0	32	17
COL_0	COL_1	COL_2	COL_3	COL_4	COL_5	COL_6	COL_7	COL_8	COL_9	COL_10	COL_11	COL_12	COL_13	COL_14	COL_15	COL_16	COL_17	COL_18	COL_19	COL_20	COL_21	COL_22	COL_23	COL_24	COL_25	COL_26	COL_27	COL_28	COL_29	COL_30	COL_31	
ROW_0	Level: 1  Features: Swamp; 	Level: 1  Features: incline_top(1, 0); jungle(1, 60); foliage_elev(2, 0); Swamp; 	Level: 1  Features: incline_top(1, 0); 	Level: 1  Features: jungle(1, 60); foliage_elev(2, 0); incline_top(1, 0); 	Level: 0  Features: jungle(1, 60); foliage_elev(2, 0); incline_bottom(1, 0); 	Level: 0  Features: jungle(3, 130); foliage_elev(3, 0); 	Level: 0  Features: jungle(2, 100); foliage_elev(2, 0); incline_bottom(1, 0); 	Level: 1  Features: jungle(1, 60); foliage_elev(2, 0); incline_top(1, 0); 	Level: 1  Features: jungle(1, 60); foliage_elev(2, 0); incline_top(1, 0); 	Level: 1  Features: incline_top(1, 0); 	Level: 1  Features: jungle(3, 130); incline_top(1, 0); foliage_elev(3, 0); 	Level: 1  Features: jungle(1, 60); foliage_elev(2, 0); incline_top(1, 0); 	Level: 1  Features: 	Level: 1  Features: jungle(3, 130); foliage_elev(3, 0); 	Level: 1  Features: jungle(3, 130); foliage_elev(3, 0); 	Level: 1  Features: 	Level: 1  Features: 
ROW_1	Level: 1  Features: incline_top(1, 0); jungle(2, 100); foliage_elev(2, 0); Swamp; 	Level: 0  Features: jungle(3, 130); foliage_elev(3, 0); incline_bottom(1, 0); 	Level: 0  Features: incline_bottom(1, 0); 	Level: 0  Features: incline_bottom(1, 0); 	Level: 0  Features: jungle(2, 100); foliage_elev(2, 0); 	Level: 0  Features: 	Level: 0  Features: jungle(2, 100); foliage_elev(2, 0); incline_bottom(1, 0); 	Level: 0  Features: incline_bottom(1, 0); 	Level: 0  Features: jungle(2, 100); foliage_elev(2, 0); incline_bottom(1, 0); 	Level: 0  Features: jungle(1, 60); foliage_elev(2, 0); incline_bottom(1, 0); 	Level: 0  Features: jungle(2, 100); foliage_elev(2, 0); incline_bottom(1, 0); 	Level: 1  Features: incline_top(1, 0); 	Level: 1  Features: jungle(1, 60); foliage_elev(2, 0); 	Level: 1  Features: jungle(3, 130); foliage_elev(3, 0); 	Level: 1  Features: jungle(2, 100); foliage_elev(2, 0); 	Level: 1  Features: incline_top(1, 0); 	Level: 1  Features: incline_top(1, 0); 
ROW_2	Level: 1  Features: incline_top(1, 0); jungle(1, 60); foliage_elev(2, 0); Swamp; 	Level: 0  Features: incline_bottom(1, 0); jungle(2, 100); foliage_elev(2, 0); Swamp; 	Level: 1  Features: jungle(1, 60); foliage_elev(2, 0); incline_top(1, 0); 	Level: 1  Features: incline_top(1, 0); 	Level: 0  Features: jungle(2, 100); foliage_elev(2, 0); incline_bottom(1, 0); 	Level: 0  Features: jungle(3, 130); foliage_elev(3, 0); 	Level: 0  Features: jungle(1, 60); foliage_elev(2, 0); 	Level: 0  Features: 	Level: 0  Features: jungle(1, 60); foliage_elev(2, 0); 	Level: 0  Features: jungle(2, 100); foliage_elev(2, 0); Swamp; 	Level: 0  Features: incline_bottom(1, 0); jungle(1, 60); foliage_elev(2, 0); Swamp; 	Level: 1  Features: jungle(3, 130); incline_top(1, 0); foliage_elev(3, 0); 	Level: 1  Features: jungle(1, 60); foliage_elev(2, 0); incline_top(1, 0); 	Level: 1  Features: jungle(1, 60); foliage_elev(2, 0); incline_top(1, 0); 	Level: 1  Features: jungle(2, 100); foliage_elev(2, 0); incline_top(1, 0); 	Level: 1  Features: jungle(1, 60); foliage_elev(2, 0); incline_top(1, 0); 	Level: 0  Features: jungle(2, 100); foliage_elev(2, 0); incline_bottom(1, 0); 
ROW_3	Level: 1  Features: incline_top(1, 0); jungle(2, 100); foliage_elev(2, 0); Swamp; 	Level: 0  Features: jungle(3, 130); foliage_elev(3, 0); incline_bottom(1, 0); 	Level: 0  Features: jungle(2, 100); foliage_elev(2, 0); incline_bottom(1, 0); 	Level: 0  Features: jungle(3, 130); foliage_elev(3, 0); incline_bottom(1, 0); 	Level: 0  Features: jungle(2, 100); foliage_elev(2, 0); 	Level: 0  Features: jungle(1, 60); foliage_elev(2, 0); 	Level: 0  Features: 	Level: 0  Features: jungle(2, 100); foliage_elev(2, 0); 	Level: 0  Features: jungle(3, 130); foliage_elev(3, 0); 	Level: 0  Features: jungle(2, 100); foliage_elev(2, 0); Swamp; 	Level: 0  Features: jungle(3, 130); foliage_elev(3, 0); incline_bottom(1, 0); 	Level: 0  Features: incline_bottom(1, 0); 	Level: 0  Features: incline_bottom(1, 0); 	Level: 0  Features: incline_bottom(1, 0); 	Level: 1  Features: jungle(3, 130); incline_top(1, 0); foliage_elev(3, 0); 	Level: 1  Features: incline_top(1, 0); 	Level: 0  Features: jungle(2, 100); foliage_elev(2, 0); incline_bottom(1, 0); 
ROW_4	Level: 1  Features: jungle(2, 100); foliage_elev(2, 0); incline_top(1, 0); 	Level: 0  Features: jungle(1, 60); foliage_elev(2, 0); incline_bottom(1, 0); 	Level: 0  Features: jungle(3, 130); foliage_elev(3, 0); 	Level: 0  Features: 	Level: 0  Features: 	Level: 0  Features: jungle(2, 100); foliage_elev(2, 0); 	Level: 0  Features: 	Level: 0  Features: 	Level: 0  Features: 	Level: 0  Features: 	Level: 0  Features: 	Level: 0  Features: 	Level: 0  Features: 	Level: 0  Features: 	Level: 0  Features: incline_bottom(1, 0); 	Level: 1  Features: incline_top(1, 0); 	Level: 1  Features: jungle(2, 100); foliage_elev(2, 0); incline_top(1, 0); 
ROW_5	Level: 0  Features: jungle(2, 100); foliage_elev(2, 0); incline_bottom(1, 0); 	Level: 0  Features: 	Level: 0  Features: jungle(2, 100); foliage_elev(2, 0); 	Level: 0  Features: 	Level: 0  Features: jungle(3, 130); foliage_elev(3, 0); 	Level: 0  Features: jungle(1, 60); foliage_elev(2, 0); 	Level: 0  Features: 	Level: 0  Features: Swamp; 	Level: 0  Features: 	Level: 0  Features: 	Level: 0  Features: 	Level: 0  Features: 	Level: 0  Features: 	Level: 0  Features: 	Level: 0  Features: Water, depth: 1; 	Level: 0  Features: incline_bottom(1, 0); 	Level: 0  Features: jungle(1, 60); foliage_elev(2, 0); incline_bottom(1, 0); 
ROW_6	Level: 0  Features: 	Level: 0  Features: jungle(3, 130); foliage_elev(3, 0); 	Level: 0  Features: 	Level: 0  Features: jungle(2, 100); foliage_elev(2, 0); 	Level: 0  Features: jungle(3, 130); foliage_elev(3, 0); 	Level: 0  Features: 	Level: 0  Features: 	Level: 0  Features: 	Level: 0  Features: jungle(1, 60); foliage_elev(2, 0); Swamp; 	Level: 0  Features: 	Level: 0  Features: 	Level: 0  Features: 	Level: 0  Features: 	Level: 0  Features: 	Level: 0  Features: Water, depth: 2; 	Level: 1  Features: incline_top(1, 0); 	Level: 1  Features: jungle(1, 60); foliage_elev(2, 0); incline_top(1, 0); 
ROW_7	Level: 0  Features: 	Level: 0  Features: jungle(1, 60); foliage_elev(2, 0); 	Level: 0  Features: jungle(1, 60); foliage_elev(2, 0); incline_bottom(1, 0); 	Level: 0  Features: incline_bottom(1, 0); 	Level: 0  Features: 	Level: 0  Features: 	Level: 0  Features: jungle(2, 100); foliage_elev(2, 0); 	Level: 0  Features: jungle(2, 100); foliage_elev(2, 0); 	Level: 0  Features: 	Level: 0  Features: jungle(1, 60); foliage_elev(2, 0); 	Level: 0  Features: jungle(2, 100); foliage_elev(2, 0); 	Level: 0  Features: 	Level: 0  Features: 	Level: 0  Features: 	Level: 0  Features: jungle(3, 130); foliage_elev(3, 0); incline_bottom(1, 0); 	Level: 0  Features: incline_bottom(1, 0); 	Level: 1  Features: jungle(3, 130); incline_top(1, 0); foliage_elev(3, 0); 
ROW_8	Level: 0  Features: jungle(2, 100); foliage_elev(2, 0); 	Level: 0  Features: jungle(1, 60); foliage_elev(2, 0); 	Level: 0  Features: jungle(3, 130); foliage_elev(3, 0); incline_bottom(1, 0); 	Level: 1  Features: jungle(1, 60); foliage_elev(2, 0); incline_top(1, 0); 	Level: 0  Features: incline_bottom(1, 0); 	Level: 0  Features: jungle(1, 60); foliage_elev(2, 0); 	Level: 0  Features: 	Level: 0  Features: 	Level: 0  Features: jungle(2, 100); foliage_elev(2, 0); 	Level: 0  Features: jungle(3, 130); foliage_elev(3, 0); 	Level: 0  Features: jungle(1, 60); foliage_elev(2, 0); 	Level: 0  Features: jungle(2, 100); foliage_elev(2, 0); 	Level: 0  Features: 	Level: 0  Features: jungle(1, 60); foliage_elev(2, 0); 	Level: 0  Features: jungle(3, 130); foliage_elev(3, 0); incline_bottom(1, 0); 	Level: 1  Features: jungle(1, 60); foliage_elev(2, 0); incline_top(1, 0); 	Level: 1  Features: jungle(2, 100); foliage_elev(2, 0); incline_top(1, 0); 
ROW_9	Level: 0  Features: jungle(1, 60); foliage_elev(2, 0); 	Level: 0  Features: Swamp; 	Level: 0  Features: incline_bottom(1, 0); 	Level: 0  Features: jungle(1, 60); foliage_elev(2, 0); incline_bottom(1, 0); 	Level: 0  Features: jungle(2, 100); foliage_elev(2, 0); 	Level: 0  Features: jungle(1, 60); foliage_elev(2, 0); 	Level: 0  Features: 	Level: 0  Features: jungle(1, 60); foliage_elev(2, 0); 	Level: 0  Features: jungle(1, 60); foliage_elev(2, 0); 	Level: 0  Features: 	Level: 0  Features: jungle(1, 60); foliage_elev(2, 0); 	Level: 0  Features: jungle(1, 60); foliage_elev(2, 0); 	Level: 0  Features: 	Level: 0  Features: jungle(1, 60); foliage_elev(2, 0); incline_bottom(1, 0); 	Level: 0  Features: jungle(2, 100); foliage_elev(2, 0); incline_bottom(1, 0); 	Level: 1  Features: incline_top(1, 0); 	Level: 1  Features: Swamp; 
ROW_10	Level: 0  Features: jungle(1, 60); foliage_elev(2, 0); 	Level: 0  Features: Swamp; 	Level: 0  Features: Swamp; 	Level: 0  Features: Swamp; 	Level: 0  Features: jungle(2, 100); foliage_elev(2, 0); 	Level: 0  Features: incline_top(1, 0); 	Level: 0  Features: incline_top(1, 0); 	Level: 0  Features: 	Level: 0  Features: jungle(1, 60); foliage_elev(2, 0); 	Level: 0  Features: 	Level: 0  Features: 	Level: 0  Features: jungle(1, 60); foliage_elev(2, 0); 	Level: 0  Features: incline_bottom(1, 0); 	Level: 0  Features: incline_bottom(1, 0); 	Level: 1  Features: incline_top(1, 0); 	Level: 1  Features: jungle(2, 100); foliage_elev(2, 0); incline_top(1, 0); 	Level: 1  Features: Swamp; 
ROW_11	Level: 0  Features: jungle(1, 60); foliage_elev(2, 0); 	Level: 0  Features: 	Level: 0  Features: 	Level: 0  Features: jungle(3, 130); foliage_elev(3, 0); 	Level: 0  Features: jungle(1, 60); foliage_elev(2, 0); incline_top(1, 0); 	Level: -1  Features: incline_bottom(1, 0); 	Level: 0  Features: incline_top(1, 0); 	Level: 0  Features: 	Level: 0  Features: jungle(1, 60); foliage_elev(2, 0); 	Level: 0  Features: 	Level: 0  Features: jungle(1, 60); foliage_elev(2, 0); 	Level: 0  Features: jungle(1, 60); foliage_elev(2, 0); incline_bottom(1, 0); 	Level: 1  Features: incline_top(1, 0); 	Level: 1  Features: incline_top(1, 0); 	Level: 1  Features: 	Level: 1  Features: Swamp; 	Level: 1  Features: Swamp; 
ROW_12	Level: 0  Features: jungle(1, 60); foliage_elev(2, 0); 	Level: 0  Features: 	Level: 0  Features: 	Level: 0  Features: jungle(3, 130); foliage_elev(3, 0); 	Level: 0  Features: incline_top(1, 0); 	Level: -1  Features: incline_bottom(1, 0); 	Level: 0  Features: incline_top(1, 0); 	Level: 0  Features: incline_top(1, 0); 	Level: 0  Features: 	Level: 0  Features: 	Level: 0  Features: 	Level: 0  Features: jungle(2, 100); foliage_elev(2, 0); incline_bottom(1, 0); 	Level: 1  Features: incline_top(1, 0); 	Level: 1  Features: incline_top(1, 0); 	Level: 1  Features: incline_top(1, 0); 	Level: 1  Features: 	Level: 1  Features: 
ROW_13	Level: 0  Features: jungle(3, 130); foliage_elev(3, 0); 	Level: 0  Features: 	Level: 0  Features: 	Level: 0  Features: jungle(1, 60); foliage_elev(2, 0); 	Level: 0  Features: incline_top(1, 0); 	Level: -1  Features: jungle(1, 60); foliage_elev(2, 0); incline_bottom(1, 0); 	Level: -1  Features: incline_bottom(1, 0); 	Level: 0  Features: incline_top(1, 0); 	Level: 0  Features: jungle(3, 130); foliage_elev(3, 0); 	Level: 0  Features: jungle(3, 130); foliage_elev(3, 0); 	Level: 0  Features: 	Level: 0  Features: jungle(1, 60); foliage_elev(2, 0); incline_bottom(1, 0); 	Level: 0  Features: incline_bottom(1, 0); 	Level: 0  Features: incline_bottom(1, 0); 	Level: 1  Features: incline_top(1, 0); 	Level: 1  Features: 	Level: 1  Features: 
ROW_14	Level: 0  Features: jungle(3, 130); foliage_elev(3, 0); 	Level: 0  Features: 	Level: 0  Features: jungle(2, 100); foliage_elev(2, 0); 	Level: 0  Features: 	Level: 0  Features: jungle(1, 60); foliage_elev(2, 0); incline_top(1, 0); 	Level: -1  Features: jungle(1, 60); foliage_elev(2, 0); incline_bottom(1, 0); 	Level: 0  Features: incline_top(1, 0); 	Level: 0  Features: incline_top(1, 0); 	Level: 0  Features: 	Level: 0  Features: Water, depth: 1; 	Level: 0  Features: Water, depth: 2; 	Level: 0  Features: jungle(1, 60); foliage_elev(2, 0); incline_bottom(1, 0); 	Level: 0  Features: jungle(1, 60); foliage_elev(2, 0); incline_bottom(1, 0); 	Level: 0  Features: incline_bottom(1, 0); 	Level: 0  Features: incline_bottom(1, 0); 	Level: 1  Features: incline_top(1, 0); 	Level: 1  Features: 
ROW_15	Level: 0  Features: jungle(2, 100); foliage_elev(2, 0); 	Level: 0  Features: jungle(3, 130); foliage_elev(3, 0); 	Level: 0  Features: jungle(1, 60); foliage_elev(2, 0); 	Level: 0  Features: jungle(1, 60); foliage_elev(2, 0); 	Level: 0  Features: jungle(2, 100); foliage_elev(2, 0); incline_top(1, 0); 	Level: 0  Features: jungle(2, 100); foliage_elev(2, 0); incline_top(1, 0); 	Level: 0  Features: 	Level: 0  Features: 	Level: 0  Features: jungle(1, 60); foliage_elev(2, 0); 	Level: 0  Features: jungle(1, 60); foliage_elev(2, 0); 	Level: 0  Features: Water, depth: 1; 	Level: 1  Features: jungle(2, 100); foliage_elev(2, 0); incline_top(1, 0); 	Level: 1  Features: incline_top(1, 0); 	Level: 0  Features: incline_bottom(1, 0); 	Level: 1  Features: incline_top(1, 0); 	Level: 1  Features: 	Level: 1  Features: 
ROW_16	Level: 0  Features: 	Level: 0  Features: jungle(1, 60); foliage_elev(2, 0); 	Level: 0  Features: 	Level: 0  Features: jungle(1, 60); foliage_elev(2, 0); 	Level: 0  Features: incline_top(1, 0); 	Level: -1  Features: jungle(1, 60); foliage_elev(2, 0); incline_bottom(1, 0); 	Level: 0  Features: incline_top(1, 0); 	Level: 0  Features: 	Level: 0  Features: jungle(2, 100); foliage_elev(2, 0); 	Level: 0  Features: 	Level: 0  Features: jungle(1, 60); foliage_elev(2, 0); 	Level: 0  Features: jungle(3, 130); foliage_elev(3, 0); incline_bottom(1, 0); 	Level: 0  Features: jungle(2, 100); foliage_elev(2, 0); incline_bottom(1, 0); 	Level: 0  Features: incline_bottom(1, 0); 	Level: 1  Features: incline_top(1, 0); 	Level: 1  Features: 	Level: 1  Features: 
ROW_17	Level: 0  Features: jungle(1, 60); foliage_elev(2, 0); 	Level: 0  Features: jungle(3, 130); foliage_elev(3, 0); 	Level: 0  Features: jungle(1, 60); foliage_elev(2, 0); 	Level: 0  Features: 	Level: 0  Features: jungle(3, 130); incline_top(1, 0); foliage_elev(3, 0); 	Level: -1  Features: incline_bottom(1, 0); 	Level: 0  Features: incline_top(1, 0); 	Level: 0  Features: 	Level: 0  Features: jungle(1, 60); foliage_elev(2, 0); 	Level: 0  Features: jungle(1, 60); foliage_elev(2, 0); 	Level: 0  Features: 	Level: 0  Features: jungle(3, 130); foliage_elev(3, 0); incline_bottom(1, 0); 	Level: 1  Features: incline_top(1, 0); 	Level: 1  Features: incline_top(1, 0); 	Level: 1  Features: 	Level: 1  Features: 	Level: 1  Features: 
ROW_18	Level: 0  Features: jungle(2, 100); foliage_elev(2, 0); 	Level: 0  Features: jungle(3, 130); foliage_elev(3, 0); 	Level: 0  Features: 	Level: 0  Features: 	Level: 0  Features: incline_top(1, 0); 	Level: -1  Features: jungle(1, 60); foliage_elev(2, 0); incline_bottom(1, 0); 	Level: 0  Features: incline_top(1, 0); 	Level: 0  Features: 	Level: 0  Features: jungle(1, 60); foliage_elev(2, 0); 	Level: 0  Features: jungle(1, 60); foliage_elev(2, 0); 	Level: 0  Features: jungle(1, 60); foliage_elev(2, 0); 	Level: 0  Features: incline_bottom(1, 0); 	Level: 1  Features: incline_top(1, 0); 	Level: 1  Features: 	Level: 1  Features: 	Level: 1  Features: 	Level: 1  Features: 
ROW_19	Level: 0  Features: jungle(1, 60); foliage_elev(2, 0); 	Level: 0  Features: jungle(1, 60); foliage_elev(2, 0); 	Level: 0  Features: 	Level: 0  Features: 	Level: 0  Features: incline_top(1, 0); 	Level: 0  Features: jungle(1, 60); foliage_elev(2, 0); incline_top(1, 0); 	Level: 0  Features: jungle(1, 60); foliage_elev(2, 0); 	Level: 0  Features: 	Level: 0  Features: jungle(2, 100); foliage_elev(2, 0); 	Level: 0  Features: incline_bottom(1, 0); 	Level: 0  Features: jungle(1, 60); foliage_elev(2, 0); incline_bottom(1, 0); 	Level: 0  Features: jungle(2, 100); foliage_elev(2, 0); incline_bottom(1, 0); 	Level: 1  Features: incline_top(1, 0); 	Level: 1  Features: 	Level: 1  Features: 	Level: 1  Features: 	Level: 1  Features: 
ROW_20	Level: 0  Features: 	Level: 0  Features: jungle(2, 100); foliage_elev(2, 0); 	Level: 0  Features: jungle(1, 60); foliage_elev(2, 0); 	Level: 0  Features: 	Level: 0  Features: 	Level: 0  Features: jungle(2, 100); foliage_elev(2, 0); 	Level: 0  Features: 	Level: 0  Features: jungle(1, 60); foliage_elev(2, 0); 	Level: 0  Features: jungle(1, 60); foliage_elev(2, 0); 	Level: 0  Features: incline_bottom(1, 0); 	Level: 1  Features: jungle(1, 60); foliage_elev(2, 0); incline_top(1, 0); 	Level: 1  Features: incline_top(1, 0); 	Level: 1  Features: jungle(2, 100); foliage_elev(2, 0); incline_top(1, 0); 	Level: 1  Features: 	Level: 1  Features: 	Level: 1  Features: 	Level: 1  Features: 
ROW_21	Level: 0  Features: jungle(1, 60); foliage_elev(2, 0); 	Level: 0  Features: 	Level: 0  Features: 	Level: 0  Features: jungle(1, 60); foliage_elev(2, 0); 	Level: 0  Features: 	Level: 0  Features: jungle(1, 60); foliage_elev(2, 0); 	Level: 0  Features: jungle(1, 60); foliage_elev(2, 0); 	Level: 0  Features: jungle(2, 100); foliage_elev(2, 0); 	Level: 0  Features: jungle(1, 60); foliage_elev(2, 0); 	Level: 0  Features: jungle(3, 130); foliage_elev(3, 0); incline_bottom(1, 0); 	Level: 1  Features: jungle(2, 100); foliage_elev(2, 0); incline_top(1, 0); 	Level: 1  Features: jungle(3, 130); foliage_elev(3, 0); 	Level: 1  Features: jungle(1, 60); foliage_elev(2, 0); 	Level: 1  Features: jungle(3, 130); foliage_elev(3, 0); 	Level: 1  Features: jungle(3, 130); foliage_elev(3, 0); 	Level: 1  Features: jungle(1, 60); foliage_elev(2, 0); Swamp; 	Level: 1  Features: Swamp; 
ROW_22	Level: 0  Features: 	Level: 0  Features: 	Level: 0  Features: jungle(2, 100); foliage_elev(2, 0); 	Level: 0  Features: jungle(1, 60); foliage_elev(2, 0); 	Level: 0  Features: jungle(1, 60); foliage_elev(2, 0); 	Level: 0  Features: jungle(1, 60); foliage_elev(2, 0); 	Level: 0  Features: jungle(2, 100); foliage_elev(2, 0); 	Level: 0  Features: jungle(1, 60); foliage_elev(2, 0); 	Level: 0  Features: 	Level: 0  Features: incline_bottom(1, 0); 	Level: 1  Features: jungle(1, 60); foliage_elev(2, 0); incline_top(1, 0); 	Level: 1  Features: 	Level: 1  Features: 	Level: 1  Features: jungle(1, 60); foliage_elev(2, 0); 	Level: 1  Features: 	Level: 1  Features: jungle(1, 60); foliage_elev(2, 0); 	Level: 1  Features: jungle(2, 100); foliage_elev(2, 0); 
ROW_23	Level: 0  Features: 	Level: 0  Features: 	Level: 0  Features: 	Level: 0  Features: 	Level: 0  Features: jungle(1, 60); foliage_elev(2, 0); 	Level: 0  Features: 	Level: 0  Features: 	Level: 0  Features: 	Level: 0  Features: jungle(2, 100); foliage_elev(2, 0); 	Level: 0  Features: incline_bottom(1, 0); 	Level: 1  Features: incline_top(1, 0); 	Level: 1  Features: 	Level: 1  Features: 	Level: 1  Features: 	Level: 1  Features: 	Level: 1  Features: 	Level: 1  Features: jungle(1, 60); foliage_elev(2, 0); 
ROW_24	Level: 0  Features: 	Level: 0  Features: 	Level: 0  Features: 	Level: 0  Features: 	Level: 0  Features: jungle(1, 60); foliage_elev(2, 0); 	Level: 0  Features: 	Level: 0  Features: 	Level: 0  Features: jungle(1, 60); foliage_elev(2, 0); 	Level: 0  Features: jungle(3, 130); foliage_elev(3, 0); 	Level: 0  Features: 	Level: 0  Features: incline_bottom(1, 0); 	Level: 1  Features: incline_top(1, 0); 	Level: 1  Features: Swamp; 	Level: 1  Features: Swamp; 	Level: 1  Features: jungle(1, 60); foliage_elev(2, 0); Swamp; 	Level: 1  Features: 	Level: 1  Features: jungle(2, 100); foliage_elev(2, 0); 
ROW_25	Level: 0  Features: 	Level: 0  Features: 	Level: 0  Features: 	Level: 0  Features: 	Level: 0  Features: 	Level: 0  Features: 	Level: 0  Features: 	Level: 0  Features: 	Level: 0  Features: jungle(3, 130); foliage_elev(3, 0); 	Level: 0  Features: incline_bottom(1, 0); 	Level: 1  Features: incline_top(1, 0); 	Level: 1  Features: 	Level: 1  Features: 	Level: 1  Features: Swamp; 	Level: 1  Features: jungle(1, 60); foliage_elev(2, 0); 	Level: 1  Features: jungle(1, 60); foliage_elev(2, 0); 	Level: 1  Features: jungle(1, 60); foliage_elev(2, 0); 
ROW_26	Level: 0  Features: 	Level: 0  Features: 	Level: 0  Features: 	Level: 0  Features: 	Level: 0  Features: 	Level: 0  Features: 	Level: 0  Features: 	Level: 0  Features: 	Level: 0  Features: incline_bottom(1, 0); 	Level: 0  Features: jungle(2, 100); foliage_elev(2, 0); incline_bottom(1, 0); 	Level: 1  Features: jungle(2, 100); foliage_elev(2, 0); incline_top(1, 0); 	Level: 1  Features: 	Level: 1  Features: jungle(1, 60); foliage_elev(2, 0); Swamp; 	Level: 1  Features: jungle(1, 60); foliage_elev(2, 0); 	Level: 1  Features: jungle(2, 100); foliage_elev(2, 0); 	Level: 1  Features: jungle(1, 60); foliage_elev(2, 0); 	Level: 1  Features: jungle(1, 60); foliage_elev(2, 0); 
ROW_27	Level: 0  Features: incline_bottom(1, 0); 	Level: 0  Features: incline_bottom(1, 0); 	Level: 0  Features: jungle(2, 100); foliage_elev(2, 0); incline_bottom(1, 0); 	Level: 0  Features: jungle(1, 60); foliage_elev(2, 0); incline_bottom(1, 0); 	Level: 0  Features: 	Level: 0  Features: 	Level: 0  Features: incline_bottom(1, 0); 	Level: 0  Features: incline_bottom(1, 0); 	Level: 1  Features: incline_top(1, 0); 	Level: 1  Features: incline_top(1, 0); 	Level: 1  Features: Swamp; 	Level: 1  Features: Swamp; 	Level: 1  Features: jungle(2, 100); foliage_elev(2, 0); 	Level: 1  Features: 	Level: 1  Features: jungle(1, 60); foliage_elev(2, 0); 	Level: 1  Features: jungle(2, 100); foliage_elev(2, 0); 	Level: 1  Features: 
ROW_28	Level: 0  Features: incline_bottom(1, 0); 	Level: 1  Features: incline_top(1, 0); 	Level: 1  Features: incline_top(1, 0); 	Level: 1  Features: jungle(1, 60); foliage_elev(2, 0); incline_top(1, 0); 	Level: 0  Features: incline_bottom(1, 0); 	Level: 0  Features: jungle(1, 60); foliage_elev(2, 0); 	Level: 0  Features: incline_bottom(1, 0); 	Level: 1  Features: incline_top(1, 0); 	Level: 1  Features: incline_top(1, 0); 	Level: 1  Features: 	Level: 1  Features: 	Level: 1  Features: Swamp; 	Level: 1  Features: 	Level: 1  Features: 	Level: 1  Features: 	Level: 1  Features: 	Level: 1  Features: 
ROW_29	Level: 0  Features: jungle(2, 100); foliage_elev(2, 0); incline_bottom(1, 0); 	Level: 0  Features: jungle(1, 60); foliage_elev(2, 0); incline_bottom(1, 0); 	Level: 0  Features: jungle(1, 60); foliage_elev(2, 0); incline_bottom(1, 0); 	Level: 0  Features: incline_bottom(1, 0); 	Level: 0  Features: jungle(3, 130); foliage_elev(3, 0); 	Level: 0  Features: 	Level: 0  Features: jungle(1, 60); foliage_elev(2, 0); incline_bottom(1, 0); 	Level: 0  Features: incline_bottom(1, 0); 	Level: 1  Features: incline_top(1, 0); 	Level: 1  Features: jungle(3, 130); foliage_elev(3, 0); 	Level: 1  Features: 	Level: 1  Features: 	Level: 1  Features: 	Level: 1  Features: 	Level: 1  Features: 	Level: 1  Features: 	Level: 1  Features: 
ROW_30	Level: 0  Features: 	Level: 0  Features: incline_bottom(1, 0); 	Level: 1  Features: jungle(2, 100); foliage_elev(2, 0); incline_top(1, 0); 	Level: 1  Features: jungle(1, 60); foliage_elev(2, 0); incline_top(1, 0); 	Level: 0  Features: jungle(3, 130); foliage_elev(3, 0); incline_bottom(1, 0); 	Level: 0  Features: jungle(1, 60); foliage_elev(2, 0); 	Level: 0  Features: incline_bottom(1, 0); 	Level: 1  Features: jungle(2, 100); foliage_elev(2, 0); incline_top(1, 0); 	Level: 1  Features: jungle(1, 60); foliage_elev(2, 0); incline_top(1, 0); 	Level: 1  Features: jungle(1, 60); foliage_elev(2, 0); incline_top(1, 0); 	Level: 1  Features: jungle(1, 60); foliage_elev(2, 0); 	Level: 1  Features: jungle(2, 100); foliage_elev(2, 0); Swamp; 	Level: 1  Features: jungle(1, 60); foliage_elev(2, 0); 	Level: 1  Features: jungle(1, 60); foliage_elev(2, 0); 	Level: 1  Features: jungle(1, 60); foliage_elev(2, 0); 	Level: 1  Features: jungle(3, 130); foliage_elev(3, 0); 	Level: 1  Features: 
ROW_31	Level: 0  Features: jungle(3, 130); foliage_elev(3, 0); 	Level: 0  Features: jungle(1, 60); foliage_elev(2, 0); incline_bottom(1, 0); 	Level: 1  Features: incline_top(1, 0); 	Level: 1  Features: incline_top(1, 0); 	Level: 0  Features: jungle(1, 60); foliage_elev(2, 0); incline_bottom(1, 0); 	Level: 0  Features: jungle(1, 60); foliage_elev(2, 0); 	Level: 0  Features: jungle(1, 60); foliage_elev(2, 0); incline_bottom(1, 0); 	Level: 0  Features: jungle(2, 100); foliage_elev(2, 0); incline_bottom(1, 0); 	Level: 0  Features: incline_bottom(1, 0); 	Level: 1  Features: Swamp; incline_top(1, 0); 	Level: 1  Features: jungle(2, 100); foliage_elev(2, 0); Swamp; 	Level: 1  Features: 	Level: 1  Features: jungle(3, 130); foliage_elev(3, 0); 	Level: 1  Features: jungle(2, 100); foliage_elev(2, 0); 	Level: 1  Features: jungle(1, 60); foliage_elev(2, 0); 	Level: 1  Features: jungle(1, 60); foliage_elev(2, 0); 	Level: 1  Features: 
THEME	CITY_TYPE	MAP_SIZE	MAP_WIDTH	MAP_HEIGHT
tropical	None	1	1
TEMPERATURE	WEATHER	GRAVITY	WIND	ATMOSPHERE	FOG	LIGHT
25	CLEAR	1.0	Calm	Standard	None	Daylight
ROUND	PHASE	PLAYER_ID	ENTITY_ID	CHASSIS	MODEL	TYPE	ROLE	X	Y	FACING	MP	HEAT	PRONE	AIRBORNE	OFF_BOARD	CRIPPLED	DESTROYED	ARMOR_P	INTERNAL_P	DONE	MAX_RANGE	TOTAL_DAMAGE	TEAM_ID
0	DEPLOYMENT	0	1	Vulpes	Vulpes	BipedMek	SKIRMISHER	-1	-1	0	0.00	0.00	0	0	0	0	0	1.00	1.00	0	30	25	1
0	DEPLOYMENT	0	2	Legionnaire	Legionnaire	BipedMek	STRIKER	-1	-1	0	0.00	0.00	0	0	0	0	0	1.00	1.00	0	20	5	1
0	DEPLOYMENT	1	3	Thresher Mk II	Thresher Mk II	BipedMek	SKIRMISHER	2	14	1	0.00	0.00	0	0	0	0	0	1.00	1.00	1	28	46	2
ROUND	PHASE	PLAYER_ID	ENTITY_ID	CHASSIS	MODEL	TYPE	ROLE	X	Y	FACING	MP	HEAT	PRONE	AIRBORNE	OFF_BOARD	CRIPPLED	DESTROYED	ARMOR_P	INTERNAL_P	DONE	MAX_RANGE	TOTAL_DAMAGE	TEAM_ID
0	DEPLOYMENT	0	1	Vulpes	Vulpes	BipedMek	SKIRMISHER	30	6	5	0.00	0.00	0	0	0	0	0	1.00	1.00	1	30	25	1
0	DEPLOYMENT	0	2	Legionnaire	Legionnaire	BipedMek	STRIKER	-1	-1	0	0.00	0.00	0	0	0	0	0	1.00	1.00	0	20	5	1
0	DEPLOYMENT	1	3	Thresher Mk II	Thresher Mk II	BipedMek	SKIRMISHER	2	14	1	0.00	0.00	0	0	0	0	0	1.00	1.00	1	28	46	2
ROUND	PHASE	PLAYER_ID	ENTITY_ID	CHASSIS	MODEL	TYPE	ROLE	X	Y	FACING	MP	HEAT	PRONE	AIRBORNE	OFF_BOARD	CRIPPLED	DESTROYED	ARMOR_P	INTERNAL_P	DONE	MAX_RANGE	TOTAL_DAMAGE	TEAM_ID
0	DEPLOYMENT	0	1	Vulpes	Vulpes	BipedMek	SKIRMISHER	30	6	5	0.00	0.00	0	0	0	0	0	1.00	1.00	1	30	25	1
0	DEPLOYMENT	0	2	Legionnaire	Legionnaire	BipedMek	STRIKER	29	13	5	0.00	0.00	0	0	0	0	0	1.00	1.00	1	20	5	1
0	DEPLOYMENT	1	3	Thresher Mk II	Thresher Mk II	BipedMek	SKIRMISHER	2	14	1	0.00	0.00	0	0	0	0	0	1.00	1.00	1	28	46	2
ROUND	PHASE	PLAYER_ID	ENTITY_ID	CHASSIS	MODEL	TYPE	ROLE	X	Y	FACING	MP	HEAT	PRONE	AIRBORNE	OFF_BOARD	CRIPPLED	DESTROYED	ARMOR_P	INTERNAL_P	DONE	MAX_RANGE	TOTAL_DAMAGE	TEAM_ID
1	TARGETING	0	1	Vulpes	Vulpes	BipedMek	SKIRMISHER	30	6	5	0.00	0.00	0	0	0	0	0	1.00	1.00	1	30	25	1
1	TARGETING	0	2	Legionnaire	Legionnaire	BipedMek	STRIKER	29	13	5	0.00	0.00	0	0	0	0	0	1.00	1.00	1	20	5	1
1	TARGETING	1	3	Thresher Mk II	Thresher Mk II	BipedMek	SKIRMISHER	2	14	1	0.00	0.00	0	0	0	0	0	1.00	1.00	1	28	46	2
PLAYER_ID	ENTITY_ID	CHASSIS	MODEL	FACING	FROM_X	FROM_Y	TO_X	TO_Y	HEXES_MOVED	DISTANCE	MP_USED	MAX_MP	MP_P	HEAT_P	ARMOR_P	INTERNAL_P	JUMPING	PRONE	LEGAL	STEPS	TEAM_ID	CHANCE_OF_FAILURE	IS_BOT
1	3	Thresher Mk II		0	2	14	7	11	5	0	5	5	1.00	0.00	1.00	1.00	1	0	1	START_JUMP FORWARDS FORWARDS FORWARDS FORWARDS FORWARDS TURN_LEFT	2	0.00	1
ROUND	PHASE	PLAYER_ID	ENTITY_ID	CHASSIS	MODEL	TYPE	ROLE	X	Y	FACING	MP	HEAT	PRONE	AIRBORNE	OFF_BOARD	CRIPPLED	DESTROYED	ARMOR_P	INTERNAL_P	DONE	MAX_RANGE	TOTAL_DAMAGE	TEAM_ID
1	MOVEMENT	0	1	Vulpes	Vulpes	BipedMek	SKIRMISHER	30	6	5	0.00	0.00	0	0	0	0	0	1.00	1.00	0	30	25	1
1	MOVEMENT	0	2	Legionnaire	Legionnaire	BipedMek	STRIKER	29	13	5	0.00	0.00	0	0	0	0	0	1.00	1.00	0	20	5	1
1	MOVEMENT	1	3	Thresher Mk II	Thresher Mk II	BipedMek	SKIRMISHER	7	11	0	0.00	0.00	0	0	0	0	0	1.00	1.00	1	28	46	2
PLAYER_ID	ENTITY_ID	CHASSIS	MODEL	FACING	FROM_X	FROM_Y	TO_X	TO_Y	HEXES_MOVED	DISTANCE	MP_USED	MAX_MP	MP_P	HEAT_P	ARMOR_P	INTERNAL_P	JUMPING	PRONE	LEGAL	STEPS	TEAM_ID	CHANCE_OF_FAILURE	IS_BOT
0	1	Vulpes	VLP-1D	5	29	5	24	3	6	0	8	13	0.62	0.00	1.00	1.00	0	0	1	FORWARDS FORWARDS FORWARDS FORWARDS FORWARDS FORWARDS	1	0.00	0
ROUND	PHASE	PLAYER_ID	ENTITY_ID	CHASSIS	MODEL	TYPE	ROLE	X	Y	FACING	MP	HEAT	PRONE	AIRBORNE	OFF_BOARD	CRIPPLED	DESTROYED	ARMOR_P	INTERNAL_P	DONE	MAX_RANGE	TOTAL_DAMAGE	TEAM_ID
1	MOVEMENT	0	1	Vulpes	Vulpes	BipedMek	SKIRMISHER	24	3	5	0.00	0.00	0	0	0	0	0	1.00	1.00	1	30	25	1
1	MOVEMENT	0	2	Legionnaire	Legionnaire	BipedMek	STRIKER	29	13	5	0.00	0.00	0	0	0	0	0	1.00	1.00	0	20	5	1
1	MOVEMENT	1	3	Thresher Mk II	Thresher Mk II	BipedMek	SKIRMISHER	7	11	0	0.00	0.00	0	0	0	0	0	1.00	1.00	1	28	46	2
PLAYER_ID	ENTITY_ID	CHASSIS	MODEL	FACING	FROM_X	FROM_Y	TO_X	TO_Y	HEXES_MOVED	DISTANCE	MP_USED	MAX_MP	MP_P	HEAT_P	ARMOR_P	INTERNAL_P	JUMPING	PRONE	LEGAL	STEPS	TEAM_ID	CHANCE_OF_FAILURE	IS_BOT
0	2	Legionnaire	LGN-2D	5	29	13	23	9	7	0	11	14	0.79	0.00	1.00	1.00	0	0	1	TURN_RIGHT FORWARDS TURN_LEFT FORWARDS FORWARDS FORWARDS FORWARDS FORWARDS FORWARDS	1	0.00	0
ROUND	PHASE	PLAYER_ID	ENTITY_ID	CHASSIS	MODEL	TYPE	ROLE	X	Y	FACING	MP	HEAT	PRONE	AIRBORNE	OFF_BOARD	CRIPPLED	DESTROYED	ARMOR_P	INTERNAL_P	DONE	MAX_RANGE	TOTAL_DAMAGE	TEAM_ID
1	MOVEMENT	0	1	Vulpes	Vulpes	BipedMek	SKIRMISHER	24	3	5	0.00	0.00	0	0	0	0	0	1.00	1.00	1	30	25	1
1	MOVEMENT	0	2	Legionnaire	Legionnaire	BipedMek	STRIKER	23	9	5	0.00	0.00	0	0	0	0	0	1.00	1.00	1	20	5	1
1	MOVEMENT	1	3	Thresher Mk II	Thresher Mk II	BipedMek	SKIRMISHER	7	11	0	0.00	0.00	0	0	0	0	0	1.00	1.00	1	28	46	2
ROUND	PHASE	PLAYER_ID	ENTITY_ID	CHASSIS	MODEL	TYPE	ROLE	X	Y	FACING	MP	HEAT	PRONE	AIRBORNE	OFF_BOARD	CRIPPLED	DESTROYED	ARMOR_P	INTERNAL_P	DONE	MAX_RANGE	TOTAL_DAMAGE	TEAM_ID
1	OFFBOARD	0	1	Vulpes	Vulpes	BipedMek	SKIRMISHER	24	3	5	0.00	0.00	0	0	0	0	0	1.00	1.00	1	30	25	1
1	OFFBOARD	0	2	Legionnaire	Legionnaire	BipedMek	STRIKER	23	9	5	0.00	0.00	0	0	0	0	0	1.00	1.00	1	20	5	1
1	OFFBOARD	1	3	Thresher Mk II	Thresher Mk II	BipedMek	SKIRMISHER	7	11	0	0.00	0.00	0	0	0	0	0	1.00	1.00	1	28	46	2
ROUND	PHASE	PLAYER_ID	ENTITY_ID	CHASSIS	MODEL	TYPE	ROLE	X	Y	FACING	MP	HEAT	PRONE	AIRBORNE	OFF_BOARD	CRIPPLED	DESTROYED	ARMOR_P	INTERNAL_P	DONE	MAX_RANGE	TOTAL_DAMAGE	TEAM_ID
1	FIRING	0	1	Vulpes	Vulpes	BipedMek	SKIRMISHER	24	3	5	0.00	0.00	0	0	0	0	0	1.00	1.00	1	30	25	1
1	FIRING	0	2	Legionnaire	Legionnaire	BipedMek	STRIKER	23	9	5	0.00	0.00	0	0	0	0	0	1.00	1.00	1	20	5	1
1	FIRING	1	3	Thresher Mk II	Thresher Mk II	BipedMek	SKIRMISHER	7	11	0	0.00	0.00	0	0	0	0	0	1.00	1.00	1	28	46	2
ROUND	PHASE	PLAYER_ID	ENTITY_ID	CHASSIS	MODEL	TYPE	ROLE	X	Y	FACING	MP	HEAT	PRONE	AIRBORNE	OFF_BOARD	CRIPPLED	DESTROYED	ARMOR_P	INTERNAL_P	DONE	MAX_RANGE	TOTAL_DAMAGE	TEAM_ID
2	TARGETING	0	1	Vulpes	Vulpes	BipedMek	SKIRMISHER	24	3	5	8.00	0.00	0	0	0	0	0	1.00	1.00	1	30	25	1
2	TARGETING	0	2	Legionnaire	Legionnaire	BipedMek	STRIKER	23	9	5	11.00	0.00	0	0	0	0	0	1.00	1.00	1	20	5	1
2	TARGETING	1	3	Thresher Mk II	Thresher Mk II	BipedMek	SKIRMISHER	7	11	0	5.00	0.00	0	0	0	0	0	1.00	1.00	1	28	46	2
PLAYER_ID	ENTITY_ID	CHASSIS	MODEL	FACING	FROM_X	FROM_Y	TO_X	TO_Y	HEXES_MOVED	DISTANCE	MP_USED	MAX_MP	MP_P	HEAT_P	ARMOR_P	INTERNAL_P	JUMPING	PRONE	LEGAL	STEPS	TEAM_ID	CHANCE_OF_FAILURE	IS_BOT
0	1	Vulpes	VLP-1D	4	24	3	21	2	3	0	8	13	0.62	0.00	1.00	1.00	0	0	1	TURN_LEFT FORWARDS TURN_RIGHT FORWARDS FORWARDS TURN_LEFT	1	0.00	0
ROUND	PHASE	PLAYER_ID	ENTITY_ID	CHASSIS	MODEL	TYPE	ROLE	X	Y	FACING	MP	HEAT	PRONE	AIRBORNE	OFF_BOARD	CRIPPLED	DESTROYED	ARMOR_P	INTERNAL_P	DONE	MAX_RANGE	TOTAL_DAMAGE	TEAM_ID
2	MOVEMENT	0	1	Vulpes	Vulpes	BipedMek	SKIRMISHER	21	2	4	8.00	0.00	0	0	0	0	0	1.00	1.00	1	30	25	1
2	MOVEMENT	0	2	Legionnaire	Legionnaire	BipedMek	STRIKER	23	9	5	11.00	0.00	0	0	0	0	0	1.00	1.00	0	20	5	1
2	MOVEMENT	1	3	Thresher Mk II	Thresher Mk II	BipedMek	SKIRMISHER	7	11	0	5.00	0.00	0	0	0	0	0	1.00	1.00	0	28	46	2
PLAYER_ID	ENTITY_ID	CHASSIS	MODEL	FACING	FROM_X	FROM_Y	TO_X	TO_Y	HEXES_MOVED	DISTANCE	MP_USED	MAX_MP	MP_P	HEAT_P	ARMOR_P	INTERNAL_P	JUMPING	PRONE	LEGAL	STEPS	TEAM_ID	CHANCE_OF_FAILURE	IS_BOT
0	2	Legionnaire	LGN-2D	5	22	9	16	6	7	0	11	14	0.79	0.00	1.00	1.00	0	0	1	FORWARDS FORWARDS FORWARDS FORWARDS FORWARDS FORWARDS FORWARDS	1	0.00	0
ROUND	PHASE	PLAYER_ID	ENTITY_ID	CHASSIS	MODEL	TYPE	ROLE	X	Y	FACING	MP	HEAT	PRONE	AIRBORNE	OFF_BOARD	CRIPPLED	DESTROYED	ARMOR_P	INTERNAL_P	DONE	MAX_RANGE	TOTAL_DAMAGE	TEAM_ID
2	MOVEMENT	0	1	Vulpes	Vulpes	BipedMek	SKIRMISHER	21	2	4	8.00	0.00	0	0	0	0	0	1.00	1.00	1	30	25	1
2	MOVEMENT	0	2	Legionnaire	Legionnaire	BipedMek	STRIKER	16	6	5	11.00	0.00	0	0	0	0	0	1.00	1.00	1	20	5	1
2	MOVEMENT	1	3	Thresher Mk II	Thresher Mk II	BipedMek	SKIRMISHER	7	11	0	5.00	0.00	0	0	0	0	0	1.00	1.00	0	28	46	2
PLAYER_ID	ENTITY_ID	CHASSIS	MODEL	FACING	FROM_X	FROM_Y	TO_X	TO_Y	HEXES_MOVED	DISTANCE	MP_USED	MAX_MP	MP_P	HEAT_P	ARMOR_P	INTERNAL_P	JUMPING	PRONE	LEGAL	STEPS	TEAM_ID	CHANCE_OF_FAILURE	IS_BOT
1	3	Thresher Mk II		1	7	11	12	9	5	0	5	5	1.00	0.00	1.00	1.00	1	0	1	START_JUMP TURN_RIGHT FORWARDS FORWARDS FORWARDS FORWARDS FORWARDS	2	0.00	1
ROUND	PHASE	PLAYER_ID	ENTITY_ID	CHASSIS	MODEL	TYPE	ROLE	X	Y	FACING	MP	HEAT	PRONE	AIRBORNE	OFF_BOARD	CRIPPLED	DESTROYED	ARMOR_P	INTERNAL_P	DONE	MAX_RANGE	TOTAL_DAMAGE	TEAM_ID
2	MOVEMENT	0	1	Vulpes	Vulpes	BipedMek	SKIRMISHER	21	2	4	8.00	0.00	0	0	0	0	0	1.00	1.00	1	30	25	1
2	MOVEMENT	0	2	Legionnaire	Legionnaire	BipedMek	STRIKER	16	6	5	11.00	0.00	0	0	0	0	0	1.00	1.00	1	20	5	1
2	MOVEMENT	1	3	Thresher Mk II	Thresher Mk II	BipedMek	SKIRMISHER	12	9	1	5.00	0.00	0	0	0	0	0	1.00	1.00	1	28	46	2
ROUND	PHASE	PLAYER_ID	ENTITY_ID	CHASSIS	MODEL	TYPE	ROLE	X	Y	FACING	MP	HEAT	PRONE	AIRBORNE	OFF_BOARD	CRIPPLED	DESTROYED	ARMOR_P	INTERNAL_P	DONE	MAX_RANGE	TOTAL_DAMAGE	TEAM_ID
2	OFFBOARD	0	1	Vulpes	Vulpes	BipedMek	SKIRMISHER	21	2	4	8.00	0.00	0	0	0	0	0	1.00	1.00	1	30	25	1
2	OFFBOARD	0	2	Legionnaire	Legionnaire	BipedMek	STRIKER	16	6	5	11.00	0.00	0	0	0	0	0	1.00	1.00	1	20	5	1
2	OFFBOARD	1	3	Thresher Mk II	Thresher Mk II	BipedMek	SKIRMISHER	12	9	1	5.00	0.00	0	0	0	0	0	1.00	1.00	1	28	46	2
ROUND	PHASE	PLAYER_ID	ENTITY_ID	CHASSIS	MODEL	TYPE	ROLE	X	Y	FACING	MP	HEAT	PRONE	AIRBORNE	OFF_BOARD	CRIPPLED	DESTROYED	ARMOR_P	INTERNAL_P	DONE	MAX_RANGE	TOTAL_DAMAGE	TEAM_ID
2	FIRING	0	1	Vulpes	Vulpes	BipedMek	SKIRMISHER	21	2	4	8.00	0.00	0	0	0	0	0	1.00	1.00	1	30	25	1
2	FIRING	0	2	Legionnaire	Legionnaire	BipedMek	STRIKER	16	6	5	11.00	0.00	0	0	0	0	0	1.00	1.00	1	20	5	1
2	FIRING	1	3	Thresher Mk II	Thresher Mk II	BipedMek	SKIRMISHER	12	9	1	5.00	0.00	0	0	0	0	0	1.00	1.00	1	28	46	2
ROUND	PHASE	PLAYER_ID	ENTITY_ID	CHASSIS	MODEL	TYPE	ROLE	X	Y	FACING	MP	HEAT	PRONE	AIRBORNE	OFF_BOARD	CRIPPLED	DESTROYED	ARMOR_P	INTERNAL_P	DONE	MAX_RANGE	TOTAL_DAMAGE	TEAM_ID
3	TARGETING	0	1	Vulpes	Vulpes	BipedMek	SKIRMISHER	21	2	4	8.00	0.00	0	0	0	0	0	1.00	1.00	1	30	25	1
3	TARGETING	0	2	Legionnaire	Legionnaire	BipedMek	STRIKER	16	6	5	11.00	0.00	0	0	0	0	0	1.00	1.00	1	20	5	1
3	TARGETING	1	3	Thresher Mk II	Thresher Mk II	BipedMek	SKIRMISHER	12	9	1	5.00	0.00	0	0	0	0	0	1.00	1.00	1	28	46	2
PLAYER_ID	ENTITY_ID	CHASSIS	MODEL	FACING	FROM_X	FROM_Y	TO_X	TO_Y	HEXES_MOVED	DISTANCE	MP_USED	MAX_MP	MP_P	HEAT_P	ARMOR_P	INTERNAL_P	JUMPING	PRONE	LEGAL	STEPS	TEAM_ID	CHANCE_OF_FAILURE	IS_BOT
0	1	Vulpes	VLP-1D	2	21	2	24	2	4	0	8	13	0.62	0.00	1.00	1.00	0	0	1	TURN_RIGHT TURN_RIGHT FORWARDS TURN_RIGHT FORWARDS TURN_RIGHT FORWARDS FORWARDS	1	0.00	0
ROUND	PHASE	PLAYER_ID	ENTITY_ID	CHASSIS	MODEL	TYPE	ROLE	X	Y	FACING	MP	HEAT	PRONE	AIRBORNE	OFF_BOARD	CRIPPLED	DESTROYED	ARMOR_P	INTERNAL_P	DONE	MAX_RANGE	TOTAL_DAMAGE	TEAM_ID
3	MOVEMENT	0	1	Vulpes	Vulpes	BipedMek	SKIRMISHER	24	2	2	8.00	0.00	0	0	0	0	0	1.00	1.00	1	30	25	1
3	MOVEMENT	0	2	Legionnaire	Legionnaire	BipedMek	STRIKER	16	6	5	11.00	0.00	0	0	0	0	0	1.00	1.00	0	20	5	1
3	MOVEMENT	1	3	Thresher Mk II	Thresher Mk II	BipedMek	SKIRMISHER	12	9	1	5.00	0.00	0	0	0	0	0	1.00	1.00	0	28	46	2
PLAYER_ID	ENTITY_ID	CHASSIS	MODEL	FACING	FROM_X	FROM_Y	TO_X	TO_Y	HEXES_MOVED	DISTANCE	MP_USED	MAX_MP	MP_P	HEAT_P	ARMOR_P	INTERNAL_P	JUMPING	PRONE	LEGAL	STEPS	TEAM_ID	CHANCE_OF_FAILURE	IS_BOT
0	2	Legionnaire	LGN-2D	3	16	6	9	6	7	0	11	14	0.79	0.00	1.00	1.00	0	0	1	TURN_LEFT FORWARDS FORWARDS FORWARDS FORWARDS TURN_RIGHT FORWARDS FORWARDS FORWARDS TURN_LEFT TURN_LEFT	1	0.00	0
ROUND	PHASE	PLAYER_ID	ENTITY_ID	CHASSIS	MODEL	TYPE	ROLE	X	Y	FACING	MP	HEAT	PRONE	AIRBORNE	OFF_BOARD	CRIPPLED	DESTROYED	ARMOR_P	INTERNAL_P	DONE	MAX_RANGE	TOTAL_DAMAGE	TEAM_ID
3	MOVEMENT	0	1	Vulpes	Vulpes	BipedMek	SKIRMISHER	24	2	2	8.00	0.00	0	0	0	0	0	1.00	1.00	1	30	25	1
3	MOVEMENT	0	2	Legionnaire	Legionnaire	BipedMek	STRIKER	9	6	3	11.00	0.00	0	0	0	0	0	1.00	1.00	1	20	5	1
3	MOVEMENT	1	3	Thresher Mk II	Thresher Mk II	BipedMek	SKIRMISHER	12	9	1	5.00	0.00	0	0	0	0	0	1.00	1.00	0	28	46	2
PLAYER_ID	ENTITY_ID	CHASSIS	MODEL	FACING	FROM_X	FROM_Y	TO_X	TO_Y	HEXES_MOVED	DISTANCE	MP_USED	MAX_MP	MP_P	HEAT_P	ARMOR_P	INTERNAL_P	JUMPING	PRONE	LEGAL	STEPS	TEAM_ID	CHANCE_OF_FAILURE	IS_BOT
1	3	Thresher Mk II		5	12	9	14	7	7	0	13	15	0.87	0.00	1.00	1.00	0	0	1	CLIMB_MODE_ON TURN_LEFT FORWARDS TURN_RIGHT FORWARDS FORWARDS FORWARDS FORWARDS TURN_LEFT TURN_LEFT TURN_LEFT FORWARDS FORWARDS TURN_RIGHT	2	0.00	1
ROUND	PHASE	PLAYER_ID	ENTITY_ID	CHASSIS	MODEL	TYPE	ROLE	X	Y	FACING	MP	HEAT	PRONE	AIRBORNE	OFF_BOARD	CRIPPLED	DESTROYED	ARMOR_P	INTERNAL_P	DONE	MAX_RANGE	TOTAL_DAMAGE	TEAM_ID
3	MOVEMENT	0	1	Vulpes	Vulpes	BipedMek	SKIRMISHER	24	2	2	8.00	0.00	0	0	0	0	0	1.00	1.00	1	30	25	1
3	MOVEMENT	0	2	Legionnaire	Legionnaire	BipedMek	STRIKER	9	6	3	11.00	0.00	0	0	0	0	0	1.00	1.00	1	20	5	1
3	MOVEMENT	1	3	Thresher Mk II	Thresher Mk II	BipedMek	SKIRMISHER	14	7	5	5.00	0.00	0	0	0	0	0	1.00	1.00	1	28	46	2
ROUND	PHASE	PLAYER_ID	ENTITY_ID	CHASSIS	MODEL	TYPE	ROLE	X	Y	FACING	MP	HEAT	PRONE	AIRBORNE	OFF_BOARD	CRIPPLED	DESTROYED	ARMOR_P	INTERNAL_P	DONE	MAX_RANGE	TOTAL_DAMAGE	TEAM_ID
3	OFFBOARD	0	1	Vulpes	Vulpes	BipedMek	SKIRMISHER	24	2	2	8.00	0.00	0	0	0	0	0	1.00	1.00	1	30	25	1
3	OFFBOARD	0	2	Legionnaire	Legionnaire	BipedMek	STRIKER	9	6	3	11.00	0.00	0	0	0	0	0	1.00	1.00	1	20	5	1
3	OFFBOARD	1	3	Thresher Mk II	Thresher Mk II	BipedMek	SKIRMISHER	14	7	5	5.00	0.00	0	0	0	0	0	1.00	1.00	1	28	46	2
3	0	2	BipedMek	STRIKER	9	6	3	1	3	BipedMek	SKIRMISHER	14	7	5	-1	NONE	3	4	0	0	1	0	2147483647.00	0	-1
ROUND	PLAYER_ID	ENTITY_ID	TYPE	ROLE	X	Y	FACING	TARGET_PLAYER_ID	TARGET_ID	TARGET_TYPE	TARGET_ROLE	TARGET_X	TARGET_Y	TARGET_FACING	AIMING_LOC	AIMING_MODE	WEAPON_ID	AMMO_ID	ATA	ATG	GTG	GTA	TO_HIT	TURNS_TO_HIT	SPOTTER_ID
3	1	3	BipedMek	SKIRMISHER	14	7	5	0	2	BipedMek	STRIKER	9	6	3	-1	NONE	1	-1	0	0	1	0	9.00	0	-1
3	1	3	BipedMek	SKIRMISHER	14	7	5	0	2	BipedMek	STRIKER	9	6	3	-1	NONE	10	-1	0	0	1	0	7.00	0	-1
3	1	3	BipedMek	SKIRMISHER	14	7	5	0	2	BipedMek	STRIKER	9	6	3	-1	NONE	14	15	0	0	1	0	9.00	0	-1
ROUND	PHASE	PLAYER_ID	ENTITY_ID	CHASSIS	MODEL	TYPE	ROLE	X	Y	FACING	MP	HEAT	PRONE	AIRBORNE	OFF_BOARD	CRIPPLED	DESTROYED	ARMOR_P	INTERNAL_P	DONE	MAX_RANGE	TOTAL_DAMAGE	TEAM_ID
3	FIRING	0	1	Vulpes	Vulpes	BipedMek	SKIRMISHER	24	2	2	8.00	0.00	0	0	0	0	0	1.00	1.00	1	30	25	1
3	FIRING	0	2	Legionnaire	Legionnaire	BipedMek	STRIKER	9	6	3	11.00	0.00	0	0	0	0	0	0.93	1.00	1	0	5	1
3	FIRING	1	3	Thresher Mk II	Thresher Mk II	BipedMek	SKIRMISHER	14	7	5	5.00	0.00	0	0	0	0	0	1.00	1.00	1	12	46	2
ROUND	PHASE	PLAYER_ID	ENTITY_ID	CHASSIS	MODEL	TYPE	ROLE	X	Y	FACING	MP	HEAT	PRONE	AIRBORNE	OFF_BOARD	CRIPPLED	DESTROYED	ARMOR_P	INTERNAL_P	DONE	MAX_RANGE	TOTAL_DAMAGE	TEAM_ID
4	TARGETING	0	1	Vulpes	Vulpes	BipedMek	SKIRMISHER	24	2	2	8.00	0.00	0	0	0	0	0	1.00	1.00	1	30	25	1
4	TARGETING	0	2	Legionnaire	Legionnaire	BipedMek	STRIKER	9	6	3	11.00	0.00	0	0	0	0	0	0.93	1.00	1	20	5	1
4	TARGETING	1	3	Thresher Mk II	Thresher Mk II	BipedMek	SKIRMISHER	14	7	5	13.00	6.00	0	0	0	0	0	1.00	1.00	1	28	46	2
PLAYER_ID	ENTITY_ID	CHASSIS	MODEL	FACING	FROM_X	FROM_Y	TO_X	TO_Y	HEXES_MOVED	DISTANCE	MP_USED	MAX_MP	MP_P	HEAT_P	ARMOR_P	INTERNAL_P	JUMPING	PRONE	LEGAL	STEPS	TEAM_ID	CHANCE_OF_FAILURE	IS_BOT
1	3	Thresher Mk II		2	14	7	10	6	4	0	4	5	0.80	0.23	1.00	1.00	1	0	1	START_JUMP FORWARDS FORWARDS FORWARDS TURN_LEFT FORWARDS TURN_LEFT TURN_LEFT	2	0.00	1
ROUND	PHASE	PLAYER_ID	ENTITY_ID	CHASSIS	MODEL	TYPE	ROLE	X	Y	FACING	MP	HEAT	PRONE	AIRBORNE	OFF_BOARD	CRIPPLED	DESTROYED	ARMOR_P	INTERNAL_P	DONE	MAX_RANGE	TOTAL_DAMAGE	TEAM_ID
4	MOVEMENT	0	1	Vulpes	Vulpes	BipedMek	SKIRMISHER	24	2	2	8.00	0.00	0	0	0	0	0	1.00	1.00	0	30	25	1
4	MOVEMENT	0	2	Legionnaire	Legionnaire	BipedMek	STRIKER	9	6	3	11.00	0.00	0	0	0	0	0	0.93	1.00	0	20	5	1
4	MOVEMENT	1	3	Thresher Mk II	Thresher Mk II	BipedMek	SKIRMISHER	10	6	2	13.00	6.00	0	0	0	0	0	1.00	1.00	1	28	46	2
PLAYER_ID	ENTITY_ID	CHASSIS	MODEL	FACING	FROM_X	FROM_Y	TO_X	TO_Y	HEXES_MOVED	DISTANCE	MP_USED	MAX_MP	MP_P	HEAT_P	ARMOR_P	INTERNAL_P	JUMPING	PRONE	LEGAL	STEPS	TEAM_ID	CHANCE_OF_FAILURE	IS_BOT
0	1	Vulpes	VLP-1D	3	25	2	27	5	5	0	8	13	0.62	0.00	1.00	1.00	0	0	1	FORWARDS FORWARDS TURN_RIGHT FORWARDS FORWARDS TURN_LEFT FORWARDS TURN_RIGHT	1	0.00	0
ROUND	PHASE	PLAYER_ID	ENTITY_ID	CHASSIS	MODEL	TYPE	ROLE	X	Y	FACING	MP	HEAT	PRONE	AIRBORNE	OFF_BOARD	CRIPPLED	DESTROYED	ARMOR_P	INTERNAL_P	DONE	MAX_RANGE	TOTAL_DAMAGE	TEAM_ID
4	MOVEMENT	0	1	Vulpes	Vulpes	BipedMek	SKIRMISHER	27	5	3	8.00	0.00	0	0	0	0	0	1.00	1.00	1	30	25	1
4	MOVEMENT	0	2	Legionnaire	Legionnaire	BipedMek	STRIKER	9	6	3	11.00	0.00	0	0	0	0	0	0.93	1.00	0	20	5	1
4	MOVEMENT	1	3	Thresher Mk II	Thresher Mk II	BipedMek	SKIRMISHER	10	6	2	13.00	6.00	0	0	0	0	0	1.00	1.00	1	28	46	2
PLAYER_ID	ENTITY_ID	CHASSIS	MODEL	FACING	FROM_X	FROM_Y	TO_X	TO_Y	HEXES_MOVED	DISTANCE	MP_USED	MAX_MP	MP_P	HEAT_P	ARMOR_P	INTERNAL_P	JUMPING	PRONE	LEGAL	STEPS	TEAM_ID	CHANCE_OF_FAILURE	IS_BOT
0	2	Legionnaire	LGN-2D	4	9	6	15	6	6	0	11	14	0.79	0.00	0.93	1.00	0	0	1	TURN_LEFT FORWARDS FORWARDS FORWARDS TURN_LEFT FORWARDS FORWARDS FORWARDS TURN_LEFT TURN_LEFT TURN_LEFT	1	0.00	0
ROUND	PHASE	PLAYER_ID	ENTITY_ID	CHASSIS	MODEL	TYPE	ROLE	X	Y	FACING	MP	HEAT	PRONE	AIRBORNE	OFF_BOARD	CRIPPLED	DESTROYED	ARMOR_P	INTERNAL_P	DONE	MAX_RANGE	TOTAL_DAMAGE	TEAM_ID
4	MOVEMENT	0	1	Vulpes	Vulpes	BipedMek	SKIRMISHER	27	5	3	8.00	0.00	0	0	0	0	0	1.00	1.00	1	30	25	1
4	MOVEMENT	0	2	Legionnaire	Legionnaire	BipedMek	STRIKER	15	6	4	11.00	0.00	0	0	0	0	0	0.93	1.00	1	20	5	1
4	MOVEMENT	1	3	Thresher Mk II	Thresher Mk II	BipedMek	SKIRMISHER	10	6	2	13.00	6.00	0	0	0	0	0	1.00	1.00	1	28	46	2
ROUND	PHASE	PLAYER_ID	ENTITY_ID	CHASSIS	MODEL	TYPE	ROLE	X	Y	FACING	MP	HEAT	PRONE	AIRBORNE	OFF_BOARD	CRIPPLED	DESTROYED	ARMOR_P	INTERNAL_P	DONE	MAX_RANGE	TOTAL_DAMAGE	TEAM_ID
4	OFFBOARD	0	1	Vulpes	Vulpes	BipedMek	SKIRMISHER	27	5	3	8.00	0.00	0	0	0	0	0	1.00	1.00	1	30	25	1
4	OFFBOARD	0	2	Legionnaire	Legionnaire	BipedMek	STRIKER	15	6	4	11.00	0.00	0	0	0	0	0	0.93	1.00	1	20	5	1
4	OFFBOARD	1	3	Thresher Mk II	Thresher Mk II	BipedMek	SKIRMISHER	10	6	2	13.00	6.00	0	0	0	0	0	1.00	1.00	1	28	46	2
ROUND	PLAYER_ID	ENTITY_ID	TYPE	ROLE	X	Y	FACING	TARGET_PLAYER_ID	TARGET_ID	TARGET_TYPE	TARGET_ROLE	TARGET_X	TARGET_Y	TARGET_FACING	AIMING_LOC	AIMING_MODE	WEAPON_ID	AMMO_ID	ATA	ATG	GTG	GTA	TO_HIT	TURNS_TO_HIT	SPOTTER_ID
4	1	3	BipedMek	SKIRMISHER	10	6	2	0	2	BipedMek	STRIKER	15	6	4	-1	NONE	1	-1	0	0	1	0	9.00	0	-1
4	1	3	BipedMek	SKIRMISHER	10	6	2	0	2	BipedMek	STRIKER	15	6	4	-1	NONE	10	-1	0	0	1	0	7.00	0	-1
ROUND	PLAYER_ID	ENTITY_ID	TYPE	ROLE	X	Y	FACING	TARGET_PLAYER_ID	TARGET_ID	TARGET_TYPE	TARGET_ROLE	TARGET_X	TARGET_Y	TARGET_FACING	AIMING_LOC	AIMING_MODE	WEAPON_ID	AMMO_ID	ATA	ATG	GTG	GTA	TO_HIT	TURNS_TO_HIT	SPOTTER_ID
4	0	2	BipedMek	STRIKER	15	6	4	1	3	BipedMek	SKIRMISHER	10	6	2	-1	NONE	3	4	0	0	1	0	7.00	0	-1
ROUND	PHASE	PLAYER_ID	ENTITY_ID	CHASSIS	MODEL	TYPE	ROLE	X	Y	FACING	MP	HEAT	PRONE	AIRBORNE	OFF_BOARD	CRIPPLED	DESTROYED	ARMOR_P	INTERNAL_P	DONE	MAX_RANGE	TOTAL_DAMAGE	TEAM_ID
4	FIRING	0	1	Vulpes	Vulpes	BipedMek	SKIRMISHER	27	5	3	8.00	0.00	0	0	0	0	0	1.00	1.00	1	30	25	1
4	FIRING	0	2	Legionnaire	Legionnaire	BipedMek	STRIKER	15	6	4	11.00	0.00	0	0	0	0	0	0.93	1.00	1	0	5	1
4	FIRING	1	3	Thresher Mk II	Thresher Mk II	BipedMek	SKIRMISHER	10	6	2	13.00	6.00	0	0	0	0	0	1.00	1.00	1	28	46	2
ROUND	PHASE	PLAYER_ID	ENTITY_ID	CHASSIS	MODEL	TYPE	ROLE	X	Y	FACING	MP	HEAT	PRONE	AIRBORNE	OFF_BOARD	CRIPPLED	DESTROYED	ARMOR_P	INTERNAL_P	DONE	MAX_RANGE	TOTAL_DAMAGE	TEAM_ID
5	TARGETING	0	1	Vulpes	Vulpes	BipedMek	SKIRMISHER	27	5	3	8.00	0.00	0	0	0	0	0	1.00	1.00	1	30	25	1
5	TARGETING	0	2	Legionnaire	Legionnaire	BipedMek	STRIKER	15	6	4	11.00	0.00	0	0	0	0	0	0.93	1.00	1	20	5	1
5	TARGETING	1	3	Thresher Mk II	Thresher Mk II	BipedMek	SKIRMISHER	10	6	2	4.00	9.00	0	0	0	0	0	1.00	1.00	1	28	46	2
PLAYER_ID	ENTITY_ID	CHASSIS	MODEL	FACING	FROM_X	FROM_Y	TO_X	TO_Y	HEXES_MOVED	DISTANCE	MP_USED	MAX_MP	MP_P	HEAT_P	ARMOR_P	INTERNAL_P	JUMPING	PRONE	LEGAL	STEPS	TEAM_ID	CHANCE_OF_FAILURE	IS_BOT
1	3	Thresher Mk II		1	11	6	14	7	4	0	5	12	0.42	0.35	1.00	1.00	0	0	1	FORWARDS FORWARDS FORWARDS TURN_LEFT FORWARDS	2	0.00	1
ROUND	PHASE	PLAYER_ID	ENTITY_ID	CHASSIS	MODEL	TYPE	ROLE	X	Y	FACING	MP	HEAT	PRONE	AIRBORNE	OFF_BOARD	CRIPPLED	DESTROYED	ARMOR_P	INTERNAL_P	DONE	MAX_RANGE	TOTAL_DAMAGE	TEAM_ID
5	MOVEMENT	0	1	Vulpes	Vulpes	BipedMek	SKIRMISHER	27	5	3	8.00	0.00	0	0	0	0	0	1.00	1.00	0	30	25	1
5	MOVEMENT	0	2	Legionnaire	Legionnaire	BipedMek	STRIKER	15	6	4	11.00	0.00	0	0	0	0	0	0.93	1.00	0	20	5	1
5	MOVEMENT	1	3	Thresher Mk II	Thresher Mk II	BipedMek	SKIRMISHER	14	7	1	4.00	9.00	0	0	0	0	0	1.00	1.00	1	28	46	2
PLAYER_ID	ENTITY_ID	CHASSIS	MODEL	FACING	FROM_X	FROM_Y	TO_X	TO_Y	HEXES_MOVED	DISTANCE	MP_USED	MAX_MP	MP_P	HEAT_P	ARMOR_P	INTERNAL_P	JUMPING	PRONE	LEGAL	STEPS	TEAM_ID	CHANCE_OF_FAILURE	IS_BOT
0	1	Vulpes	VLP-1D	3	27	6	28	10	5	0	8	13	0.62	0.00	1.00	1.00	0	0	1	FORWARDS FORWARDS FORWARDS FORWARDS TURN_LEFT FORWARDS TURN_RIGHT	1	0.00	0
ROUND	PHASE	PLAYER_ID	ENTITY_ID	CHASSIS	MODEL	TYPE	ROLE	X	Y	FACING	MP	HEAT	PRONE	AIRBORNE	OFF_BOARD	CRIPPLED	DESTROYED	ARMOR_P	INTERNAL_P	DONE	MAX_RANGE	TOTAL_DAMAGE	TEAM_ID
5	MOVEMENT	0	1	Vulpes	Vulpes	BipedMek	SKIRMISHER	28	10	3	8.00	0.00	0	0	0	0	0	1.00	1.00	1	30	25	1
5	MOVEMENT	0	2	Legionnaire	Legionnaire	BipedMek	STRIKER	15	6	4	11.00	0.00	0	0	0	0	0	0.93	1.00	0	20	5	1
5	MOVEMENT	1	3	Thresher Mk II	Thresher Mk II	BipedMek	SKIRMISHER	14	7	1	4.00	9.00	0	0	0	0	0	1.00	1.00	1	28	46	2
PLAYER_ID	ENTITY_ID	CHASSIS	MODEL	FACING	FROM_X	FROM_Y	TO_X	TO_Y	HEXES_MOVED	DISTANCE	MP_USED	MAX_MP	MP_P	HEAT_P	ARMOR_P	INTERNAL_P	JUMPING	PRONE	LEGAL	STEPS	TEAM_ID	CHANCE_OF_FAILURE	IS_BOT
0	2	Legionnaire	LGN-2D	2	15	6	11	6	5	0	11	14	0.79	0.00	0.93	1.00	0	0	1	TURN_LEFT FORWARDS TURN_RIGHT FORWARDS TURN_RIGHT FORWARDS FORWARDS FORWARDS TURN_LEFT TURN_LEFT TURN_LEFT	1	0.00	0
ROUND	PHASE	PLAYER_ID	ENTITY_ID	CHASSIS	MODEL	TYPE	ROLE	X	Y	FACING	MP	HEAT	PRONE	AIRBORNE	OFF_BOARD	CRIPPLED	DESTROYED	ARMOR_P	INTERNAL_P	DONE	MAX_RANGE	TOTAL_DAMAGE	TEAM_ID
5	MOVEMENT	0	1	Vulpes	Vulpes	BipedMek	SKIRMISHER	28	10	3	8.00	0.00	0	0	0	0	0	1.00	1.00	1	30	25	1
5	MOVEMENT	0	2	Legionnaire	Legionnaire	BipedMek	STRIKER	11	6	2	11.00	0.00	0	0	0	0	0	0.93	1.00	1	20	5	1
5	MOVEMENT	1	3	Thresher Mk II	Thresher Mk II	BipedMek	SKIRMISHER	14	7	1	4.00	9.00	0	0	0	0	0	1.00	1.00	1	28	46	2
ROUND	PHASE	PLAYER_ID	ENTITY_ID	CHASSIS	MODEL	TYPE	ROLE	X	Y	FACING	MP	HEAT	PRONE	AIRBORNE	OFF_BOARD	CRIPPLED	DESTROYED	ARMOR_P	INTERNAL_P	DONE	MAX_RANGE	TOTAL_DAMAGE	TEAM_ID
5	OFFBOARD	0	1	Vulpes	Vulpes	BipedMek	SKIRMISHER	28	10	3	8.00	0.00	0	0	0	0	0	1.00	1.00	1	30	25	1
5	OFFBOARD	0	2	Legionnaire	Legionnaire	BipedMek	STRIKER	11	6	2	11.00	0.00	0	0	0	0	0	0.93	1.00	1	20	5	1
5	OFFBOARD	1	3	Thresher Mk II	Thresher Mk II	BipedMek	SKIRMISHER	14	7	1	4.00	9.00	0	0	0	0	0	1.00	1.00	1	28	46	2
5	1	3	BipedMek	SKIRMISHER	14	7	1	0	2	BipedMek	STRIKER	11	6	2	-1	NONE	1	-1	0	0	1	0	2147483647.00	0	-1
5	1	3	BipedMek	SKIRMISHER	14	7	1	0	2	BipedMek	STRIKER	11	6	2	-1	NONE	2	3	0	0	1	0	2147483647.00	0	-1
5	0	1	BipedMek	SKIRMISHER	28	10	3	1	3	BipedMek	SKIRMISHER	14	7	1	-1	NONE	3	-1	0	0	1	0	2147483647.00	0	-1
ROUND	PLAYER_ID	ENTITY_ID	TYPE	ROLE	X	Y	FACING	TARGET_PLAYER_ID	TARGET_ID	TARGET_TYPE	TARGET_ROLE	TARGET_X	TARGET_Y	TARGET_FACING	AIMING_LOC	AIMING_MODE	WEAPON_ID	AMMO_ID	ATA	ATG	GTG	GTA	TO_HIT	TURNS_TO_HIT	SPOTTER_ID
5	0	2	BipedMek	STRIKER	11	6	2	1	3	BipedMek	SKIRMISHER	14	7	1	-1	NONE	3	4	0	0	1	0	6.00	0	-1
ROUND	PHASE	PLAYER_ID	ENTITY_ID	CHASSIS	MODEL	TYPE	ROLE	X	Y	FACING	MP	HEAT	PRONE	AIRBORNE	OFF_BOARD	CRIPPLED	DESTROYED	ARMOR_P	INTERNAL_P	DONE	MAX_RANGE	TOTAL_DAMAGE	TEAM_ID
5	FIRING	0	1	Vulpes	Vulpes	BipedMek	SKIRMISHER	28	10	3	8.00	0.00	0	0	0	0	0	1.00	1.00	1	30	25	1
5	FIRING	0	2	Legionnaire	Legionnaire	BipedMek	STRIKER	11	6	2	11.00	0.00	0	0	0	0	0	0.93	1.00	1	0	5	1
5	FIRING	1	3	Thresher Mk II	Thresher Mk II	BipedMek	SKIRMISHER	14	7	1	4.00	9.00	0	0	0	0	0	0.84	1.00	1	28	46	2
ROUND	PHASE	PLAYER_ID	ENTITY_ID	CHASSIS	MODEL	TYPE	ROLE	X	Y	FACING	MP	HEAT	PRONE	AIRBORNE	OFF_BOARD	CRIPPLED	DESTROYED	ARMOR_P	INTERNAL_P	DONE	MAX_RANGE	TOTAL_DAMAGE	TEAM_ID
6	TARGETING	0	1	Vulpes	Vulpes	BipedMek	SKIRMISHER	28	10	3	8.00	0.00	0	0	0	0	0	1.00	1.00	1	30	25	1
6	TARGETING	0	2	Legionnaire	Legionnaire	BipedMek	STRIKER	11	6	2	11.00	0.00	0	0	0	0	0	0.93	1.00	1	20	5	1
6	TARGETING	1	3	Thresher Mk II	Thresher Mk II	BipedMek	SKIRMISHER	14	7	3	5.00	3.00	1	0	0	0	0	0.76	1.00	1	28	46	2
PLAYER_ID	ENTITY_ID	CHASSIS	MODEL	FACING	FROM_X	FROM_Y	TO_X	TO_Y	HEXES_MOVED	DISTANCE	MP_USED	MAX_MP	MP_P	HEAT_P	ARMOR_P	INTERNAL_P	JUMPING	PRONE	LEGAL	STEPS	TEAM_ID	CHANCE_OF_FAILURE	IS_BOT
0	1	Vulpes	VLP-1D	4	28	10	28	12	3	0	6	13	0.46	0.00	1.00	1.00	0	0	1	TURN_LEFT FORWARDS TURN_RIGHT FORWARDS TURN_RIGHT FORWARDS	1	0.00	0
ROUND	PHASE	PLAYER_ID	ENTITY_ID	CHASSIS	MODEL	TYPE	ROLE	X	Y	FACING	MP	HEAT	PRONE	AIRBORNE	OFF_BOARD	CRIPPLED	DESTROYED	ARMOR_P	INTERNAL_P	DONE	MAX_RANGE	TOTAL_DAMAGE	TEAM_ID
6	MOVEMENT	0	1	Vulpes	Vulpes	BipedMek	SKIRMISHER	28	12	4	8.00	0.00	0	0	0	0	0	1.00	1.00	1	30	25	1
6	MOVEMENT	0	2	Legionnaire	Legionnaire	BipedMek	STRIKER	11	6	2	11.00	0.00	0	0	0	0	0	0.93	1.00	0	20	5	1
6	MOVEMENT	1	3	Thresher Mk II	Thresher Mk II	BipedMek	SKIRMISHER	14	7	3	5.00	3.00	1	0	0	0	0	0.76	1.00	0	28	46	2
PLAYER_ID	ENTITY_ID	CHASSIS	MODEL	FACING	FROM_X	FROM_Y	TO_X	TO_Y	HEXES_MOVED	DISTANCE	MP_USED	MAX_MP	MP_P	HEAT_P	ARMOR_P	INTERNAL_P	JUMPING	PRONE	LEGAL	STEPS	TEAM_ID	CHANCE_OF_FAILURE	IS_BOT
0	2	Legionnaire	LGN-2D	4	12	7	18	6	7	0	11	14	0.79	0.00	0.93	1.00	0	0	1	FORWARDS FORWARDS FORWARDS TURN_LEFT FORWARDS FORWARDS FORWARDS FORWARDS TURN_LEFT TURN_LEFT TURN_LEFT	1	0.00	0
ROUND	PHASE	PLAYER_ID	ENTITY_ID	CHASSIS	MODEL	TYPE	ROLE	X	Y	FACING	MP	HEAT	PRONE	AIRBORNE	OFF_BOARD	CRIPPLED	DESTROYED	ARMOR_P	INTERNAL_P	DONE	MAX_RANGE	TOTAL_DAMAGE	TEAM_ID
6	MOVEMENT	0	1	Vulpes	Vulpes	BipedMek	SKIRMISHER	28	12	4	8.00	0.00	0	0	0	0	0	1.00	1.00	1	30	25	1
6	MOVEMENT	0	2	Legionnaire	Legionnaire	BipedMek	STRIKER	18	6	4	11.00	0.00	0	0	0	0	0	0.93	1.00	1	20	5	1
6	MOVEMENT	1	3	Thresher Mk II	Thresher Mk II	BipedMek	SKIRMISHER	14	7	3	5.00	3.00	1	0	0	0	0	0.76	1.00	0	28	46	2
PLAYER_ID	ENTITY_ID	CHASSIS	MODEL	FACING	FROM_X	FROM_Y	TO_X	TO_Y	HEXES_MOVED	DISTANCE	MP_USED	MAX_MP	MP_P	HEAT_P	ARMOR_P	INTERNAL_P	JUMPING	PRONE	LEGAL	STEPS	TEAM_ID	CHANCE_OF_FAILURE	IS_BOT
1	3	Thresher Mk II		0	14	7	14	5	2	0	7	15	0.47	0.12	0.76	1.00	0	0	1	GET_UP TURN_RIGHT TURN_RIGHT TURN_RIGHT FORWARDS FORWARDS	2	0.00	1
ROUND	PHASE	PLAYER_ID	ENTITY_ID	CHASSIS	MODEL	TYPE	ROLE	X	Y	FACING	MP	HEAT	PRONE	AIRBORNE	OFF_BOARD	CRIPPLED	DESTROYED	ARMOR_P	INTERNAL_P	DONE	MAX_RANGE	TOTAL_DAMAGE	TEAM_ID
6	MOVEMENT	0	1	Vulpes	Vulpes	BipedMek	SKIRMISHER	28	12	4	8.00	0.00	0	0	0	0	0	1.00	1.00	1	30	25	1
6	MOVEMENT	0	2	Legionnaire	Legionnaire	BipedMek	STRIKER	18	6	4	11.00	0.00	0	0	0	0	0	0.93	1.00	1	20	5	1
6	MOVEMENT	1	3	Thresher Mk II	Thresher Mk II	BipedMek	SKIRMISHER	14	5	0	5.00	3.00	0	0	0	0	0	0.76	1.00	1	28	46	2
ROUND	PHASE	PLAYER_ID	ENTITY_ID	CHASSIS	MODEL	TYPE	ROLE	X	Y	FACING	MP	HEAT	PRONE	AIRBORNE	OFF_BOARD	CRIPPLED	DESTROYED	ARMOR_P	INTERNAL_P	DONE	MAX_RANGE	TOTAL_DAMAGE	TEAM_ID
6	OFFBOARD	0	1	Vulpes	Vulpes	BipedMek	SKIRMISHER	28	12	4	8.00	0.00	0	0	0	0	0	1.00	1.00	1	30	25	1
6	OFFBOARD	0	2	Legionnaire	Legionnaire	BipedMek	STRIKER	18	6	4	11.00	0.00	0	0	0	0	0	0.93	1.00	1	20	5	1
6	OFFBOARD	1	3	Thresher Mk II	Thresher Mk II	BipedMek	SKIRMISHER	14	5	0	5.00	3.00	0	0	0	0	0	0.76	1.00	1	28	46	2
6	0	1	BipedMek	SKIRMISHER	28	12	4	1	3	BipedMek	SKIRMISHER	14	5	0	-1	NONE	3	-1	0	0	1	0	11.00	0	-1
6	0	2	BipedMek	STRIKER	18	6	4	1	3	BipedMek	SKIRMISHER	14	5	0	-1	NONE	3	4	0	0	1	0	8.00	0	-1
6	1	3	BipedMek	SKIRMISHER	14	5	0	0	2	BipedMek	STRIKER	18	6	4	-1	NONE	1	-1	0	0	1	0	2147483647.00	0	-1
6	1	3	BipedMek	SKIRMISHER	14	5	0	0	2	BipedMek	STRIKER	18	6	4	-1	NONE	10	-1	0	0	1	0	2147483647.00	0	-1
ROUND	PHASE	PLAYER_ID	ENTITY_ID	CHASSIS	MODEL	TYPE	ROLE	X	Y	FACING	MP	HEAT	PRONE	AIRBORNE	OFF_BOARD	CRIPPLED	DESTROYED	ARMOR_P	INTERNAL_P	DONE	MAX_RANGE	TOTAL_DAMAGE	TEAM_ID
6	FIRING	0	1	Vulpes	Vulpes	BipedMek	SKIRMISHER	28	12	4	8.00	0.00	0	0	0	0	0	1.00	1.00	1	30	25	1
6	FIRING	0	2	Legionnaire	Legionnaire	BipedMek	STRIKER	18	6	4	11.00	0.00	0	0	0	0	0	0.93	1.00	1	0	5	1
6	FIRING	1	3	Thresher Mk II	Thresher Mk II	BipedMek	SKIRMISHER	14	5	0	5.00	3.00	0	0	0	0	0	0.76	1.00	1	28	46	2
ROUND	PHASE	PLAYER_ID	ENTITY_ID	CHASSIS	MODEL	TYPE	ROLE	X	Y	FACING	MP	HEAT	PRONE	AIRBORNE	OFF_BOARD	CRIPPLED	DESTROYED	ARMOR_P	INTERNAL_P	DONE	MAX_RANGE	TOTAL_DAMAGE	TEAM_ID
7	TARGETING	0	1	Vulpes	Vulpes	BipedMek	SKIRMISHER	28	12	4	6.00	0.00	0	0	0	0	0	1.00	1.00	1	30	25	1
7	TARGETING	0	2	Legionnaire	Legionnaire	BipedMek	STRIKER	18	6	4	11.00	0.00	0	0	0	0	0	0.93	1.00	1	20	5	1
7	TARGETING	1	3	Thresher Mk II	Thresher Mk II	BipedMek	SKIRMISHER	14	5	0	7.00	5.00	0	0	0	0	0	0.76	1.00	1	28	46	2
PLAYER_ID	ENTITY_ID	CHASSIS	MODEL	FACING	FROM_X	FROM_Y	TO_X	TO_Y	HEXES_MOVED	DISTANCE	MP_USED	MAX_MP	MP_P	HEAT_P	ARMOR_P	INTERNAL_P	JUMPING	PRONE	LEGAL	STEPS	TEAM_ID	CHANCE_OF_FAILURE	IS_BOT
0	1	Vulpes	VLP-1D	4	28	12	23	11	5	0	8	13	0.62	0.00	1.00	1.00	0	0	1	TURN_RIGHT FORWARDS FORWARDS FORWARDS TURN_LEFT FORWARDS FORWARDS	1	0.00	0
ROUND	PHASE	PLAYER_ID	ENTITY_ID	CHASSIS	MODEL	TYPE	ROLE	X	Y	FACING	MP	HEAT	PRONE	AIRBORNE	OFF_BOARD	CRIPPLED	DESTROYED	ARMOR_P	INTERNAL_P	DONE	MAX_RANGE	TOTAL_DAMAGE	TEAM_ID
7	MOVEMENT	0	1	Vulpes	Vulpes	BipedMek	SKIRMISHER	23	11	4	6.00	0.00	0	0	0	0	0	1.00	1.00	1	30	25	1
7	MOVEMENT	0	2	Legionnaire	Legionnaire	BipedMek	STRIKER	18	6	4	11.00	0.00	0	0	0	0	0	0.93	1.00	0	20	5	1
7	MOVEMENT	1	3	Thresher Mk II	Thresher Mk II	BipedMek	SKIRMISHER	14	5	0	7.00	5.00	0	0	0	0	0	0.76	1.00	0	28	46	2
PLAYER_ID	ENTITY_ID	CHASSIS	MODEL	FACING	FROM_X	FROM_Y	TO_X	TO_Y	HEXES_MOVED	DISTANCE	MP_USED	MAX_MP	MP_P	HEAT_P	ARMOR_P	INTERNAL_P	JUMPING	PRONE	LEGAL	STEPS	TEAM_ID	CHANCE_OF_FAILURE	IS_BOT
0	2	Legionnaire	LGN-2D	1	17	6	11	6	7	0	10	14	0.71	0.00	0.93	1.00	0	0	1	FORWARDS FORWARDS FORWARDS FORWARDS TURN_RIGHT FORWARDS FORWARDS FORWARDS TURN_RIGHT TURN_RIGHT	1	0.00	0
ROUND	PHASE	PLAYER_ID	ENTITY_ID	CHASSIS	MODEL	TYPE	ROLE	X	Y	FACING	MP	HEAT	PRONE	AIRBORNE	OFF_BOARD	CRIPPLED	DESTROYED	ARMOR_P	INTERNAL_P	DONE	MAX_RANGE	TOTAL_DAMAGE	TEAM_ID
7	MOVEMENT	0	1	Vulpes	Vulpes	BipedMek	SKIRMISHER	23	11	4	6.00	0.00	0	0	0	0	0	1.00	1.00	1	30	25	1
7	MOVEMENT	0	2	Legionnaire	Legionnaire	BipedMek	STRIKER	11	6	1	11.00	0.00	0	0	0	0	0	0.93	1.00	1	20	5	1
7	MOVEMENT	1	3	Thresher Mk II	Thresher Mk II	BipedMek	SKIRMISHER	14	5	0	7.00	5.00	0	0	0	0	0	0.76	1.00	0	28	46	2
PLAYER_ID	ENTITY_ID	CHASSIS	MODEL	FACING	FROM_X	FROM_Y	TO_X	TO_Y	HEXES_MOVED	DISTANCE	MP_USED	MAX_MP	MP_P	HEAT_P	ARMOR_P	INTERNAL_P	JUMPING	PRONE	LEGAL	STEPS	TEAM_ID	CHANCE_OF_FAILURE	IS_BOT
1	3	Thresher Mk II		3	14	5	10	6	4	0	4	5	0.80	0.19	0.76	1.00	1	0	1	START_JUMP TURN_LEFT TURN_LEFT FORWARDS FORWARDS FORWARDS TURN_RIGHT FORWARDS TURN_LEFT TURN_LEFT	2	0.00	1
ROUND	PHASE	PLAYER_ID	ENTITY_ID	CHASSIS	MODEL	TYPE	ROLE	X	Y	FACING	MP	HEAT	PRONE	AIRBORNE	OFF_BOARD	CRIPPLED	DESTROYED	ARMOR_P	INTERNAL_P	DONE	MAX_RANGE	TOTAL_DAMAGE	TEAM_ID
7	MOVEMENT	0	1	Vulpes	Vulpes	BipedMek	SKIRMISHER	23	11	4	6.00	0.00	0	0	0	0	0	1.00	1.00	1	30	25	1
7	MOVEMENT	0	2	Legionnaire	Legionnaire	BipedMek	STRIKER	11	6	1	11.00	0.00	0	0	0	0	0	0.93	1.00	1	20	5	1
7	MOVEMENT	1	3	Thresher Mk II	Thresher Mk II	BipedMek	SKIRMISHER	10	6	3	7.00	5.00	0	0	0	0	0	0.76	1.00	1	28	46	2
ROUND	PHASE	PLAYER_ID	ENTITY_ID	CHASSIS	MODEL	TYPE	ROLE	X	Y	FACING	MP	HEAT	PRONE	AIRBORNE	OFF_BOARD	CRIPPLED	DESTROYED	ARMOR_P	INTERNAL_P	DONE	MAX_RANGE	TOTAL_DAMAGE	TEAM_ID
7	OFFBOARD	0	1	Vulpes	Vulpes	BipedMek	SKIRMISHER	23	11	4	6.00	0.00	0	0	0	0	0	1.00	1.00	1	30	25	1
7	OFFBOARD	0	2	Legionnaire	Legionnaire	BipedMek	STRIKER	11	6	1	11.00	0.00	0	0	0	0	0	0.93	1.00	1	20	5	1
7	OFFBOARD	1	3	Thresher Mk II	Thresher Mk II	BipedMek	SKIRMISHER	10	6	3	7.00	5.00	0	0	0	0	0	0.76	1.00	1	28	46	2
7	0	2	BipedMek	STRIKER	11	6	1	1	3	BipedMek	SKIRMISHER	10	6	3	-1	NONE	3	4	0	0	1	0	2147483647.00	0	-1
ROUND	PLAYER_ID	ENTITY_ID	TYPE	ROLE	X	Y	FACING	TARGET_PLAYER_ID	TARGET_ID	TARGET_TYPE	TARGET_ROLE	TARGET_X	TARGET_Y	TARGET_FACING	AIMING_LOC	AIMING_MODE	WEAPON_ID	AMMO_ID	ATA	ATG	GTG	GTA	TO_HIT	TURNS_TO_HIT	SPOTTER_ID
7	1	3	BipedMek	SKIRMISHER	10	6	3	0	2	BipedMek	STRIKER	11	6	1	-1	NONE	1	-1	0	0	1	0	10.00	0	-1
7	1	3	BipedMek	SKIRMISHER	10	6	3	0	2	BipedMek	STRIKER	11	6	1	-1	NONE	10	-1	0	0	1	0	8.00	0	-1
ROUND	PHASE	PLAYER_ID	ENTITY_ID	CHASSIS	MODEL	TYPE	ROLE	X	Y	FACING	MP	HEAT	PRONE	AIRBORNE	OFF_BOARD	CRIPPLED	DESTROYED	ARMOR_P	INTERNAL_P	DONE	MAX_RANGE	TOTAL_DAMAGE	TEAM_ID
7	FIRING	0	1	Vulpes	Vulpes	BipedMek	SKIRMISHER	23	11	4	6.00	0.00	0	0	0	0	0	1.00	1.00	1	30	25	1
7	FIRING	0	2	Legionnaire	Legionnaire	BipedMek	STRIKER	11	6	1	11.00	0.00	0	0	0	0	0	0.93	1.00	1	0	5	1
7	FIRING	1	3	Thresher Mk II	Thresher Mk II	BipedMek	SKIRMISHER	10	6	3	7.00	5.00	0	0	0	0	0	0.76	1.00	1	28	46	2
ROUND	PLAYER_ID	ENTITY_ID	TYPE	ROLE	X	Y	FACING	TARGET_PLAYER_ID	TARGET_ID	TARGET_TYPE	TARGET_ROLE	TARGET_X	TARGET_Y	TARGET_FACING	AIMING_LOC	AIMING_MODE	WEAPON_ID	AMMO_ID	ATA	ATG	GTG	GTA	TO_HIT	TURNS_TO_HIT	SPOTTER_ID
7	0	2	BipedMek	STRIKER	11	6	1	1	3	BipedMek	SKIRMISHER	10	6	3	-1	NONE	-1	-1	0	0	0	0	0	0	-1
ROUND	PLAYER_ID	ENTITY_ID	TYPE	ROLE	X	Y	FACING	TARGET_PLAYER_ID	TARGET_ID	TARGET_TYPE	TARGET_ROLE	TARGET_X	TARGET_Y	TARGET_FACING	AIMING_LOC	AIMING_MODE	WEAPON_ID	AMMO_ID	ATA	ATG	GTG	GTA	TO_HIT	TURNS_TO_HIT	SPOTTER_ID
7	1	3	BipedMek	SKIRMISHER	10	6	3	0	2	BipedMek	STRIKER	11	6	1	-1	NONE	-1	-1	0	0	0	0	0	0	-1
ROUND	PHASE	PLAYER_ID	ENTITY_ID	CHASSIS	MODEL	TYPE	ROLE	X	Y	FACING	MP	HEAT	PRONE	AIRBORNE	OFF_BOARD	CRIPPLED	DESTROYED	ARMOR_P	INTERNAL_P	DONE	MAX_RANGE	TOTAL_DAMAGE	TEAM_ID
8	TARGETING	0	1	Vulpes	Vulpes	BipedMek	SKIRMISHER	23	11	4	8.00	0.00	0	0	0	0	0	1.00	1.00	1	30	25	1
8	TARGETING	0	2	Legionnaire	Legionnaire	BipedMek	STRIKER	11	6	1	10.00	0.00	0	0	0	0	0	0.93	1.00	1	20	5	1
8	TARGETING	1	3	Thresher Mk II	Thresher Mk II	BipedMek	SKIRMISHER	10	6	3	4.00	8.00	0	0	0	0	0	0.76	1.00	1	28	46	2
PLAYER_ID	ENTITY_ID	CHASSIS	MODEL	FACING	FROM_X	FROM_Y	TO_X	TO_Y	HEXES_MOVED	DISTANCE	MP_USED	MAX_MP	MP_P	HEAT_P	ARMOR_P	INTERNAL_P	JUMPING	PRONE	LEGAL	STEPS	TEAM_ID	CHANCE_OF_FAILURE	IS_BOT
0	1	Vulpes	VLP-1D	4	22	12	17	14	6	0	8	13	0.62	0.00	1.00	1.00	0	0	1	FORWARDS FORWARDS FORWARDS FORWARDS FORWARDS FORWARDS	1	0.00	0
ROUND	PHASE	PLAYER_ID	ENTITY_ID	CHASSIS	MODEL	TYPE	ROLE	X	Y	FACING	MP	HEAT	PRONE	AIRBORNE	OFF_BOARD	CRIPPLED	DESTROYED	ARMOR_P	INTERNAL_P	DONE	MAX_RANGE	TOTAL_DAMAGE	TEAM_ID
8	MOVEMENT	0	1	Vulpes	Vulpes	BipedMek	SKIRMISHER	17	14	4	8.00	0.00	0	0	0	0	0	1.00	1.00	1	30	25	1
8	MOVEMENT	0	2	Legionnaire	Legionnaire	BipedMek	STRIKER	11	6	1	10.00	0.00	0	0	0	0	0	0.93	1.00	0	20	5	1
8	MOVEMENT	1	3	Thresher Mk II	Thresher Mk II	BipedMek	SKIRMISHER	10	6	3	4.00	8.00	0	0	0	0	0	0.76	1.00	0	28	46	2
PLAYER_ID	ENTITY_ID	CHASSIS	MODEL	FACING	FROM_X	FROM_Y	TO_X	TO_Y	HEXES_MOVED	DISTANCE	MP_USED	MAX_MP	MP_P	HEAT_P	ARMOR_P	INTERNAL_P	JUMPING	PRONE	LEGAL	STEPS	TEAM_ID	CHANCE_OF_FAILURE	IS_BOT
0	2	Legionnaire	LGN-2D	4	11	6	17	6	6	0	11	14	0.79	0.00	0.93	1.00	0	0	1	TURN_RIGHT FORWARDS FORWARDS FORWARDS TURN_LEFT FORWARDS FORWARDS FORWARDS TURN_LEFT TURN_LEFT TURN_LEFT	1	0.00	0
ROUND	PHASE	PLAYER_ID	ENTITY_ID	CHASSIS	MODEL	TYPE	ROLE	X	Y	FACING	MP	HEAT	PRONE	AIRBORNE	OFF_BOARD	CRIPPLED	DESTROYED	ARMOR_P	INTERNAL_P	DONE	MAX_RANGE	TOTAL_DAMAGE	TEAM_ID
8	MOVEMENT	0	1	Vulpes	Vulpes	BipedMek	SKIRMISHER	17	14	4	8.00	0.00	0	0	0	0	0	1.00	1.00	1	30	25	1
8	MOVEMENT	0	2	Legionnaire	Legionnaire	BipedMek	STRIKER	17	6	4	10.00	0.00	0	0	0	0	0	0.93	1.00	1	20	5	1
8	MOVEMENT	1	3	Thresher Mk II	Thresher Mk II	BipedMek	SKIRMISHER	10	6	3	4.00	8.00	0	0	0	0	0	0.76	1.00	0	28	46	2
PLAYER_ID	ENTITY_ID	CHASSIS	MODEL	FACING	FROM_X	FROM_Y	TO_X	TO_Y	HEXES_MOVED	DISTANCE	MP_USED	MAX_MP	MP_P	HEAT_P	ARMOR_P	INTERNAL_P	JUMPING	PRONE	LEGAL	STEPS	TEAM_ID	CHANCE_OF_FAILURE	IS_BOT
1	3	Thresher Mk II		2	10	6	15	4	5	0	5	5	1.00	0.31	0.76	1.00	1	0	1	START_JUMP TURN_LEFT TURN_LEFT FORWARDS FORWARDS FORWARDS TURN_RIGHT FORWARDS TURN_LEFT FORWARDS TURN_RIGHT	2	0.00	1
ROUND	PHASE	PLAYER_ID	ENTITY_ID	CHASSIS	MODEL	TYPE	ROLE	X	Y	FACING	MP	HEAT	PRONE	AIRBORNE	OFF_BOARD	CRIPPLED	DESTROYED	ARMOR_P	INTERNAL_P	DONE	MAX_RANGE	TOTAL_DAMAGE	TEAM_ID
8	MOVEMENT	0	1	Vulpes	Vulpes	BipedMek	SKIRMISHER	17	14	4	8.00	0.00	0	0	0	0	0	1.00	1.00	1	30	25	1
8	MOVEMENT	0	2	Legionnaire	Legionnaire	BipedMek	STRIKER	17	6	4	10.00	0.00	0	0	0	0	0	0.93	1.00	1	20	5	1
8	MOVEMENT	1	3	Thresher Mk II	Thresher Mk II	BipedMek	SKIRMISHER	15	4	2	4.00	8.00	0	0	0	0	0	0.76	1.00	1	28	46	2
ROUND	PHASE	PLAYER_ID	ENTITY_ID	CHASSIS	MODEL	TYPE	ROLE	X	Y	FACING	MP	HEAT	PRONE	AIRBORNE	OFF_BOARD	CRIPPLED	DESTROYED	ARMOR_P	INTERNAL_P	DONE	MAX_RANGE	TOTAL_DAMAGE	TEAM_ID
8	OFFBOARD	0	1	Vulpes	Vulpes	BipedMek	SKIRMISHER	17	14	4	8.00	0.00	0	0	0	0	0	1.00	1.00	1	30	25	1
8	OFFBOARD	0	2	Legionnaire	Legionnaire	BipedMek	STRIKER	17	6	4	10.00	0.00	0	0	0	0	0	0.93	1.00	1	20	5	1
8	OFFBOARD	1	3	Thresher Mk II	Thresher Mk II	BipedMek	SKIRMISHER	15	4	2	4.00	8.00	0	0	0	0	0	0.76	1.00	1	28	46	2
ROUND	PLAYER_ID	ENTITY_ID	TYPE	ROLE	X	Y	FACING	TARGET_PLAYER_ID	TARGET_ID	TARGET_TYPE	TARGET_ROLE	TARGET_X	TARGET_Y	TARGET_FACING	AIMING_LOC	AIMING_MODE	WEAPON_ID	AMMO_ID	ATA	ATG	GTG	GTA	TO_HIT	TURNS_TO_HIT	SPOTTER_ID
8	1	3	BipedMek	SKIRMISHER	15	4	2	0	2	BipedMek	STRIKER	17	6	4	-1	NONE	10	-1	0	0	1	0	8.00	0	-1
8	1	3	BipedMek	SKIRMISHER	15	4	2	0	2	BipedMek	STRIKER	17	6	4	-1	NONE	2	3	0	0	1	0	10.00	0	-1
8	1	3	BipedMek	SKIRMISHER	15	4	2	0	2	BipedMek	STRIKER	17	6	4	-1	NONE	14	15	0	0	1	0	10.00	0	-1
ROUND	PHASE	PLAYER_ID	ENTITY_ID	CHASSIS	MODEL	TYPE	ROLE	X	Y	FACING	MP	HEAT	PRONE	AIRBORNE	OFF_BOARD	CRIPPLED	DESTROYED	ARMOR_P	INTERNAL_P	DONE	MAX_RANGE	TOTAL_DAMAGE	TEAM_ID
8	FIRING	0	1	Vulpes	Vulpes	BipedMek	SKIRMISHER	17	14	4	8.00	0.00	0	0	0	0	0	1.00	1.00	1	30	25	1
8	FIRING	0	2	Legionnaire	Legionnaire	BipedMek	STRIKER	17	6	4	10.00	0.00	0	0	0	0	0	0.79	1.00	1	20	5	1
8	FIRING	1	3	Thresher Mk II	Thresher Mk II	BipedMek	SKIRMISHER	15	4	2	4.00	8.00	0	0	0	0	0	0.76	1.00	1	28	46	2
ROUND	PHASE	PLAYER_ID	ENTITY_ID	CHASSIS	MODEL	TYPE	ROLE	X	Y	FACING	MP	HEAT	PRONE	AIRBORNE	OFF_BOARD	CRIPPLED	DESTROYED	ARMOR_P	INTERNAL_P	DONE	MAX_RANGE	TOTAL_DAMAGE	TEAM_ID
9	TARGETING	0	1	Vulpes	Vulpes	BipedMek	SKIRMISHER	17	14	4	8.00	0.00	0	0	0	0	0	1.00	1.00	1	30	25	1
9	TARGETING	0	2	Legionnaire	Legionnaire	BipedMek	STRIKER	17	6	4	11.00	0.00	0	0	0	0	0	0.79	1.00	1	20	5	1
9	TARGETING	1	3	Thresher Mk II	Thresher Mk II	BipedMek	SKIRMISHER	15	4	2	5.00	5.00	0	0	0	0	0	0.76	1.00	1	28	46	2
PLAYER_ID	ENTITY_ID	CHASSIS	MODEL	FACING	FROM_X	FROM_Y	TO_X	TO_Y	HEXES_MOVED	DISTANCE	MP_USED	MAX_MP	MP_P	HEAT_P	ARMOR_P	INTERNAL_P	JUMPING	PRONE	LEGAL	STEPS	TEAM_ID	CHANCE_OF_FAILURE	IS_BOT
0	1	Vulpes	VLP-1D	5	16	15	11	13	6	0	7	13	0.54	0.00	1.00	1.00	0	0	1	FORWARDS FORWARDS TURN_RIGHT FORWARDS FORWARDS FORWARDS FORWARDS	1	0.00	0
ROUND	PHASE	PLAYER_ID	ENTITY_ID	CHASSIS	MODEL	TYPE	ROLE	X	Y	FACING	MP	HEAT	PRONE	AIRBORNE	OFF_BOARD	CRIPPLED	DESTROYED	ARMOR_P	INTERNAL_P	DONE	MAX_RANGE	TOTAL_DAMAGE	TEAM_ID
9	MOVEMENT	0	1	Vulpes	Vulpes	BipedMek	SKIRMISHER	11	13	5	8.00	0.00	0	0	0	0	0	1.00	1.00	1	30	25	1
9	MOVEMENT	0	2	Legionnaire	Legionnaire	BipedMek	STRIKER	17	6	4	11.00	0.00	0	0	0	0	0	0.79	1.00	0	20	5	1
9	MOVEMENT	1	3	Thresher Mk II	Thresher Mk II	BipedMek	SKIRMISHER	15	4	2	5.00	5.00	0	0	0	0	0	0.76	1.00	0	28	46	2
PLAYER_ID	ENTITY_ID	CHASSIS	MODEL	FACING	FROM_X	FROM_Y	TO_X	TO_Y	HEXES_MOVED	DISTANCE	MP_USED	MAX_MP	MP_P	HEAT_P	ARMOR_P	INTERNAL_P	JUMPING	PRONE	LEGAL	STEPS	TEAM_ID	CHANCE_OF_FAILURE	IS_BOT
0	2	Legionnaire	LGN-2D	1	17	6	12	8	5	0	11	14	0.79	0.00	0.79	1.00	0	0	1	GET_UP TURN_RIGHT FORWARDS TURN_LEFT FORWARDS FORWARDS FORWARDS FORWARDS TURN_LEFT TURN_LEFT TURN_LEFT	1	0.00	0
ROUND	PHASE	PLAYER_ID	ENTITY_ID	CHASSIS	MODEL	TYPE	ROLE	X	Y	FACING	MP	HEAT	PRONE	AIRBORNE	OFF_BOARD	CRIPPLED	DESTROYED	ARMOR_P	INTERNAL_P	DONE	MAX_RANGE	TOTAL_DAMAGE	TEAM_ID
9	MOVEMENT	0	1	Vulpes	Vulpes	BipedMek	SKIRMISHER	11	13	5	8.00	0.00	0	0	0	0	0	1.00	1.00	1	30	25	1
9	MOVEMENT	0	2	Legionnaire	Legionnaire	BipedMek	STRIKER	12	8	1	11.00	0.00	0	0	0	0	0	0.79	1.00	1	20	5	1
9	MOVEMENT	1	3	Thresher Mk II	Thresher Mk II	BipedMek	SKIRMISHER	15	4	2	5.00	5.00	0	0	0	0	0	0.76	1.00	0	28	46	2
PLAYER_ID	ENTITY_ID	CHASSIS	MODEL	FACING	FROM_X	FROM_Y	TO_X	TO_Y	HEXES_MOVED	DISTANCE	MP_USED	MAX_MP	MP_P	HEAT_P	ARMOR_P	INTERNAL_P	JUMPING	PRONE	LEGAL	STEPS	TEAM_ID	CHANCE_OF_FAILURE	IS_BOT
1	3	Thresher Mk II		2	15	4	11	7	5	0	5	5	1.00	0.19	0.76	1.00	1	0	1	START_JUMP TURN_RIGHT TURN_RIGHT FORWARDS FORWARDS FORWARDS FORWARDS TURN_LEFT FORWARDS TURN_LEFT	2	0.00	1
ROUND	PHASE	PLAYER_ID	ENTITY_ID	CHASSIS	MODEL	TYPE	ROLE	X	Y	FACING	MP	HEAT	PRONE	AIRBORNE	OFF_BOARD	CRIPPLED	DESTROYED	ARMOR_P	INTERNAL_P	DONE	MAX_RANGE	TOTAL_DAMAGE	TEAM_ID
9	MOVEMENT	0	1	Vulpes	Vulpes	BipedMek	SKIRMISHER	11	13	5	8.00	0.00	0	0	0	0	0	1.00	1.00	1	30	25	1
9	MOVEMENT	0	2	Legionnaire	Legionnaire	BipedMek	STRIKER	12	8	1	11.00	0.00	0	0	0	0	0	0.79	1.00	1	20	5	1
9	MOVEMENT	1	3	Thresher Mk II	Thresher Mk II	BipedMek	SKIRMISHER	11	7	2	5.00	5.00	0	0	0	0	0	0.76	1.00	1	28	46	2
ROUND	PHASE	PLAYER_ID	ENTITY_ID	CHASSIS	MODEL	TYPE	ROLE	X	Y	FACING	MP	HEAT	PRONE	AIRBORNE	OFF_BOARD	CRIPPLED	DESTROYED	ARMOR_P	INTERNAL_P	DONE	MAX_RANGE	TOTAL_DAMAGE	TEAM_ID
9	OFFBOARD	0	1	Vulpes	Vulpes	BipedMek	SKIRMISHER	11	13	5	8.00	0.00	0	0	0	0	0	1.00	1.00	1	30	25	1
9	OFFBOARD	0	2	Legionnaire	Legionnaire	BipedMek	STRIKER	12	8	1	11.00	0.00	0	0	0	0	0	0.79	1.00	1	20	5	1
9	OFFBOARD	1	3	Thresher Mk II	Thresher Mk II	BipedMek	SKIRMISHER	11	7	2	5.00	5.00	0	0	0	0	0	0.76	1.00	1	28	46	2
9	0	1	BipedMek	SKIRMISHER	11	13	5	1	3	BipedMek	SKIRMISHER	11	7	2	-1	NONE	3	-1	0	0	1	0	10.00	0	-1
9	0	2	BipedMek	STRIKER	12	8	1	1	3	BipedMek	SKIRMISHER	11	7	2	-1	NONE	3	5	0	0	1	0	2147483647.00	0	-1
ROUND	PLAYER_ID	ENTITY_ID	TYPE	ROLE	X	Y	FACING	TARGET_PLAYER_ID	TARGET_ID	TARGET_TYPE	TARGET_ROLE	TARGET_X	TARGET_Y	TARGET_FACING	AIMING_LOC	AIMING_MODE	WEAPON_ID	AMMO_ID	ATA	ATG	GTG	GTA	TO_HIT	TURNS_TO_HIT	SPOTTER_ID
9	1	3	BipedMek	SKIRMISHER	11	7	2	0	1	BipedMek	SKIRMISHER	11	13	5	-1	NONE	1	-1	0	0	1	0	10.00	0	-1
9	1	3	BipedMek	SKIRMISHER	11	7	2	0	1	BipedMek	SKIRMISHER	11	13	5	-1	NONE	10	-1	0	0	1	0	8.00	0	-1
ROUND	PHASE	PLAYER_ID	ENTITY_ID	CHASSIS	MODEL	TYPE	ROLE	X	Y	FACING	MP	HEAT	PRONE	AIRBORNE	OFF_BOARD	CRIPPLED	DESTROYED	ARMOR_P	INTERNAL_P	DONE	MAX_RANGE	TOTAL_DAMAGE	TEAM_ID
9	FIRING	0	1	Vulpes	Vulpes	BipedMek	SKIRMISHER	11	13	5	8.00	0.00	0	0	0	0	0	0.88	1.00	1	30	25	1
9	FIRING	0	2	Legionnaire	Legionnaire	BipedMek	STRIKER	12	8	1	11.00	0.00	0	0	0	0	0	0.79	1.00	1	0	5	1
9	FIRING	1	3	Thresher Mk II	Thresher Mk II	BipedMek	SKIRMISHER	11	7	2	5.00	5.00	0	0	0	0	0	0.72	1.00	1	28	46	2
ROUND	PLAYER_ID	ENTITY_ID	TYPE	ROLE	X	Y	FACING	TARGET_PLAYER_ID	TARGET_ID	TARGET_TYPE	TARGET_ROLE	TARGET_X	TARGET_Y	TARGET_FACING	AIMING_LOC	AIMING_MODE	WEAPON_ID	AMMO_ID	ATA	ATG	GTG	GTA	TO_HIT	TURNS_TO_HIT	SPOTTER_ID
9	0	2	BipedMek	STRIKER	12	8	1	1	3	BipedMek	SKIRMISHER	11	7	2	-1	NONE	-1	-1	0	0	0	0	0	0	-1
ROUND	PLAYER_ID	ENTITY_ID	TYPE	ROLE	X	Y	FACING	TARGET_PLAYER_ID	TARGET_ID	TARGET_TYPE	TARGET_ROLE	TARGET_X	TARGET_Y	TARGET_FACING	AIMING_LOC	AIMING_MODE	WEAPON_ID	AMMO_ID	ATA	ATG	GTG	GTA	TO_HIT	TURNS_TO_HIT	SPOTTER_ID
9	1	3	BipedMek	SKIRMISHER	11	7	2	0	2	BipedMek	STRIKER	12	8	1	-1	NONE	-1	-1	0	0	0	0	0	0	-1
ROUND	PHASE	PLAYER_ID	ENTITY_ID	CHASSIS	MODEL	TYPE	ROLE	X	Y	FACING	MP	HEAT	PRONE	AIRBORNE	OFF_BOARD	CRIPPLED	DESTROYED	ARMOR_P	INTERNAL_P	DONE	MAX_RANGE	TOTAL_DAMAGE	TEAM_ID
10	TARGETING	0	1	Vulpes	Vulpes	BipedMek	SKIRMISHER	11	13	5	7.00	0.00	0	0	0	0	0	0.88	1.00	1	30	25	1
10	TARGETING	0	2	Legionnaire	Legionnaire	BipedMek	STRIKER	12	8	1	11.00	0.00	0	0	0	0	0	0.79	1.00	1	20	5	1
10	TARGETING	1	3	Thresher Mk II	Thresher Mk II	BipedMek	SKIRMISHER	11	7	2	5.00	9.00	0	0	0	0	0	0.66	1.00	1	28	46	2
PLAYER_ID	ENTITY_ID	CHASSIS	MODEL	FACING	FROM_X	FROM_Y	TO_X	TO_Y	HEXES_MOVED	DISTANCE	MP_USED	MAX_MP	MP_P	HEAT_P	ARMOR_P	INTERNAL_P	JUMPING	PRONE	LEGAL	STEPS	TEAM_ID	CHANCE_OF_FAILURE	IS_BOT
1	3	Thresher Mk II		3	11	7	11	6	1	0	6	12	0.50	0.35	0.66	1.00	0	0	1	TURN_LEFT TURN_LEFT FORWARDS TURN_LEFT TURN_LEFT TURN_LEFT	2	0.00	1
ROUND	PHASE	PLAYER_ID	ENTITY_ID	CHASSIS	MODEL	TYPE	ROLE	X	Y	FACING	MP	HEAT	PRONE	AIRBORNE	OFF_BOARD	CRIPPLED	DESTROYED	ARMOR_P	INTERNAL_P	DONE	MAX_RANGE	TOTAL_DAMAGE	TEAM_ID
10	MOVEMENT	0	1	Vulpes	Vulpes	BipedMek	SKIRMISHER	11	13	5	7.00	0.00	0	0	0	0	0	0.88	1.00	0	30	25	1
10	MOVEMENT	0	2	Legionnaire	Legionnaire	BipedMek	STRIKER	12	8	1	11.00	0.00	0	0	0	0	0	0.79	1.00	0	20	5	1
10	MOVEMENT	1	3	Thresher Mk II	Thresher Mk II	BipedMek	SKIRMISHER	11	6	3	5.00	9.00	0	0	0	0	0	0.66	1.00	1	28	46	2
PLAYER_ID	ENTITY_ID	CHASSIS	MODEL	FACING	FROM_X	FROM_Y	TO_X	TO_Y	HEXES_MOVED	DISTANCE	MP_USED	MAX_MP	MP_P	HEAT_P	ARMOR_P	INTERNAL_P	JUMPING	PRONE	LEGAL	STEPS	TEAM_ID	CHANCE_OF_FAILURE	IS_BOT
0	1	Vulpes	VLP-1D	0	11	13	11	9	4	0	10	13	0.77	0.00	0.88	1.00	0	0	1	TURN_RIGHT FORWARDS FORWARDS FORWARDS FORWARDS	1	0.00	0
ROUND	PHASE	PLAYER_ID	ENTITY_ID	CHASSIS	MODEL	TYPE	ROLE	X	Y	FACING	MP	HEAT	PRONE	AIRBORNE	OFF_BOARD	CRIPPLED	DESTROYED	ARMOR_P	INTERNAL_P	DONE	MAX_RANGE	TOTAL_DAMAGE	TEAM_ID
10	MOVEMENT	0	1	Vulpes	Vulpes	BipedMek	SKIRMISHER	11	9	0	7.00	0.00	0	0	0	0	0	0.88	1.00	1	30	25	1
10	MOVEMENT	0	2	Legionnaire	Legionnaire	BipedMek	STRIKER	12	8	1	11.00	0.00	0	0	0	0	0	0.79	1.00	0	20	5	1
10	MOVEMENT	1	3	Thresher Mk II	Thresher Mk II	BipedMek	SKIRMISHER	11	6	3	5.00	9.00	0	0	0	0	0	0.66	1.00	1	28	46	2
PLAYER_ID	ENTITY_ID	CHASSIS	MODEL	FACING	FROM_X	FROM_Y	TO_X	TO_Y	HEXES_MOVED	DISTANCE	MP_USED	MAX_MP	MP_P	HEAT_P	ARMOR_P	INTERNAL_P	JUMPING	PRONE	LEGAL	STEPS	TEAM_ID	CHANCE_OF_FAILURE	IS_BOT
0	2	Legionnaire	LGN-2D	2	12	8	6	5	6	0	11	14	0.79	0.00	0.79	1.00	0	0	1	TURN_LEFT TURN_LEFT FORWARDS FORWARDS FORWARDS FORWARDS FORWARDS FORWARDS TURN_LEFT TURN_LEFT TURN_LEFT	1	0.00	0
ROUND	PHASE	PLAYER_ID	ENTITY_ID	CHASSIS	MODEL	TYPE	ROLE	X	Y	FACING	MP	HEAT	PRONE	AIRBORNE	OFF_BOARD	CRIPPLED	DESTROYED	ARMOR_P	INTERNAL_P	DONE	MAX_RANGE	TOTAL_DAMAGE	TEAM_ID
10	MOVEMENT	0	1	Vulpes	Vulpes	BipedMek	SKIRMISHER	11	9	0	7.00	0.00	0	0	0	0	0	0.88	1.00	1	30	25	1
10	MOVEMENT	0	2	Legionnaire	Legionnaire	BipedMek	STRIKER	6	5	2	11.00	0.00	0	0	0	0	0	0.79	1.00	1	20	5	1
10	MOVEMENT	1	3	Thresher Mk II	Thresher Mk II	BipedMek	SKIRMISHER	11	6	3	5.00	9.00	0	0	0	0	0	0.66	1.00	1	28	46	2
ROUND	PHASE	PLAYER_ID	ENTITY_ID	CHASSIS	MODEL	TYPE	ROLE	X	Y	FACING	MP	HEAT	PRONE	AIRBORNE	OFF_BOARD	CRIPPLED	DESTROYED	ARMOR_P	INTERNAL_P	DONE	MAX_RANGE	TOTAL_DAMAGE	TEAM_ID
10	OFFBOARD	0	1	Vulpes	Vulpes	BipedMek	SKIRMISHER	11	9	0	7.00	0.00	0	0	0	0	0	0.88	1.00	1	30	25	1
10	OFFBOARD	0	2	Legionnaire	Legionnaire	BipedMek	STRIKER	6	5	2	11.00	0.00	0	0	0	0	0	0.79	1.00	1	20	5	1
10	OFFBOARD	1	3	Thresher Mk II	Thresher Mk II	BipedMek	SKIRMISHER	11	6	3	5.00	9.00	0	0	0	0	0	0.66	1.00	1	28	46	2
ROUND	PLAYER_ID	ENTITY_ID	TYPE	ROLE	X	Y	FACING	TARGET_PLAYER_ID	TARGET_ID	TARGET_TYPE	TARGET_ROLE	TARGET_X	TARGET_Y	TARGET_FACING	AIMING_LOC	AIMING_MODE	WEAPON_ID	AMMO_ID	ATA	ATG	GTG	GTA	TO_HIT	TURNS_TO_HIT	SPOTTER_ID
10	1	3	BipedMek	SKIRMISHER	11	6	3	0	1	BipedMek	SKIRMISHER	11	9	0	-1	NONE	10	-1	0	0	1	0	7.00	0	-1
10	1	3	BipedMek	SKIRMISHER	11	6	3	0	1	BipedMek	SKIRMISHER	11	9	0	-1	NONE	2	3	0	0	1	0	9.00	0	-1
10	1	3	BipedMek	SKIRMISHER	11	6	3	0	1	BipedMek	SKIRMISHER	11	9	0	-1	NONE	14	15	0	0	1	0	9.00	0	-1
ROUND	PLAYER_ID	ENTITY_ID	TYPE	ROLE	X	Y	FACING	TARGET_PLAYER_ID	TARGET_ID	TARGET_TYPE	TARGET_ROLE	TARGET_X	TARGET_Y	TARGET_FACING	AIMING_LOC	AIMING_MODE	WEAPON_ID	AMMO_ID	ATA	ATG	GTG	GTA	TO_HIT	TURNS_TO_HIT	SPOTTER_ID
10	0	1	BipedMek	SKIRMISHER	11	9	0	1	3	BipedMek	SKIRMISHER	11	6	3	-1	NONE	3	-1	0	0	1	0	7.00	0	-1
10	0	1	BipedMek	SKIRMISHER	11	9	0	1	3	BipedMek	SKIRMISHER	11	6	3	-1	NONE	5	-1	0	0	1	0	7.00	0	-1
10	0	1	BipedMek	SKIRMISHER	11	9	0	1	3	BipedMek	SKIRMISHER	11	6	3	-1	NONE	10	6	0	0	1	0	7.00	0	-1
ROUND	PLAYER_ID	ENTITY_ID	TYPE	ROLE	X	Y	FACING	TARGET_PLAYER_ID	TARGET_ID	TARGET_TYPE	TARGET_ROLE	TARGET_X	TARGET_Y	TARGET_FACING	AIMING_LOC	AIMING_MODE	WEAPON_ID	AMMO_ID	ATA	ATG	GTG	GTA	TO_HIT	TURNS_TO_HIT	SPOTTER_ID
10	0	2	BipedMek	STRIKER	6	5	2	1	3	BipedMek	SKIRMISHER	11	6	3	-1	NONE	3	5	0	0	1	0	7.00	0	-1
ROUND	PHASE	PLAYER_ID	ENTITY_ID	CHASSIS	MODEL	TYPE	ROLE	X	Y	FACING	MP	HEAT	PRONE	AIRBORNE	OFF_BOARD	CRIPPLED	DESTROYED	ARMOR_P	INTERNAL_P	DONE	MAX_RANGE	TOTAL_DAMAGE	TEAM_ID
10	FIRING	0	1	Vulpes	Vulpes	BipedMek	SKIRMISHER	11	9	0	7.00	0.00	0	0	0	0	0	0.80	0.97	1	0	25	1
10	FIRING	0	2	Legionnaire	Legionnaire	BipedMek	STRIKER	6	5	2	11.00	0.00	0	0	0	0	0	0.79	1.00	1	0	5	1
10	FIRING	1	3	Thresher Mk II	Thresher Mk II	BipedMek	SKIRMISHER	11	6	3	5.00	9.00	0	0	0	0	0	0.51	0.93	1	28	46	2
ROUND	PHASE	PLAYER_ID	ENTITY_ID	CHASSIS	MODEL	TYPE	ROLE	X	Y	FACING	MP	HEAT	PRONE	AIRBORNE	OFF_BOARD	CRIPPLED	DESTROYED	ARMOR_P	INTERNAL_P	DONE	MAX_RANGE	TOTAL_DAMAGE	TEAM_ID
11	TARGETING	0	1	Vulpes	Vulpes	BipedMek	SKIRMISHER	11	9	0	10.00	7.00	0	0	0	0	0	0.80	0.97	1	30	20	1
11	TARGETING	0	2	Legionnaire	Legionnaire	BipedMek	STRIKER	6	5	2	11.00	0.00	0	0	0	0	0	0.79	1.00	1	20	5	1
11	TARGETING	1	3	Thresher Mk II	Thresher Mk II	BipedMek	SKIRMISHER	11	6	3	6.00	3.00	0	0	0	0	0	0.51	0.93	1	28	42	2
PLAYER_ID	ENTITY_ID	CHASSIS	MODEL	FACING	FROM_X	FROM_Y	TO_X	TO_Y	HEXES_MOVED	DISTANCE	MP_USED	MAX_MP	MP_P	HEAT_P	ARMOR_P	INTERNAL_P	JUMPING	PRONE	LEGAL	STEPS	TEAM_ID	CHANCE_OF_FAILURE	IS_BOT
1	3	Thresher Mk II		0	11	6	11	11	5	0	5	5	1.00	0.12	0.51	0.93	1	0	1	START_JUMP FORWARDS FORWARDS FORWARDS FORWARDS FORWARDS TURN_LEFT TURN_LEFT TURN_LEFT	2	0.00	1
ROUND	PHASE	PLAYER_ID	ENTITY_ID	CHASSIS	MODEL	TYPE	ROLE	X	Y	FACING	MP	HEAT	PRONE	AIRBORNE	OFF_BOARD	CRIPPLED	DESTROYED	ARMOR_P	INTERNAL_P	DONE	MAX_RANGE	TOTAL_DAMAGE	TEAM_ID
11	MOVEMENT	0	1	Vulpes	Vulpes	BipedMek	SKIRMISHER	11	9	0	10.00	7.00	0	0	0	0	0	0.80	0.97	0	30	20	1
11	MOVEMENT	0	2	Legionnaire	Legionnaire	BipedMek	STRIKER	6	5	2	11.00	0.00	0	0	0	0	0	0.79	1.00	0	20	5	1
11	MOVEMENT	1	3	Thresher Mk II	Thresher Mk II	BipedMek	SKIRMISHER	11	11	0	6.00	3.00	0	0	0	0	0	0.51	0.93	1	28	42	2
PLAYER_ID	ENTITY_ID	CHASSIS	MODEL	FACING	FROM_X	FROM_Y	TO_X	TO_Y	HEXES_MOVED	DISTANCE	MP_USED	MAX_MP	MP_P	HEAT_P	ARMOR_P	INTERNAL_P	JUMPING	PRONE	LEGAL	STEPS	TEAM_ID	CHANCE_OF_FAILURE	IS_BOT
0	1	Vulpes	VLP-1D	3	11	9	13	10	2	0	5	10	0.50	0.25	0.80	0.97	0	0	1	TURN_RIGHT TURN_RIGHT FORWARDS FORWARDS TURN_RIGHT	1	0.00	0
ROUND	PHASE	PLAYER_ID	ENTITY_ID	CHASSIS	MODEL	TYPE	ROLE	X	Y	FACING	MP	HEAT	PRONE	AIRBORNE	OFF_BOARD	CRIPPLED	DESTROYED	ARMOR_P	INTERNAL_P	DONE	MAX_RANGE	TOTAL_DAMAGE	TEAM_ID
11	MOVEMENT	0	1	Vulpes	Vulpes	BipedMek	SKIRMISHER	13	10	3	10.00	7.00	0	0	0	0	0	0.80	0.97	1	30	20	1
11	MOVEMENT	0	2	Legionnaire	Legionnaire	BipedMek	STRIKER	6	5	2	11.00	0.00	0	0	0	0	0	0.79	1.00	0	20	5	1
11	MOVEMENT	1	3	Thresher Mk II	Thresher Mk II	BipedMek	SKIRMISHER	11	11	0	6.00	3.00	0	0	0	0	0	0.51	0.93	1	28	42	2
PLAYER_ID	ENTITY_ID	CHASSIS	MODEL	FACING	FROM_X	FROM_Y	TO_X	TO_Y	HEXES_MOVED	DISTANCE	MP_USED	MAX_MP	MP_P	HEAT_P	ARMOR_P	INTERNAL_P	JUMPING	PRONE	LEGAL	STEPS	TEAM_ID	CHANCE_OF_FAILURE	IS_BOT
0	2	Legionnaire	LGN-2D	2	6	5	4	11	7	0	11	14	0.79	0.00	0.79	1.00	0	0	1	TURN_RIGHT FORWARDS TURN_RIGHT FORWARDS FORWARDS TURN_LEFT FORWARDS FORWARDS FORWARDS FORWARDS TURN_LEFT	1	0.00	0
ROUND	PHASE	PLAYER_ID	ENTITY_ID	CHASSIS	MODEL	TYPE	ROLE	X	Y	FACING	MP	HEAT	PRONE	AIRBORNE	OFF_BOARD	CRIPPLED	DESTROYED	ARMOR_P	INTERNAL_P	DONE	MAX_RANGE	TOTAL_DAMAGE	TEAM_ID
11	MOVEMENT	0	1	Vulpes	Vulpes	BipedMek	SKIRMISHER	13	10	3	10.00	7.00	0	0	0	0	0	0.80	0.97	1	30	20	1
11	MOVEMENT	0	2	Legionnaire	Legionnaire	BipedMek	STRIKER	4	11	2	11.00	0.00	0	0	0	0	0	0.79	1.00	1	20	5	1
11	MOVEMENT	1	3	Thresher Mk II	Thresher Mk II	BipedMek	SKIRMISHER	11	11	0	6.00	3.00	0	0	0	0	0	0.51	0.93	1	28	42	2
ROUND	PHASE	PLAYER_ID	ENTITY_ID	CHASSIS	MODEL	TYPE	ROLE	X	Y	FACING	MP	HEAT	PRONE	AIRBORNE	OFF_BOARD	CRIPPLED	DESTROYED	ARMOR_P	INTERNAL_P	DONE	MAX_RANGE	TOTAL_DAMAGE	TEAM_ID
11	OFFBOARD	0	1	Vulpes	Vulpes	BipedMek	SKIRMISHER	13	10	3	10.00	7.00	0	0	0	0	0	0.80	0.97	1	30	20	1
11	OFFBOARD	0	2	Legionnaire	Legionnaire	BipedMek	STRIKER	4	11	2	11.00	0.00	0	0	0	0	0	0.79	1.00	1	20	5	1
11	OFFBOARD	1	3	Thresher Mk II	Thresher Mk II	BipedMek	SKIRMISHER	11	11	0	6.00	3.00	0	0	0	0	0	0.51	0.93	1	28	42	2
ROUND	PLAYER_ID	ENTITY_ID	TYPE	ROLE	X	Y	FACING	TARGET_PLAYER_ID	TARGET_ID	TARGET_TYPE	TARGET_ROLE	TARGET_X	TARGET_Y	TARGET_FACING	AIMING_LOC	AIMING_MODE	WEAPON_ID	AMMO_ID	ATA	ATG	GTG	GTA	TO_HIT	TURNS_TO_HIT	SPOTTER_ID
11	1	3	BipedMek	SKIRMISHER	11	11	0	0	1	BipedMek	SKIRMISHER	13	10	3	-1	NONE	1	-1	0	0	1	0	9.00	0	-1
11	1	3	BipedMek	SKIRMISHER	11	11	0	0	1	BipedMek	SKIRMISHER	13	10	3	-1	NONE	10	-1	0	0	1	0	7.00	0	-1
11	0	1	BipedMek	SKIRMISHER	13	10	3	1	3	BipedMek	SKIRMISHER	11	11	0	-1	NONE	5	-1	0	0	1	0	12.00	0	-1
ROUND	PHASE	PLAYER_ID	ENTITY_ID	CHASSIS	MODEL	TYPE	ROLE	X	Y	FACING	MP	HEAT	PRONE	AIRBORNE	OFF_BOARD	CRIPPLED	DESTROYED	ARMOR_P	INTERNAL_P	DONE	MAX_RANGE	TOTAL_DAMAGE	TEAM_ID
11	FIRING	0	1	Vulpes	Vulpes	BipedMek	SKIRMISHER	13	10	3	10.00	7.00	0	0	0	0	0	0.72	0.97	1	30	20	1
11	FIRING	0	2	Legionnaire	Legionnaire	BipedMek	STRIKER	4	11	2	11.00	0.00	0	0	0	0	0	0.79	1.00	1	20	5	1
11	FIRING	1	3	Thresher Mk II	Thresher Mk II	BipedMek	SKIRMISHER	11	11	0	6.00	3.00	0	0	0	0	0	0.51	0.93	1	28	42	2
ROUND	PHASE	PLAYER_ID	ENTITY_ID	CHASSIS	MODEL	TYPE	ROLE	X	Y	FACING	MP	HEAT	PRONE	AIRBORNE	OFF_BOARD	CRIPPLED	DESTROYED	ARMOR_P	INTERNAL_P	DONE	MAX_RANGE	TOTAL_DAMAGE	TEAM_ID
12	TARGETING	0	1	Vulpes	Vulpes	BipedMek	SKIRMISHER	13	10	3	5.00	0.00	0	0	0	0	0	0.72	0.97	1	30	20	1
12	TARGETING	0	2	Legionnaire	Legionnaire	BipedMek	STRIKER	4	11	2	11.00	0.00	0	0	0	0	0	0.79	1.00	1	20	5	1
12	TARGETING	1	3	Thresher Mk II	Thresher Mk II	BipedMek	SKIRMISHER	11	11	0	5.00	7.00	0	0	0	0	0	0.51	0.93	1	28	42	2
PLAYER_ID	ENTITY_ID	CHASSIS	MODEL	FACING	FROM_X	FROM_Y	TO_X	TO_Y	HEXES_MOVED	DISTANCE	MP_USED	MAX_MP	MP_P	HEAT_P	ARMOR_P	INTERNAL_P	JUMPING	PRONE	LEGAL	STEPS	TEAM_ID	CHANCE_OF_FAILURE	IS_BOT
0	1	Vulpes	VLP-1D	4	13	11	13	14	4	0	8	13	0.62	0.00	0.72	0.97	0	0	1	FORWARDS FORWARDS FORWARDS FORWARDS TURN_RIGHT	1	0.00	0
ROUND	PHASE	PLAYER_ID	ENTITY_ID	CHASSIS	MODEL	TYPE	ROLE	X	Y	FACING	MP	HEAT	PRONE	AIRBORNE	OFF_BOARD	CRIPPLED	DESTROYED	ARMOR_P	INTERNAL_P	DONE	MAX_RANGE	TOTAL_DAMAGE	TEAM_ID
12	MOVEMENT	0	1	Vulpes	Vulpes	BipedMek	SKIRMISHER	13	14	4	5.00	0.00	0	0	0	0	0	0.72	0.97	1	30	20	1
12	MOVEMENT	0	2	Legionnaire	Legionnaire	BipedMek	STRIKER	4	11	2	11.00	0.00	0	0	0	0	0	0.79	1.00	0	20	5	1
12	MOVEMENT	1	3	Thresher Mk II	Thresher Mk II	BipedMek	SKIRMISHER	11	11	0	5.00	7.00	0	0	0	0	0	0.51	0.93	0	28	42	2
PLAYER_ID	ENTITY_ID	CHASSIS	MODEL	FACING	FROM_X	FROM_Y	TO_X	TO_Y	HEXES_MOVED	DISTANCE	MP_USED	MAX_MP	MP_P	HEAT_P	ARMOR_P	INTERNAL_P	JUMPING	PRONE	LEGAL	STEPS	TEAM_ID	CHANCE_OF_FAILURE	IS_BOT
0	2	Legionnaire	LGN-2D	1	4	11	11	13	7	0	11	14	0.79	0.00	0.79	1.00	0	0	1	TURN_LEFT FORWARDS TURN_RIGHT FORWARDS FORWARDS FORWARDS FORWARDS FORWARDS FORWARDS TURN_LEFT	1	0.00	0
ROUND	PHASE	PLAYER_ID	ENTITY_ID	CHASSIS	MODEL	TYPE	ROLE	X	Y	FACING	MP	HEAT	PRONE	AIRBORNE	OFF_BOARD	CRIPPLED	DESTROYED	ARMOR_P	INTERNAL_P	DONE	MAX_RANGE	TOTAL_DAMAGE	TEAM_ID
12	MOVEMENT	0	1	Vulpes	Vulpes	BipedMek	SKIRMISHER	13	14	4	5.00	0.00	0	0	0	0	0	0.72	0.97	1	30	20	1
12	MOVEMENT	0	2	Legionnaire	Legionnaire	BipedMek	STRIKER	11	13	1	11.00	0.00	0	0	0	0	0	0.79	1.00	1	20	5	1
12	MOVEMENT	1	3	Thresher Mk II	Thresher Mk II	BipedMek	SKIRMISHER	11	11	0	5.00	7.00	0	0	0	0	0	0.51	0.93	0	28	42	2
PLAYER_ID	ENTITY_ID	CHASSIS	MODEL	FACING	FROM_X	FROM_Y	TO_X	TO_Y	HEXES_MOVED	DISTANCE	MP_USED	MAX_MP	MP_P	HEAT_P	ARMOR_P	INTERNAL_P	JUMPING	PRONE	LEGAL	STEPS	TEAM_ID	CHANCE_OF_FAILURE	IS_BOT
1	3	Thresher Mk II		3	11	11	6	13	5	0	5	5	1.00	0.27	0.51	0.93	1	0	1	START_JUMP TURN_LEFT TURN_LEFT FORWARDS FORWARDS FORWARDS FORWARDS TURN_RIGHT FORWARDS TURN_LEFT TURN_LEFT	2	0.00	1
ROUND	PHASE	PLAYER_ID	ENTITY_ID	CHASSIS	MODEL	TYPE	ROLE	X	Y	FACING	MP	HEAT	PRONE	AIRBORNE	OFF_BOARD	CRIPPLED	DESTROYED	ARMOR_P	INTERNAL_P	DONE	MAX_RANGE	TOTAL_DAMAGE	TEAM_ID
12	MOVEMENT	0	1	Vulpes	Vulpes	BipedMek	SKIRMISHER	13	14	4	5.00	0.00	0	0	0	0	0	0.72	0.97	1	30	20	1
12	MOVEMENT	0	2	Legionnaire	Legionnaire	BipedMek	STRIKER	11	13	1	11.00	0.00	0	0	0	0	0	0.79	1.00	1	20	5	1
12	MOVEMENT	1	3	Thresher Mk II	Thresher Mk II	BipedMek	SKIRMISHER	6	13	3	5.00	7.00	0	0	0	0	0	0.51	0.93	1	28	42	2
ROUND	PHASE	PLAYER_ID	ENTITY_ID	CHASSIS	MODEL	TYPE	ROLE	X	Y	FACING	MP	HEAT	PRONE	AIRBORNE	OFF_BOARD	CRIPPLED	DESTROYED	ARMOR_P	INTERNAL_P	DONE	MAX_RANGE	TOTAL_DAMAGE	TEAM_ID
12	OFFBOARD	0	1	Vulpes	Vulpes	BipedMek	SKIRMISHER	13	14	4	5.00	0.00	0	0	0	0	0	0.72	0.97	1	30	20	1
12	OFFBOARD	0	2	Legionnaire	Legionnaire	BipedMek	STRIKER	11	13	1	11.00	0.00	0	0	0	0	0	0.79	1.00	1	20	5	1
12	OFFBOARD	1	3	Thresher Mk II	Thresher Mk II	BipedMek	SKIRMISHER	6	13	3	5.00	7.00	0	0	0	0	0	0.51	0.93	1	28	42	2
12	1	3	BipedMek	SKIRMISHER	6	13	3	0	2	BipedMek	STRIKER	11	13	1	-1	NONE	10	-1	0	0	1	0	2147483647.00	0	-1
12	1	3	BipedMek	SKIRMISHER	6	13	3	0	2	BipedMek	STRIKER	11	13	1	-1	NONE	14	15	0	0	1	0	2147483647.00	0	-1
ROUND	PHASE	PLAYER_ID	ENTITY_ID	CHASSIS	MODEL	TYPE	ROLE	X	Y	FACING	MP	HEAT	PRONE	AIRBORNE	OFF_BOARD	CRIPPLED	DESTROYED	ARMOR_P	INTERNAL_P	DONE	MAX_RANGE	TOTAL_DAMAGE	TEAM_ID
12	FIRING	0	1	Vulpes	Vulpes	BipedMek	SKIRMISHER	13	14	4	5.00	0.00	0	0	0	0	0	0.72	0.97	1	30	20	1
12	FIRING	0	2	Legionnaire	Legionnaire	BipedMek	STRIKER	11	13	1	11.00	0.00	0	0	0	0	0	0.72	1.00	1	20	5	1
12	FIRING	1	3	Thresher Mk II	Thresher Mk II	BipedMek	SKIRMISHER	6	13	3	5.00	7.00	0	0	0	0	0	0.51	0.93	1	28	42	2
ROUND	PHASE	PLAYER_ID	ENTITY_ID	CHASSIS	MODEL	TYPE	ROLE	X	Y	FACING	MP	HEAT	PRONE	AIRBORNE	OFF_BOARD	CRIPPLED	DESTROYED	ARMOR_P	INTERNAL_P	DONE	MAX_RANGE	TOTAL_DAMAGE	TEAM_ID
13	TARGETING	0	1	Vulpes	Vulpes	BipedMek	SKIRMISHER	13	14	4	8.00	0.00	0	0	0	0	0	0.72	0.97	1	30	20	1
13	TARGETING	0	2	Legionnaire	Legionnaire	BipedMek	STRIKER	11	13	1	11.00	0.00	0	0	0	0	0	0.72	1.00	1	20	5	1
13	TARGETING	1	3	Thresher Mk II	Thresher Mk II	BipedMek	SKIRMISHER	6	13	3	5.00	1.00	0	0	0	0	0	0.51	0.93	1	28	42	2
PLAYER_ID	ENTITY_ID	CHASSIS	MODEL	FACING	FROM_X	FROM_Y	TO_X	TO_Y	HEXES_MOVED	DISTANCE	MP_USED	MAX_MP	MP_P	HEAT_P	ARMOR_P	INTERNAL_P	JUMPING	PRONE	LEGAL	STEPS	TEAM_ID	CHANCE_OF_FAILURE	IS_BOT
1	3	Thresher Mk II		2	6	12	4	10	4	0	5	5	1.00	0.04	0.51	0.93	0	0	1	BACKWARDS BACKWARDS TURN_LEFT BACKWARDS BACKWARDS	2	0.00	1
ROUND	PHASE	PLAYER_ID	ENTITY_ID	CHASSIS	MODEL	TYPE	ROLE	X	Y	FACING	MP	HEAT	PRONE	AIRBORNE	OFF_BOARD	CRIPPLED	DESTROYED	ARMOR_P	INTERNAL_P	DONE	MAX_RANGE	TOTAL_DAMAGE	TEAM_ID
13	MOVEMENT	0	1	Vulpes	Vulpes	BipedMek	SKIRMISHER	13	14	4	8.00	0.00	0	0	0	0	0	0.72	0.97	0	30	20	1
13	MOVEMENT	0	2	Legionnaire	Legionnaire	BipedMek	STRIKER	11	13	1	11.00	0.00	0	0	0	0	0	0.72	1.00	0	20	5	1
13	MOVEMENT	1	3	Thresher Mk II	Thresher Mk II	BipedMek	SKIRMISHER	4	10	2	5.00	1.00	0	0	0	0	0	0.51	0.93	1	28	42	2
PLAYER_ID	ENTITY_ID	CHASSIS	MODEL	FACING	FROM_X	FROM_Y	TO_X	TO_Y	HEXES_MOVED	DISTANCE	MP_USED	MAX_MP	MP_P	HEAT_P	ARMOR_P	INTERNAL_P	JUMPING	PRONE	LEGAL	STEPS	TEAM_ID	CHANCE_OF_FAILURE	IS_BOT
0	1	Vulpes	VLP-1D	5	13	14	7	11	6	0	8	13	0.62	0.00	0.72	0.97	0	0	1	TURN_RIGHT FORWARDS FORWARDS FORWARDS FORWARDS FORWARDS FORWARDS	1	0.00	0
ROUND	PHASE	PLAYER_ID	ENTITY_ID	CHASSIS	MODEL	TYPE	ROLE	X	Y	FACING	MP	HEAT	PRONE	AIRBORNE	OFF_BOARD	CRIPPLED	DESTROYED	ARMOR_P	INTERNAL_P	DONE	MAX_RANGE	TOTAL_DAMAGE	TEAM_ID
13	MOVEMENT	0	1	Vulpes	Vulpes	BipedMek	SKIRMISHER	7	11	5	8.00	0.00	0	0	0	0	0	0.72	0.97	1	30	20	1
13	MOVEMENT	0	2	Legionnaire	Legionnaire	BipedMek	STRIKER	11	13	1	11.00	0.00	0	0	0	0	0	0.72	1.00	0	20	5	1
13	MOVEMENT	1	3	Thresher Mk II	Thresher Mk II	BipedMek	SKIRMISHER	4	10	2	5.00	1.00	0	0	0	0	0	0.51	0.93	1	28	42	2
PLAYER_ID	ENTITY_ID	CHASSIS	MODEL	FACING	FROM_X	FROM_Y	TO_X	TO_Y	HEXES_MOVED	DISTANCE	MP_USED	MAX_MP	MP_P	HEAT_P	ARMOR_P	INTERNAL_P	JUMPING	PRONE	LEGAL	STEPS	TEAM_ID	CHANCE_OF_FAILURE	IS_BOT
0	2	Legionnaire	LGN-2D	5	11	13	5	12	6	0	11	14	0.79	0.00	0.72	1.00	0	0	1	TURN_LEFT TURN_LEFT FORWARDS FORWARDS FORWARDS FORWARDS TURN_LEFT FORWARDS FORWARDS TURN_RIGHT	1	0.00	0
ROUND	PHASE	PLAYER_ID	ENTITY_ID	CHASSIS	MODEL	TYPE	ROLE	X	Y	FACING	MP	HEAT	PRONE	AIRBORNE	OFF_BOARD	CRIPPLED	DESTROYED	ARMOR_P	INTERNAL_P	DONE	MAX_RANGE	TOTAL_DAMAGE	TEAM_ID
13	MOVEMENT	0	1	Vulpes	Vulpes	BipedMek	SKIRMISHER	7	11	5	8.00	0.00	0	0	0	0	0	0.72	0.97	1	30	20	1
13	MOVEMENT	0	2	Legionnaire	Legionnaire	BipedMek	STRIKER	5	12	5	11.00	0.00	0	0	0	0	0	0.72	1.00	1	20	5	1
13	MOVEMENT	1	3	Thresher Mk II	Thresher Mk II	BipedMek	SKIRMISHER	4	10	2	5.00	1.00	0	0	0	0	0	0.51	0.93	1	28	42	2
ROUND	PHASE	PLAYER_ID	ENTITY_ID	CHASSIS	MODEL	TYPE	ROLE	X	Y	FACING	MP	HEAT	PRONE	AIRBORNE	OFF_BOARD	CRIPPLED	DESTROYED	ARMOR_P	INTERNAL_P	DONE	MAX_RANGE	TOTAL_DAMAGE	TEAM_ID
13	OFFBOARD	0	1	Vulpes	Vulpes	BipedMek	SKIRMISHER	7	11	5	8.00	0.00	0	0	0	0	0	0.72	0.97	1	30	20	1
13	OFFBOARD	0	2	Legionnaire	Legionnaire	BipedMek	STRIKER	5	12	5	11.00	0.00	0	0	0	0	0	0.72	1.00	1	20	5	1
13	OFFBOARD	1	3	Thresher Mk II	Thresher Mk II	BipedMek	SKIRMISHER	4	10	2	5.00	1.00	0	0	0	0	0	0.51	0.93	1	28	42	2
ROUND	PLAYER_ID	ENTITY_ID	TYPE	ROLE	X	Y	FACING	TARGET_PLAYER_ID	TARGET_ID	TARGET_TYPE	TARGET_ROLE	TARGET_X	TARGET_Y	TARGET_FACING	AIMING_LOC	AIMING_MODE	WEAPON_ID	AMMO_ID	ATA	ATG	GTG	GTA	TO_HIT	TURNS_TO_HIT	SPOTTER_ID
13	1	3	BipedMek	SKIRMISHER	4	10	2	0	1	BipedMek	SKIRMISHER	7	11	5	-1	NONE	1	-1	0	0	1	0	7.00	0	-1
13	1	3	BipedMek	SKIRMISHER	4	10	2	0	1	BipedMek	SKIRMISHER	7	11	5	-1	NONE	10	-1	0	0	1	0	5.00	0	-1
13	1	3	BipedMek	SKIRMISHER	4	10	2	0	1	BipedMek	SKIRMISHER	7	11	5	-1	NONE	14	15	0	0	1	0	7.00	0	-1
ROUND	PLAYER_ID	ENTITY_ID	TYPE	ROLE	X	Y	FACING	TARGET_PLAYER_ID	TARGET_ID	TARGET_TYPE	TARGET_ROLE	TARGET_X	TARGET_Y	TARGET_FACING	AIMING_LOC	AIMING_MODE	WEAPON_ID	AMMO_ID	ATA	ATG	GTG	GTA	TO_HIT	TURNS_TO_HIT	SPOTTER_ID
13	0	1	BipedMek	SKIRMISHER	7	11	5	1	3	BipedMek	SKIRMISHER	4	10	2	-1	NONE	3	-1	0	0	1	0	7.00	0	-1
13	0	1	BipedMek	SKIRMISHER	7	11	5	1	3	BipedMek	SKIRMISHER	4	10	2	-1	NONE	5	-1	0	0	1	0	7.00	0	-1
ROUND	PLAYER_ID	ENTITY_ID	TYPE	ROLE	X	Y	FACING	TARGET_PLAYER_ID	TARGET_ID	TARGET_TYPE	TARGET_ROLE	TARGET_X	TARGET_Y	TARGET_FACING	AIMING_LOC	AIMING_MODE	WEAPON_ID	AMMO_ID	ATA	ATG	GTG	GTA	TO_HIT	TURNS_TO_HIT	SPOTTER_ID
13	0	2	BipedMek	STRIKER	5	12	5	1	3	BipedMek	SKIRMISHER	4	10	2	-1	NONE	3	5	0	0	1	0	6.00	0	-1
ROUND	PHASE	PLAYER_ID	ENTITY_ID	CHASSIS	MODEL	TYPE	ROLE	X	Y	FACING	MP	HEAT	PRONE	AIRBORNE	OFF_BOARD	CRIPPLED	DESTROYED	ARMOR_P	INTERNAL_P	DONE	MAX_RANGE	TOTAL_DAMAGE	TEAM_ID
13	FIRING	0	1	Vulpes	Vulpes	BipedMek	SKIRMISHER	7	11	5	8.00	0.00	0	0	0	1	0	0.61	0.73	1	0	10	1
13	FIRING	0	2	Legionnaire	Legionnaire	BipedMek	STRIKER	5	12	5	11.00	0.00	0	0	0	0	0	0.72	1.00	1	0	5	1
13	FIRING	1	3	Thresher Mk II	Thresher Mk II	BipedMek	SKIRMISHER	4	10	2	5.00	1.00	0	0	0	0	0	0.51	0.93	1	4	42	2
ROUND	PHASE	PLAYER_ID	ENTITY_ID	CHASSIS	MODEL	TYPE	ROLE	X	Y	FACING	MP	HEAT	PRONE	AIRBORNE	OFF_BOARD	CRIPPLED	DESTROYED	ARMOR_P	INTERNAL_P	DONE	MAX_RANGE	TOTAL_DAMAGE	TEAM_ID
14	TARGETING	0	2	Legionnaire	Legionnaire	BipedMek	STRIKER	5	12	5	11.00	0.00	0	0	0	1	0	0.72	1.00	1	0	0	1
14	TARGETING	1	3	Thresher Mk II	Thresher Mk II	BipedMek	SKIRMISHER	4	10	2	5.00	6.00	0	0	0	0	0	0.51	0.93	1	28	42	2
PLAYER_ID	ENTITY_ID	CHASSIS	MODEL	FACING	FROM_X	FROM_Y	TO_X	TO_Y	HEXES_MOVED	DISTANCE	MP_USED	MAX_MP	MP_P	HEAT_P	ARMOR_P	INTERNAL_P	JUMPING	PRONE	LEGAL	STEPS	TEAM_ID	CHANCE_OF_FAILURE	IS_BOT
0	2	Legionnaire	LGN-2D	4	5	12	5	8	4	0	7	14	0.50	0.00	0.72	1.00	0	0	1	TURN_RIGHT FORWARDS FORWARDS FORWARDS FORWARDS TURN_LEFT TURN_LEFT UNJAM_RAC	1	0.00	0
ROUND	PHASE	PLAYER_ID	ENTITY_ID	CHASSIS	MODEL	TYPE	ROLE	X	Y	FACING	MP	HEAT	PRONE	AIRBORNE	OFF_BOARD	CRIPPLED	DESTROYED	ARMOR_P	INTERNAL_P	DONE	MAX_RANGE	TOTAL_DAMAGE	TEAM_ID
14	MOVEMENT	0	2	Legionnaire	Legionnaire	BipedMek	STRIKER	5	8	4	11.00	0.00	0	0	0	1	0	0.72	1.00	1	0	0	1
14	MOVEMENT	1	3	Thresher Mk II	Thresher Mk II	BipedMek	SKIRMISHER	4	10	2	5.00	6.00	0	0	0	0	0	0.51	0.93	0	28	42	2
PLAYER_ID	ENTITY_ID	CHASSIS	MODEL	FACING	FROM_X	FROM_Y	TO_X	TO_Y	HEXES_MOVED	DISTANCE	MP_USED	MAX_MP	MP_P	HEAT_P	ARMOR_P	INTERNAL_P	JUMPING	PRONE	LEGAL	STEPS	TEAM_ID	CHANCE_OF_FAILURE	IS_BOT
1	3	Thresher Mk II		1	4	10	4	10	0	0	1	12	0.08	0.23	0.51	0.93	0	0	1	TURN_LEFT	2	0.00	1
ROUND	PHASE	PLAYER_ID	ENTITY_ID	CHASSIS	MODEL	TYPE	ROLE	X	Y	FACING	MP	HEAT	PRONE	AIRBORNE	OFF_BOARD	CRIPPLED	DESTROYED	ARMOR_P	INTERNAL_P	DONE	MAX_RANGE	TOTAL_DAMAGE	TEAM_ID
14	MOVEMENT	0	2	Legionnaire	Legionnaire	BipedMek	STRIKER	5	8	4	11.00	0.00	0	0	0	1	0	0.72	1.00	1	0	0	1
14	MOVEMENT	1	3	Thresher Mk II	Thresher Mk II	BipedMek	SKIRMISHER	4	10	1	5.00	6.00	0	0	0	0	0	0.51	0.93	1	28	42	2
ROUND	PHASE	PLAYER_ID	ENTITY_ID	CHASSIS	MODEL	TYPE	ROLE	X	Y	FACING	MP	HEAT	PRONE	AIRBORNE	OFF_BOARD	CRIPPLED	DESTROYED	ARMOR_P	INTERNAL_P	DONE	MAX_RANGE	TOTAL_DAMAGE	TEAM_ID
14	OFFBOARD	0	2	Legionnaire	Legionnaire	BipedMek	STRIKER	5	8	4	11.00	0.00	0	0	0	1	0	0.72	1.00	1	0	0	1
14	OFFBOARD	1	3	Thresher Mk II	Thresher Mk II	BipedMek	SKIRMISHER	4	10	1	5.00	6.00	0	0	0	0	0	0.51	0.93	1	28	42	2
ROUND	PHASE	PLAYER_ID	ENTITY_ID	CHASSIS	MODEL	TYPE	ROLE	X	Y	FACING	MP	HEAT	PRONE	AIRBORNE	OFF_BOARD	CRIPPLED	DESTROYED	ARMOR_P	INTERNAL_P	DONE	MAX_RANGE	TOTAL_DAMAGE	TEAM_ID
14	FIRING	0	2	Legionnaire	Legionnaire	BipedMek	STRIKER	5	8	4	11.00	0.00	0	0	0	0	0	0.72	1.00	1	20	5	1
14	FIRING	1	3	Thresher Mk II	Thresher Mk II	BipedMek	SKIRMISHER	4	10	1	5.00	6.00	0	0	0	0	0	0.51	0.93	1	28	42	2
ROUND	PHASE	PLAYER_ID	ENTITY_ID	CHASSIS	MODEL	TYPE	ROLE	X	Y	FACING	MP	HEAT	PRONE	AIRBORNE	OFF_BOARD	CRIPPLED	DESTROYED	ARMOR_P	INTERNAL_P	DONE	MAX_RANGE	TOTAL_DAMAGE	TEAM_ID
15	TARGETING	0	2	Legionnaire	Legionnaire	BipedMek	STRIKER	5	8	4	7.00	0.00	0	0	0	0	0	0.72	1.00	1	20	5	1
15	TARGETING	1	3	Thresher Mk II	Thresher Mk II	BipedMek	SKIRMISHER	4	10	1	1.00	0.00	0	0	0	0	0	0.51	0.93	1	28	42	2
PLAYER_ID	ENTITY_ID	CHASSIS	MODEL	FACING	FROM_X	FROM_Y	TO_X	TO_Y	HEXES_MOVED	DISTANCE	MP_USED	MAX_MP	MP_P	HEAT_P	ARMOR_P	INTERNAL_P	JUMPING	PRONE	LEGAL	STEPS	TEAM_ID	CHANCE_OF_FAILURE	IS_BOT
1	3	Thresher Mk II		3	4	10	4	10	9	0	15	15	1.00	0.00	0.43	0.93	0	0	1	CLIMB_MODE_ON FORWARDS TURN_LEFT TURN_LEFT FORWARDS TURN_RIGHT FORWARDS FORWARDS FORWARDS TURN_RIGHT TURN_RIGHT TURN_RIGHT FORWARDS FORWARDS FORWARDS FORWARDS	2	0.00	1
ROUND	PHASE	PLAYER_ID	ENTITY_ID	CHASSIS	MODEL	TYPE	ROLE	X	Y	FACING	MP	HEAT	PRONE	AIRBORNE	OFF_BOARD	CRIPPLED	DESTROYED	ARMOR_P	INTERNAL_P	DONE	MAX_RANGE	TOTAL_DAMAGE	TEAM_ID
15	MOVEMENT	0	2	Legionnaire	Legionnaire	BipedMek	STRIKER	5	8	4	7.00	0.00	0	0	0	0	0	0.72	1.00	0	20	5	1
15	MOVEMENT	1	3	Thresher Mk II	Thresher Mk II	BipedMek	SKIRMISHER	4	10	2	1.00	0.00	1	0	0	0	0	0.43	0.93	1	28	42	2
PLAYER_ID	ENTITY_ID	CHASSIS	MODEL	FACING	FROM_X	FROM_Y	TO_X	TO_Y	HEXES_MOVED	DISTANCE	MP_USED	MAX_MP	MP_P	HEAT_P	ARMOR_P	INTERNAL_P	JUMPING	PRONE	LEGAL	STEPS	TEAM_ID	CHANCE_OF_FAILURE	IS_BOT
0	2	Legionnaire	LGN-2D	3	5	8	4	9	4	0	9	14	0.64	0.00	0.72	1.00	0	0	1	TURN_RIGHT FORWARDS TURN_RIGHT FORWARDS TURN_RIGHT TURN_RIGHT TURN_RIGHT FORWARDS FORWARDS	1	0.00	0
ROUND	PHASE	PLAYER_ID	ENTITY_ID	CHASSIS	MODEL	TYPE	ROLE	X	Y	FACING	MP	HEAT	PRONE	AIRBORNE	OFF_BOARD	CRIPPLED	DESTROYED	ARMOR_P	INTERNAL_P	DONE	MAX_RANGE	TOTAL_DAMAGE	TEAM_ID
15	MOVEMENT	0	2	Legionnaire	Legionnaire	BipedMek	STRIKER	4	9	3	7.00	0.00	0	0	0	0	0	0.72	1.00	1	20	5	1
15	MOVEMENT	1	3	Thresher Mk II	Thresher Mk II	BipedMek	SKIRMISHER	4	10	2	1.00	0.00	1	0	0	0	0	0.43	0.93	1	28	42	2
ROUND	PHASE	PLAYER_ID	ENTITY_ID	CHASSIS	MODEL	TYPE	ROLE	X	Y	FACING	MP	HEAT	PRONE	AIRBORNE	OFF_BOARD	CRIPPLED	DESTROYED	ARMOR_P	INTERNAL_P	DONE	MAX_RANGE	TOTAL_DAMAGE	TEAM_ID
15	OFFBOARD	0	2	Legionnaire	Legionnaire	BipedMek	STRIKER	4	9	3	7.00	0.00	0	0	0	0	0	0.72	1.00	1	20	5	1
15	OFFBOARD	1	3	Thresher Mk II	Thresher Mk II	BipedMek	SKIRMISHER	4	10	2	1.00	0.00	1	0	0	0	0	0.43	0.93	1	28	42	2
ROUND	PLAYER_ID	ENTITY_ID	TYPE	ROLE	X	Y	FACING	TARGET_PLAYER_ID	TARGET_ID	TARGET_TYPE	TARGET_ROLE	TARGET_X	TARGET_Y	TARGET_FACING	AIMING_LOC	AIMING_MODE	WEAPON_ID	AMMO_ID	ATA	ATG	GTG	GTA	TO_HIT	TURNS_TO_HIT	SPOTTER_ID
15	0	2	BipedMek	STRIKER	4	9	3	1	3	BipedMek	SKIRMISHER	4	10	2	-1	NONE	3	5	0	0	1	0	7.00	0	-1
ROUND	PHASE	PLAYER_ID	ENTITY_ID	CHASSIS	MODEL	TYPE	ROLE	X	Y	FACING	MP	HEAT	PRONE	AIRBORNE	OFF_BOARD	CRIPPLED	DESTROYED	ARMOR_P	INTERNAL_P	DONE	MAX_RANGE	TOTAL_DAMAGE	TEAM_ID
15	FIRING	0	2	Legionnaire	Legionnaire	BipedMek	STRIKER	4	9	3	7.00	0.00	0	0	0	0	0	0.72	1.00	1	0	5	1
15	FIRING	1	3	Thresher Mk II	Thresher Mk II	BipedMek	SKIRMISHER	4	10	2	1.00	0.00	1	0	0	1	0	0.39	0.83	1	28	42	2
ROUND	PLAYER_ID	ENTITY_ID	TYPE	ROLE	X	Y	FACING	TARGET_PLAYER_ID	TARGET_ID	TARGET_TYPE	TARGET_ROLE	TARGET_X	TARGET_Y	TARGET_FACING	AIMING_LOC	AIMING_MODE	WEAPON_ID	AMMO_ID	ATA	ATG	GTG	GTA	TO_HIT	TURNS_TO_HIT	SPOTTER_ID
15	0	2	BipedMek	STRIKER	4	9	3	1	3	BipedMek	SKIRMISHER	4	10	2	-1	NONE	-1	-1	0	0	0	0	0	0	-1
ROUND	PHASE	PLAYER_ID	ENTITY_ID	CHASSIS	MODEL	TYPE	ROLE	X	Y	FACING	MP	HEAT	PRONE	AIRBORNE	OFF_BOARD	CRIPPLED	DESTROYED	ARMOR_P	INTERNAL_P	DONE	MAX_RANGE	TOTAL_DAMAGE	TEAM_ID
16	TARGETING	0	2	Legionnaire	Legionnaire	BipedMek	STRIKER	4	9	3	9.00	0.00	0	0	0	0	0	0.72	1.00	1	20	5	1
16	TARGETING	1	3	Thresher Mk II	Thresher Mk II	BipedMek	SKIRMISHER	4	10	2	15.00	0.00	1	0	0	1	0	0.26	0.83	1	28	42	2
PLAYER_ID	ENTITY_ID	CHASSIS	MODEL	FACING	FROM_X	FROM_Y	TO_X	TO_Y	HEXES_MOVED	DISTANCE	MP_USED	MAX_MP	MP_P	HEAT_P	ARMOR_P	INTERNAL_P	JUMPING	PRONE	LEGAL	STEPS	TEAM_ID	CHANCE_OF_FAILURE	IS_BOT
1	3	Thresher Mk II		0	4	10	4	10	0	0	2	13	0.15	0.00	0.26	0.83	0	0	1	CLIMB_MODE_ON GET_UP TURN_LEFT TURN_LEFT	2	0.00	1
ROUND	PHASE	PLAYER_ID	ENTITY_ID	CHASSIS	MODEL	TYPE	ROLE	X	Y	FACING	MP	HEAT	PRONE	AIRBORNE	OFF_BOARD	CRIPPLED	DESTROYED	ARMOR_P	INTERNAL_P	DONE	MAX_RANGE	TOTAL_DAMAGE	TEAM_ID
16	MOVEMENT	0	2	Legionnaire	Legionnaire	BipedMek	STRIKER	4	9	3	9.00	0.00	0	0	0	0	0	0.72	1.00	0	20	5	1
16	MOVEMENT	1	3	Thresher Mk II	Thresher Mk II	BipedMek	SKIRMISHER	4	10	2	15.00	0.00	0	0	0	1	0	0.26	0.83	0	28	42	2
PLAYER_ID	ENTITY_ID	CHASSIS	MODEL	FACING	FROM_X	FROM_Y	TO_X	TO_Y	HEXES_MOVED	DISTANCE	MP_USED	MAX_MP	MP_P	HEAT_P	ARMOR_P	INTERNAL_P	JUMPING	PRONE	LEGAL	STEPS	TEAM_ID	CHANCE_OF_FAILURE	IS_BOT
1	3	Thresher Mk II		0	4	10	4	10	0	0	4	13	0.31	0.00	0.26	0.83	0	0	1	CLIMB_MODE_ON GET_UP TURN_LEFT TURN_LEFT	2	0.00	1
ROUND	PHASE	PLAYER_ID	ENTITY_ID	CHASSIS	MODEL	TYPE	ROLE	X	Y	FACING	MP	HEAT	PRONE	AIRBORNE	OFF_BOARD	CRIPPLED	DESTROYED	ARMOR_P	INTERNAL_P	DONE	MAX_RANGE	TOTAL_DAMAGE	TEAM_ID
16	MOVEMENT	0	2	Legionnaire	Legionnaire	BipedMek	STRIKER	4	9	3	9.00	0.00	0	0	0	0	0	0.72	1.00	0	20	5	1
16	MOVEMENT	1	3	Thresher Mk II	Thresher Mk II	BipedMek	SKIRMISHER	4	10	0	15.00	0.00	0	0	0	1	0	0.26	0.83	1	28	42	2
PLAYER_ID	ENTITY_ID	CHASSIS	MODEL	FACING	FROM_X	FROM_Y	TO_X	TO_Y	HEXES_MOVED	DISTANCE	MP_USED	MAX_MP	MP_P	HEAT_P	ARMOR_P	INTERNAL_P	JUMPING	PRONE	LEGAL	STEPS	TEAM_ID	CHANCE_OF_FAILURE	IS_BOT
0	2	Legionnaire	LGN-2D	0	4	9	4	11	5	0	10	14	0.71	0.00	0.72	1.00	0	0	1	TURN_LEFT FORWARDS TURN_RIGHT FORWARDS FORWARDS TURN_RIGHT FORWARDS TURN_RIGHT TURN_RIGHT FORWARDS	1	0.00	0
ROUND	PHASE	PLAYER_ID	ENTITY_ID	CHASSIS	MODEL	TYPE	ROLE	X	Y	FACING	MP	HEAT	PRONE	AIRBORNE	OFF_BOARD	CRIPPLED	DESTROYED	ARMOR_P	INTERNAL_P	DONE	MAX_RANGE	TOTAL_DAMAGE	TEAM_ID
16	MOVEMENT	0	2	Legionnaire	Legionnaire	BipedMek	STRIKER	4	11	0	9.00	0.00	0	0	0	0	0	0.72	1.00	1	20	5	1
16	MOVEMENT	1	3	Thresher Mk II	Thresher Mk II	BipedMek	SKIRMISHER	4	10	0	15.00	0.00	0	0	0	1	0	0.26	0.83	1	28	42	2
ROUND	PHASE	PLAYER_ID	ENTITY_ID	CHASSIS	MODEL	TYPE	ROLE	X	Y	FACING	MP	HEAT	PRONE	AIRBORNE	OFF_BOARD	CRIPPLED	DESTROYED	ARMOR_P	INTERNAL_P	DONE	MAX_RANGE	TOTAL_DAMAGE	TEAM_ID
16	OFFBOARD	0	2	Legionnaire	Legionnaire	BipedMek	STRIKER	4	11	0	9.00	0.00	0	0	0	0	0	0.72	1.00	1	20	5	1
16	OFFBOARD	1	3	Thresher Mk II	Thresher Mk II	BipedMek	SKIRMISHER	4	10	0	15.00	0.00	0	0	0	1	0	0.26	0.83	1	28	42	2
ROUND	PLAYER_ID	ENTITY_ID	TYPE	ROLE	X	Y	FACING	TARGET_PLAYER_ID	TARGET_ID	TARGET_TYPE	TARGET_ROLE	TARGET_X	TARGET_Y	TARGET_FACING	AIMING_LOC	AIMING_MODE	WEAPON_ID	AMMO_ID	ATA	ATG	GTG	GTA	TO_HIT	TURNS_TO_HIT	SPOTTER_ID
16	0	2	BipedMek	STRIKER	4	11	0	1	3	BipedMek	SKIRMISHER	4	10	0	-1	NONE	3	5	0	0	1	0	5.00	0	-1
ROUND	PHASE	PLAYER_ID	ENTITY_ID	CHASSIS	MODEL	TYPE	ROLE	X	Y	FACING	MP	HEAT	PRONE	AIRBORNE	OFF_BOARD	CRIPPLED	DESTROYED	ARMOR_P	INTERNAL_P	DONE	MAX_RANGE	TOTAL_DAMAGE	TEAM_ID
16	FIRING	0	2	Legionnaire	Legionnaire	BipedMek	STRIKER	4	11	0	9.00	0.00	0	0	0	0	0	0.72	1.00	1	0	5	1
16	FIRING	1	3	Thresher Mk II	Thresher Mk II	BipedMek	SKIRMISHER	4	10	0	15.00	0.00	0	0	0	1	0	0.19	0.79	1	28	42	2
ROUND	PLAYER_ID	ENTITY_ID	TYPE	ROLE	X	Y	FACING	TARGET_PLAYER_ID	TARGET_ID	TARGET_TYPE	TARGET_ROLE	TARGET_X	TARGET_Y	TARGET_FACING	AIMING_LOC	AIMING_MODE	WEAPON_ID	AMMO_ID	ATA	ATG	GTG	GTA	TO_HIT	TURNS_TO_HIT	SPOTTER_ID
16	0	2	BipedMek	STRIKER	4	11	0	1	3	BipedMek	SKIRMISHER	4	10	0	-1	NONE	-1	-1	0	0	0	0	0	0	-1
ROUND	PHASE	PLAYER_ID	ENTITY_ID	CHASSIS	MODEL	TYPE	ROLE	X	Y	FACING	MP	HEAT	PRONE	AIRBORNE	OFF_BOARD	CRIPPLED	DESTROYED	ARMOR_P	INTERNAL_P	DONE	MAX_RANGE	TOTAL_DAMAGE	TEAM_ID
17	TARGETING	0	2	Legionnaire	Legionnaire	BipedMek	STRIKER	4	11	0	10.00	0.00	0	0	0	0	0	0.72	1.00	1	20	5	1
17	TARGETING	1	3	Thresher Mk II	Thresher Mk II	BipedMek	SKIRMISHER	4	10	0	4.00	0.00	0	0	0	1	0	0.19	0.74	1	28	42	2
PLAYER_ID	ENTITY_ID	CHASSIS	MODEL	FACING	FROM_X	FROM_Y	TO_X	TO_Y	HEXES_MOVED	DISTANCE	MP_USED	MAX_MP	MP_P	HEAT_P	ARMOR_P	INTERNAL_P	JUMPING	PRONE	LEGAL	STEPS	TEAM_ID	CHANCE_OF_FAILURE	IS_BOT
1	3	Thresher Mk II		2	4	10	0	8	4	0	4	5	0.80	0.00	0.19	0.74	1	0	1	START_JUMP TURN_LEFT FORWARDS FORWARDS FORWARDS FORWARDS TURN_RIGHT TURN_RIGHT TURN_RIGHT FLEE	2	0.00	1
ROUND	PHASE	PLAYER_ID	ENTITY_ID	CHASSIS	MODEL	TYPE	ROLE	X	Y	FACING	MP	HEAT	PRONE	AIRBORNE	OFF_BOARD	CRIPPLED	DESTROYED	ARMOR_P	INTERNAL_P	DONE	MAX_RANGE	TOTAL_DAMAGE	TEAM_ID
17	MOVEMENT	0	2	Legionnaire	Legionnaire	BipedMek	STRIKER	4	11	0	10.00	0.00	0	0	0	0	0	0.72	1.00	0	20	5	1
PLAYER_ID	ENTITY_ID	CHASSIS	MODEL	FACING	FROM_X	FROM_Y	TO_X	TO_Y	HEXES_MOVED	DISTANCE	MP_USED	MAX_MP	MP_P	HEAT_P	ARMOR_P	INTERNAL_P	JUMPING	PRONE	LEGAL	STEPS	TEAM_ID	CHANCE_OF_FAILURE	IS_BOT
0	2	Legionnaire	LGN-2D	4	4	10	3	6	5	0	7	14	0.50	0.00	0.72	1.00	0	0	1	FORWARDS FORWARDS FORWARDS FORWARDS TURN_LEFT FORWARDS TURN_LEFT	1	0.00	0
ROUND	PHASE	PLAYER_ID	ENTITY_ID	CHASSIS	MODEL	TYPE	ROLE	X	Y	FACING	MP	HEAT	PRONE	AIRBORNE	OFF_BOARD	CRIPPLED	DESTROYED	ARMOR_P	INTERNAL_P	DONE	MAX_RANGE	TOTAL_DAMAGE	TEAM_ID
17	MOVEMENT	0	2	Legionnaire	Legionnaire	BipedMek	STRIKER	3	6	4	10.00	0.00	0	0	0	0	0	0.72	1.00	1	20	5	1
ROUND	PHASE	PLAYER_ID	ENTITY_ID	CHASSIS	MODEL	TYPE	ROLE	X	Y	FACING	MP	HEAT	PRONE	AIRBORNE	OFF_BOARD	CRIPPLED	DESTROYED	ARMOR_P	INTERNAL_P	DONE	MAX_RANGE	TOTAL_DAMAGE	TEAM_ID
17	OFFBOARD	0	2	Legionnaire	Legionnaire	BipedMek	STRIKER	3	6	4	10.00	0.00	0	0	0	0	0	0.72	1.00	1	20	5	1
ROUND	PHASE	PLAYER_ID	ENTITY_ID	CHASSIS	MODEL	TYPE	ROLE	X	Y	FACING	MP	HEAT	PRONE	AIRBORNE	OFF_BOARD	CRIPPLED	DESTROYED	ARMOR_P	INTERNAL_P	DONE	MAX_RANGE	TOTAL_DAMAGE	TEAM_ID
17	FIRING	0	2	Legionnaire	Legionnaire	BipedMek	STRIKER	3	6	4	10.00	0.00	0	0	0	0	0	0.72	1.00	1	20	5	1
