# Log file created at 2025-03-16T17:44:18.908317100
BOARD_NAME	WIDTH	HEIGHT
Board #0	32	17
COL_0	COL_1	COL_2	COL_3	COL_4	COL_5	COL_6	COL_7	COL_8	COL_9	COL_10	COL_11	COL_12	COL_13	COL_14	COL_15	COL_16	COL_17	COL_18	COL_19	COL_20	COL_21	COL_22	COL_23	COL_24	COL_25	COL_26	COL_27	COL_28	COL_29	COL_30	COL_31	
ROW_0	Level: 0  Features: 	Level: 0  Features: 	Level: 0  Features: incline_bottom(1, 0); 	Level: 1  Features: incline_top(1, 0); 	Level: 1  Features: sand(1, 100); 	Level: 1  Features: incline_bottom(1, 0); 	Level: 2  Features: incline_top(1, 0); 	Level: 2  Features: sand(1, 100); incline_top(1, 0); 	Level: 1  Features: incline_bottom(1, 0); 	Level: 2  Features: incline_top(1, 0); 	Level: 2  Features: 	Level: 2  Features: incline_bottom(1, 0); 	Level: 3  Features: sand(1, 100); incline_top(1, 0); 	Level: 2  Features: sand(1, 100); incline_bottom(1, 0); 	Level: 2  Features: 	Level: 2  Features: incline_high_top(1, 0); sand(1, 100); 	Level: -2  Features: incline_high_bottom(1, 0); sand(1, 100); 
ROW_1	Level: 0  Features: 	Level: 0  Features: 	Level: 0  Features: sand(1, 100); incline_bottom(1, 0); 	Level: 1  Features: sand(1, 100); incline_top(1, 0); 	Level: 1  Features: 	Level: 1  Features: incline_bottom(1, 0); 	Level: 2  Features: incline_top(1, 0); 	Level: 2  Features: sand(1, 100); incline_top(1, 0); 	Level: 2  Features: sand(1, 100); incline_top(1, 0); 	Level: 2  Features: sand(1, 100); 	Level: 2  Features: 	Level: 2  Features: incline_bottom(1, 0); 	Level: 2  Features: sand(1, 100); incline_bottom(1, 0); 	Level: 2  Features: sand(1, 100); 	Level: 2  Features: sand(1, 100); 	Level: 2  Features: incline_high_top(1, 0); sand(1, 100); 	Level: 2  Features: incline_high_top(1, 0); sand(1, 100); 
ROW_2	Level: 0  Features: sand(1, 100); incline_top(1, 0); 	Level: 0  Features: sand(1, 100); incline_top(1, 0); 	Level: 0  Features: sand(1, 100); incline_bottom(1, 0); 	Level: 1  Features: incline_top(1, 0); 	Level: 1  Features: 	Level: 1  Features: incline_bottom(1, 0); 	Level: 2  Features: incline_top(1, 0); 	Level: 2  Features: incline_top(1, 0); 	Level: 2  Features: sand(1, 100); 	Level: 2  Features: sand(1, 100); 	Level: 2  Features: sand(1, 100); 	Level: 2  Features: 	Level: 2  Features: sand(1, 100); 	Level: 2  Features: sand(1, 100); 	Level: 2  Features: 	Level: 2  Features: 	Level: 2  Features: sand(1, 100); 
ROW_3	Level: -1  Features: sand(1, 100); incline_bottom(1, 0); 	Level: 0  Features: sand(1, 100); incline_top(1, 0); incline_bottom(1, 0); 	Level: 0  Features: sand(1, 100); incline_bottom(1, 0); 	Level: 1  Features: incline_top(1, 0); 	Level: 1  Features: incline_top(1, 0); 	Level: 1  Features: incline_bottom(1, 0); 	Level: 1  Features: sand(1, 100); incline_bottom(1, 0); 	Level: 2  Features: sand(1, 100); incline_top(1, 0); 	Level: 2  Features: sand(1, 100); 	Level: 2  Features: sand(1, 100); 	Level: 2  Features: 	Level: 2  Features: incline_bottom(1, 0); 	Level: 2  Features: incline_bottom(1, 0); 	Level: 2  Features: sand(1, 100); 	Level: 2  Features: 	Level: 2  Features: sand(1, 100); 	Level: 2  Features: 
ROW_4	Level: 0  Features: sand(1, 100); incline_top(1, 0); 	Level: 0  Features: sand(1, 100); incline_top(1, 0); incline_bottom(1, 0); 	Level: 1  Features: sand(1, 100); incline_top(1, 0); 	Level: 1  Features: incline_top(1, 0); 	Level: 0  Features: sand(1, 100); incline_bottom(1, 0); 	Level: 1  Features: sand(1, 100); incline_top(1, 0); 	Level: 1  Features: sand(1, 100); incline_bottom(1, 0); 	Level: 2  Features: incline_top(1, 0); 	Level: 2  Features: 	Level: 2  Features: 	Level: 2  Features: 	Level: 2  Features: incline_bottom(1, 0); 	Level: 3  Features: incline_top(1, 0); 	Level: 2  Features: sand(1, 100); incline_bottom(1, 0); 	Level: 2  Features: sand(1, 100); 	Level: 2  Features: incline_bottom(1, 0); 	Level: 2  Features: sand(1, 100); incline_bottom(1, 0); 
ROW_5	Level: -1  Features: incline_bottom(1, 0); 	Level: 0  Features: incline_top(1, 0); incline_bottom(1, 0); 	Level: 0  Features: sand(1, 100); incline_bottom(1, 0); 	Level: 1  Features: sand(1, 100); incline_top(1, 0); 	Level: 1  Features: sand(1, 100); incline_top(1, 0); 	Level: 1  Features: sand(1, 100); incline_bottom(1, 0); 	Level: 1  Features: incline_bottom(1, 0); 	Level: 2  Features: incline_top(1, 0); 	Level: 2  Features: 	Level: 2  Features: 	Level: 2  Features: sand(1, 100); 	Level: 2  Features: incline_bottom(1, 0); 	Level: 2  Features: sand(1, 100); incline_bottom(1, 0); 	Level: 2  Features: sand(1, 100); 	Level: 2  Features: incline_bottom(1, 0); 	Level: 3  Features: sand(1, 100); incline_top(1, 0); 	Level: 2  Features: sand(1, 100); incline_bottom(1, 0); 
ROW_6	Level: -1  Features: incline_bottom(1, 0); 	Level: 0  Features: incline_top(1, 0); incline_bottom(1, 0); 	Level: 1  Features: sand(1, 100); incline_top(1, 0); 	Level: 1  Features: incline_top(1, 0); 	Level: 1  Features: 	Level: 1  Features: sand(1, 100); incline_bottom(1, 0); 	Level: 2  Features: sand(1, 100); incline_top(1, 0); 	Level: 2  Features: incline_top(1, 0); 	Level: 2  Features: 	Level: 2  Features: 	Level: 2  Features: 	Level: 2  Features: sand(1, 100); 	Level: 2  Features: sand(1, 100); 	Level: 2  Features: sand(1, 100); 	Level: 2  Features: incline_bottom(1, 0); 	Level: 3  Features: incline_top(1, 0); 	Level: 2  Features: sand(1, 100); incline_bottom(1, 0); 
ROW_7	Level: -1  Features: incline_bottom(1, 0); 	Level: 0  Features: sand(1, 100); incline_top(1, 0); incline_bottom(1, 0); 	Level: 1  Features: incline_top(1, 0); 	Level: 1  Features: sand(1, 100); incline_top(1, 0); 	Level: 1  Features: incline_top(1, 0); incline_bottom(1, 0); 	Level: 1  Features: sand(1, 100); incline_bottom(1, 0); 	Level: 2  Features: incline_top(1, 0); 	Level: 2  Features: incline_top(1, 0); 	Level: 2  Features: incline_top(1, 0); 	Level: 2  Features: 	Level: 2  Features: 	Level: 2  Features: sand(1, 100); 	Level: 2  Features: sand(1, 100); 	Level: 2  Features: sand(1, 100); 	Level: 2  Features: sand(1, 100); incline_bottom(1, 0); 	Level: 2  Features: sand(1, 100); incline_top(1, 0); incline_bottom(1, 0); 	Level: 2  Features: sand(1, 100); incline_top(1, 0); 
ROW_8	Level: 0  Features: incline_top(1, 0); 	Level: 0  Features: sand(1, 100); incline_top(1, 0); incline_bottom(1, 0); 	Level: 1  Features: sand(1, 100); incline_top(1, 0); 	Level: 1  Features: incline_top(1, 0); 	Level: 0  Features: sand(1, 100); incline_bottom(1, 0); 	Level: 2  Features: sand(1, 100); incline_top(1, 0); 	Level: 2  Features: incline_top(1, 0); 	Level: 2  Features: incline_top(1, 0); 	Level: 0  Features: incline_bottom(1, 0); 	Level: 2  Features: incline_top(1, 0); 	Level: 2  Features: 	Level: 2  Features: 	Level: 2  Features: sand(1, 100); 	Level: 2  Features: sand(1, 100); 	Level: 2  Features: sand(1, 100); 	Level: 2  Features: sand(1, 100); incline_top(1, 0); 	Level: 0  Features: sand(1, 100); incline_bottom(1, 0); 
ROW_9	Level: -1  Features: Light Woods; foliage_elev(1, 0); incline_bottom(1, 0); 	Level: 0  Features: Light Woods; incline_top(1, 0); incline_bottom(1, 0); foliage_elev(1, 0); 	Level: 1  Features: incline_top(1, 0); 	Level: 1  Features: sand(1, 100); incline_top(1, 0); 	Level: 1  Features: sand(1, 100); incline_top(1, 0); incline_bottom(1, 0); 	Level: 1  Features: incline_bottom(1, 0); 	Level: 1  Features: incline_bottom(1, 0); 	Level: 1  Features: incline_top(1, 0); incline_bottom(1, 0); 	Level: 2  Features: incline_top(1, 0); 	Level: 2  Features: incline_top(1, 0); 	Level: 2  Features: incline_top(1, 0); 	Level: 2  Features: 	Level: 2  Features: 	Level: 2  Features: Rough; 	Level: 2  Features: Rough; 	Level: 2  Features: incline_top(1, 0); Rough; 	Level: 2  Features: sand(1, 100); incline_top(1, 0); 
ROW_10	Level: -1  Features: incline_bottom(1, 0); 	Level: 0  Features: incline_top(1, 0); 	Level: 0  Features: incline_top(1, 0); incline_bottom(1, 0); 	Level: 1  Features: sand(1, 100); incline_top(1, 0); 	Level: 1  Features: sand(1, 100); 	Level: 1  Features: sand(1, 100); 	Level: 1  Features: sand(1, 100); 	Level: 1  Features: incline_bottom(1, 0); 	Level: 2  Features: incline_top(1, 0); 	Level: 2  Features: incline_top(1, 0); 	Level: 1  Features: sand(1, 100); incline_bottom(1, 0); 	Level: 2  Features: incline_top(1, 0); 	Level: 2  Features: 	Level: 2  Features: sand(1, 100); 	Level: 2  Features: 	Level: 2  Features: sand(1, 100); 	Level: 2  Features: sand(1, 100); 
ROW_11	Level: -1  Features: Rough; incline_bottom(1, 0); 	Level: -1  Features: Rough; incline_bottom(1, 0); 	Level: 0  Features: incline_top(1, 0); incline_bottom(1, 0); 	Level: 1  Features: incline_top(1, 0); 	Level: 1  Features: sand(1, 100); incline_top(1, 0); 	Level: 1  Features: sand(1, 100); 	Level: 1  Features: 	Level: 1  Features: incline_bottom(1, 0); 	Level: 1  Features: sand(1, 100); incline_bottom(1, 0); 	Level: 1  Features: sand(1, 100); incline_bottom(1, 0); 	Level: 2  Features: sand(1, 100); incline_top(1, 0); 	Level: 2  Features: 	Level: 2  Features: sand(1, 100); incline_top(1, 0); 	Level: 2  Features: sand(1, 100); incline_top(1, 0); 	Level: 2  Features: sand(1, 100); incline_top(1, 0); 	Level: 2  Features: sand(1, 100); incline_top(1, 0); 	Level: 2  Features: incline_top(1, 0); 
ROW_12	Level: 0  Features: incline_top(1, 0); 	Level: -1  Features: sand(1, 100); incline_bottom(1, 0); 	Level: 0  Features: incline_top(1, 0); incline_bottom(1, 0); 	Level: 1  Features: incline_top(1, 0); Rough; 	Level: 0  Features: Rough; incline_bottom(1, 0); 	Level: 1  Features: sand(1, 100); incline_top(1, 0); 	Level: 1  Features: sand(1, 100); 	Level: 1  Features: sand(1, 100); 	Level: 1  Features: sand(1, 100); 	Level: 1  Features: sand(1, 100); 	Level: 1  Features: sand(1, 100); incline_bottom(1, 0); 	Level: 2  Features: sand(1, 100); incline_top(1, 0); 	Level: 2  Features: sand(1, 100); incline_top(1, 0); 	Level: 1  Features: sand(1, 100); incline_bottom(1, 0); 	Level: 1  Features: incline_bottom(1, 0); 	Level: 2  Features: sand(1, 100); incline_top(1, 0); 	Level: 1  Features: sand(1, 100); incline_bottom(1, 0); 
ROW_13	Level: -1  Features: sand(1, 100); incline_bottom(1, 0); 	Level: -1  Features: sand(1, 100); incline_bottom(1, 0); 	Level: 0  Features: sand(1, 100); incline_top(1, 0); incline_bottom(1, 0); 	Level: 1  Features: incline_top(1, 0); 	Level: 1  Features: sand(1, 100); incline_top(1, 0); 	Level: 1  Features: 	Level: 1  Features: 	Level: 1  Features: sand(1, 100); 	Level: 1  Features: sand(1, 100); 	Level: 1  Features: sand(1, 100); 	Level: 1  Features: incline_bottom(1, 0); 	Level: 1  Features: incline_bottom(1, 0); 	Level: 1  Features: sand(1, 100); incline_bottom(1, 0); 	Level: 1  Features: sand(1, 100); 	Level: 1  Features: incline_bottom(1, 0); 	Level: 1  Features: incline_bottom(1, 0); 	Level: 1  Features: 
ROW_14	Level: -1  Features: 	Level: -1  Features: incline_bottom(1, 0); 	Level: 0  Features: sand(1, 100); incline_top(1, 0); 	Level: 0  Features: incline_bottom(1, 0); 	Level: 1  Features: sand(1, 100); incline_top(1, 0); 	Level: 1  Features: sand(1, 100); 	Level: 1  Features: sand(1, 100); 	Level: 1  Features: sand(1, 100); 	Level: 1  Features: 	Level: 1  Features: sand(1, 100); 	Level: 1  Features: 	Level: 1  Features: 	Level: 1  Features: 	Level: 1  Features: sand(1, 100); 	Level: 1  Features: sand(1, 100); 	Level: 1  Features: sand(1, 100); 	Level: 1  Features: 
ROW_15	Level: -1  Features: sand(1, 100); incline_bottom(1, 0); 	Level: -1  Features: sand(1, 100); incline_bottom(1, 0); 	Level: 0  Features: sand(1, 100); incline_top(1, 0); 	Level: 0  Features: sand(1, 100); incline_bottom(1, 0); 	Level: 1  Features: sand(1, 100); incline_top(1, 0); 	Level: 1  Features: sand(1, 100); 	Level: 1  Features: sand(1, 100); 	Level: 1  Features: sand(1, 100); incline_top(1, 0); 	Level: 1  Features: sand(1, 100); incline_top(1, 0); 	Level: 1  Features: 	Level: 1  Features: incline_top(1, 0); 	Level: 1  Features: incline_top(1, 0); 	Level: 1  Features: 	Level: 1  Features: 	Level: 1  Features: sand(1, 100); 	Level: 1  Features: incline_high_top(1, 0); 	Level: 1  Features: incline_high_top(1, 0); 
ROW_16	Level: 1  Features: incline_top(1, 0); 	Level: -1  Features: sand(1, 100); incline_bottom(1, 0); 	Level: 0  Features: sand(1, 100); incline_top(1, 0); 	Level: 0  Features: sand(1, 100); 	Level: 0  Features: incline_bottom(1, 0); 	Level: 1  Features: sand(1, 100); incline_top(1, 0); 	Level: 1  Features: sand(1, 100); incline_top(1, 0); 	Level: 1  Features: sand(1, 100); incline_top(1, 0); 	Level: 0  Features: sand(1, 100); incline_bottom(1, 0); 	Level: 1  Features: incline_top(1, 0); 	Level: 1  Features: sand(1, 100); incline_top(1, 0); 	Level: 0  Features: incline_bottom(1, 0); 	Level: 1  Features: incline_top(1, 0); Rough; 	Level: 1  Features: sand(1, 100); 	Level: 1  Features: sand(1, 100); 	Level: 1  Features: incline_high_top(1, 0); 	Level: -2  Features: incline_high_bottom(1, 0); 
ROW_17	Level: -1  Features: sand(1, 100); incline_bottom(1, 0); 	Level: -1  Features: sand(1, 100); incline_bottom(1, 0); 	Level: 0  Features: sand(1, 100); incline_top(1, 0); 	Level: 0  Features: sand(1, 100); incline_bottom(1, 0); 	Level: 0  Features: sand(1, 100); incline_bottom(1, 0); 	Level: 1  Features: incline_top(1, 0); 	Level: 0  Features: incline_bottom(1, 0); 	Level: 0  Features: incline_bottom(1, 0); 	Level: 1  Features: sand(1, 100); incline_top(1, 0); 	Level: 1  Features: incline_top(1, 0); 	Level: 0  Features: sand(1, 100); incline_bottom(1, 0); 	Level: 0  Features: incline_bottom(1, 0); 	Level: 1  Features: incline_top(1, 0); 	Level: 1  Features: sand(1, 100); incline_top(1, 0); 	Level: 1  Features: sand(1, 100); 	Level: 1  Features: incline_high_top(1, 0); sand(1, 100); 	Level: 1  Features: incline_high_top(1, 0); 
ROW_18	Level: -1  Features: 	Level: -1  Features: incline_bottom(1, 0); 	Level: 0  Features: incline_top(1, 0); 	Level: 0  Features: sand(1, 100); incline_bottom(1, 0); 	Level: 1  Features: sand(1, 100); incline_top(1, 0); 	Level: 0  Features: sand(1, 100); incline_bottom(1, 0); 	Level: 1  Features: incline_top(1, 0); 	Level: 0  Features: incline_bottom(1, 0); 	Level: 1  Features: incline_top(1, 0); Rough; 	Level: 0  Features: sand(1, 100); incline_bottom(1, 0); 	Level: 0  Features: sand(1, 100); incline_bottom(1, 0); 	Level: 0  Features: sand(1, 100); incline_bottom(1, 0); 	Level: 1  Features: sand(1, 100); incline_top(1, 0); 	Level: 0  Features: sand(1, 100); incline_bottom(1, 0); 	Level: 1  Features: sand(1, 100); incline_top(1, 0); 	Level: 1  Features: incline_top(1, 0); 	Level: 1  Features: sand(1, 100); 
ROW_19	Level: -1  Features: 	Level: -1  Features: sand(1, 100); incline_bottom(1, 0); 	Level: 0  Features: incline_top(1, 0); 	Level: 0  Features: sand(1, 100); incline_bottom(1, 0); 	Level: 0  Features: sand(1, 100); incline_bottom(1, 0); 	Level: 0  Features: incline_bottom(1, 0); 	Level: 0  Features: incline_bottom(1, 0); 	Level: 0  Features: incline_bottom(1, 0); 	Level: 0  Features: incline_bottom(1, 0); 	Level: 0  Features: 	Level: 0  Features: 	Level: 0  Features: sand(1, 100); incline_bottom(1, 0); 	Level: 0  Features: sand(1, 100); incline_bottom(1, 0); 	Level: 0  Features: sand(1, 100); incline_bottom(1, 0); 	Level: 0  Features: sand(1, 100); incline_bottom(1, 0); 	Level: 1  Features: sand(1, 100); incline_top(1, 0); 	Level: 1  Features: sand(1, 100); 
ROW_20	Level: -1  Features: 	Level: -1  Features: incline_bottom(1, 0); 	Level: 0  Features: sand(1, 100); incline_top(1, 0); 	Level: 0  Features: sand(1, 100); 	Level: 0  Features: 	Level: 0  Features: 	Level: 0  Features: 	Level: 0  Features: sand(1, 100); incline_bottom(1, 0); 	Level: 1  Features: sand(1, 100); incline_top(1, 0); 	Level: 0  Features: sand(1, 100); incline_bottom(1, 0); 	Level: 0  Features: sand(1, 100); 	Level: 0  Features: incline_bottom(1, 0); 	Level: 1  Features: sand(1, 100); incline_top(1, 0); 	Level: 0  Features: sand(1, 100); incline_bottom(1, 0); 	Level: 1  Features: incline_top(1, 0); 	Level: 1  Features: incline_top(1, 0); 	Level: 1  Features: sand(1, 100); incline_top(1, 0); 
ROW_21	Level: -1  Features: sand(1, 100); incline_bottom(1, 0); 	Level: -1  Features: sand(1, 100); incline_bottom(1, 0); 	Level: 0  Features: sand(1, 100); incline_top(1, 0); 	Level: 0  Features: sand(1, 100); 	Level: 0  Features: sand(1, 100); 	Level: 0  Features: 	Level: 0  Features: 	Level: 0  Features: sand(1, 100); incline_bottom(1, 0); 	Level: 0  Features: Water, depth: 1; 	Level: 0  Features: Water, depth: 2; 	Level: 0  Features: Water, depth: 2; 	Level: 0  Features: Water, depth: 2; 	Level: 0  Features: sand(1, 100); incline_bottom(1, 0); 	Level: 0  Features: incline_bottom(1, 0); 	Level: 0  Features: incline_bottom(1, 0); 	Level: 0  Features: incline_bottom(1, 0); 	Level: 1  Features: sand(1, 100); incline_top(1, 0); 
ROW_22	Level: -1  Features: sand(1, 100); incline_bottom(1, 0); 	Level: 0  Features: incline_top(1, 0); 	Level: 0  Features: incline_top(1, 0); 	Level: 0  Features: sand(1, 100); 	Level: 0  Features: sand(1, 100); 	Level: 0  Features: sand(1, 100); 	Level: 0  Features: 	Level: 0  Features: 	Level: 0  Features: 	Level: 0  Features: Water, depth: 2; 	Level: 0  Features: sand(1, 100); 	Level: 0  Features: Water, depth: 2; 	Level: 0  Features: 	Level: 0  Features: sand(1, 100); 	Level: 0  Features: sand(1, 100); incline_bottom(1, 0); 	Level: 1  Features: incline_top(1, 0); 	Level: 0  Features: incline_bottom(1, 0); 
ROW_23	Level: -1  Features: Rough; incline_bottom(1, 0); 	Level: -1  Features: incline_bottom(1, 0); 	Level: 0  Features: sand(1, 100); incline_top(1, 0); 	Level: 0  Features: sand(1, 100); 	Level: 0  Features: sand(1, 100); 	Level: 0  Features: 	Level: 0  Features: 	Level: 0  Features: 	Level: 0  Features: Water, depth: 2; 	Level: 0  Features: sand(1, 100); 	Level: 0  Features: 	Level: 0  Features: Rough; incline_bottom(1, 0); 	Level: 0  Features: Rough; incline_bottom(1, 0); 	Level: 0  Features: 	Level: 0  Features: incline_bottom(1, 0); 	Level: 0  Features: incline_top(1, 0); incline_bottom(1, 0); 	Level: 1  Features: incline_top(1, 0); 
ROW_24	Level: -1  Features: 	Level: -1  Features: sand(1, 100); incline_bottom(1, 0); 	Level: 0  Features: sand(1, 100); incline_top(1, 0); 	Level: 0  Features: sand(1, 100); incline_top(1, 0); 	Level: 0  Features: 	Level: 0  Features: sand(1, 100); 	Level: 0  Features: 	Level: 0  Features: 	Level: 0  Features: 	Level: 0  Features: sand(1, 100); 	Level: 0  Features: Light Woods; foliage_elev(1, 0); 	Level: 0  Features: incline_bottom(1, 0); 	Level: 1  Features: incline_top(1, 0); 	Level: 0  Features: incline_top(1, 0); incline_bottom(1, 0); 	Level: 0  Features: 	Level: 0  Features: sand(1, 100); incline_top(1, 0); 	Level: -1  Features: sand(1, 100); incline_bottom(1, 0); 
ROW_25	Level: -1  Features: sand(1, 100); 	Level: -1  Features: sand(1, 100); incline_bottom(1, 0); 	Level: -1  Features: incline_bottom(1, 0); 	Level: 0  Features: sand(1, 100); incline_top(1, 0); 	Level: 0  Features: sand(1, 100); 	Level: 0  Features: sand(1, 100); 	Level: 0  Features: 	Level: 0  Features: 	Level: 0  Features: 	Level: 0  Features: sand(1, 100); 	Level: 0  Features: sand(1, 100); 	Level: 0  Features: incline_top(1, 0); incline_bottom(1, 0); 	Level: -1  Features: sand(1, 100); incline_bottom(1, 0); 	Level: 0  Features: sand(1, 100); incline_top(1, 0); 	Level: 0  Features: sand(1, 100); incline_top(1, 0); 	Level: 0  Features: sand(1, 100); incline_top(1, 0); 	Level: 0  Features: sand(1, 100); incline_top(1, 0); 
ROW_26	Level: -1  Features: 	Level: -1  Features: 	Level: -1  Features: sand(1, 100); incline_bottom(1, 0); 	Level: 0  Features: sand(1, 100); incline_top(1, 0); 	Level: 0  Features: sand(1, 100); incline_top(1, 0); 	Level: 0  Features: sand(1, 100); 	Level: 0  Features: sand(1, 100); 	Level: 0  Features: 	Level: 0  Features: 	Level: 0  Features: sand(1, 100); 	Level: 0  Features: 	Level: 0  Features: sand(1, 100); incline_top(1, 0); 	Level: 0  Features: incline_top(1, 0); 	Level: -1  Features: incline_bottom(1, 0); 	Level: 0  Features: sand(1, 100); incline_top(1, 0); 	Level: -1  Features: incline_bottom(1, 0); 	Level: 0  Features: sand(1, 100); incline_top(1, 0); 
ROW_27	Level: -1  Features: incline_top(1, 0); 	Level: -1  Features: sand(1, 100); incline_top(1, 0); 	Level: -1  Features: sand(1, 100); incline_bottom(1, 0); 	Level: -1  Features: sand(1, 100); incline_top(1, 0); incline_bottom(1, 0); 	Level: 0  Features: sand(1, 100); incline_top(1, 0); 	Level: 0  Features: 	Level: 0  Features: sand(1, 100); 	Level: 0  Features: sand(1, 100); 	Level: 0  Features: sand(1, 100); 	Level: 0  Features: sand(1, 100); 	Level: 0  Features: incline_top(1, 0); 	Level: -1  Features: incline_bottom(1, 0); 	Level: -1  Features: incline_bottom(1, 0); 	Level: -1  Features: Rough; incline_bottom(1, 0); 	Level: -1  Features: incline_bottom(1, 0); 	Level: -1  Features: sand(1, 100); incline_bottom(1, 0); 	Level: 0  Features: incline_top(1, 0); 
ROW_28	Level: -1  Features: incline_top(1, 0); 	Level: -2  Features: sand(1, 100); incline_bottom(1, 0); 	Level: -1  Features: incline_top(1, 0); 	Level: -1  Features: sand(1, 100); incline_top(1, 0); 	Level: -2  Features: Water, depth: 1; 	Level: 0  Features: sand(1, 100); incline_top(1, 0); 	Level: 0  Features: sand(1, 100); incline_top(1, 0); 	Level: 0  Features: sand(1, 100); incline_top(1, 0); 	Level: 0  Features: sand(1, 100); incline_top(1, 0); 	Level: 0  Features: sand(1, 100); 	Level: 0  Features: 	Level: 0  Features: incline_top(1, 0); 	Level: 0  Features: incline_top(1, 0); 	Level: 0  Features: incline_top(1, 0); Rough; 	Level: 0  Features: incline_top(1, 0); 	Level: 0  Features: incline_top(1, 0); Rough; 	Level: 0  Features: incline_top(1, 0); 
ROW_29	Level: -2  Features: sand(1, 100); incline_bottom(1, 0); 	Level: -2  Features: sand(1, 100); incline_bottom(1, 0); 	Level: -2  Features: Water, depth: 2; 	Level: -2  Features: Water, depth: 1; 	Level: -1  Features: sand(1, 100); incline_top(1, 0); incline_bottom(1, 0); 	Level: -1  Features: incline_top(1, 0); incline_bottom(1, 0); 	Level: -1  Features: incline_bottom(1, 0); 	Level: -1  Features: sand(1, 100); incline_bottom(1, 0); 	Level: 0  Features: sand(1, 100); incline_top(1, 0); 	Level: 0  Features: sand(1, 100); 	Level: 0  Features: sand(1, 100); 	Level: 0  Features: 	Level: 0  Features: Rough; 	Level: 0  Features: Rough; 	Level: 0  Features: sand(1, 100); 	Level: 0  Features: 	Level: 0  Features: Rough; 
ROW_30	Level: -1  Features: incline_top(1, 0); 	Level: -2  Features: incline_bottom(1, 0); 	Level: -1  Features: incline_top(1, 0); 	Level: -2  Features: Water, depth: 1; 	Level: -2  Features: Water, depth: 2; 	Level: -2  Features: Water, depth: 2; 	Level: 0  Features: sand(1, 100); incline_top(1, 0); 	Level: 0  Features: sand(1, 100); incline_top(1, 0); 	Level: 0  Features: sand(1, 100); incline_top(1, 0); 	Level: 0  Features: 	Level: 0  Features: sand(1, 100); 	Level: 0  Features: sand(1, 100); 	Level: 0  Features: sand(1, 100); 	Level: 0  Features: sand(1, 100); 	Level: 0  Features: sand(1, 100); 	Level: 0  Features: 	Level: 0  Features: Rough; 
ROW_31	Level: -1  Features: incline_top(1, 0); 	Level: -1  Features: incline_top(1, 0); 	Level: -1  Features: sand(1, 100); incline_top(1, 0); 	Level: -1  Features: sand(1, 100); incline_top(1, 0); 	Level: -2  Features: Water, depth: 2; 	Level: 0  Features: sand(1, 100); incline_top(1, 0); 	Level: 0  Features: 	Level: 0  Features: sand(1, 100); 	Level: 0  Features: 	Level: 0  Features: 	Level: 0  Features: 	Level: 0  Features: sand(1, 100); 	Level: 0  Features: sand(1, 100); 	Level: 0  Features: 	Level: 0  Features: 	Level: 0  Features: 	Level: 0  Features: Rough; 
THEME	CITY_TYPE	MAP_SIZE	MAP_WIDTH	MAP_HEIGHT
desert	None	1	1
TEMPERATURE	WEATHER	GRAVITY	WIND	ATMOSPHERE	FOG	LIGHT
25	CLEAR	1.0	Calm	Standard	None	Daylight
ROUND	PHASE	PLAYER_ID	ENTITY_ID	CHASSIS	MODEL	TYPE	ROLE	X	Y	FACING	MP	HEAT	PRONE	AIRBORNE	OFF_BOARD	CRIPPLED	DESTROYED	ARMOR_P	INTERNAL_P	DONE	MAX_RANGE	TOTAL_DAMAGE	TEAM_ID
0	DEPLOYMENT	0	1	Atlas	Atlas	BipedMek	SNIPER	30	7	5	0.00	0.00	0	0	0	0	0	1.00	1.00	1	24	21	1
0	DEPLOYMENT	1	2	LRM Carrier	LRM Carrier	Tank	MISSILE_BOAT	-1	-1	0	0.00	0.00	0	0	0	0	0	1.00	1.00	0	28	60	2
0	DEPLOYMENT	1	3	LRM Carrier	LRM Carrier	Tank	MISSILE_BOAT	-1	-1	0	0.00	0.00	0	0	0	0	0	1.00	1.00	0	28	60	2
0	DEPLOYMENT	1	4	J. Edgar Light Hover Tank	J. Edgar Light Hover Tank	Tank	SCOUT	-1	-1	0	0.00	0.00	0	0	0	0	0	1.00	1.00	0	22	45	2
0	DEPLOYMENT	1	5	J. Edgar Light Hover Tank	J. Edgar Light Hover Tank	Tank	SCOUT	-1	-1	0	0.00	0.00	0	0	0	0	0	1.00	1.00	0	22	45	2
ROUND	PHASE	PLAYER_ID	ENTITY_ID	CHASSIS	MODEL	TYPE	ROLE	X	Y	FACING	MP	HEAT	PRONE	AIRBORNE	OFF_BOARD	CRIPPLED	DESTROYED	ARMOR_P	INTERNAL_P	DONE	MAX_RANGE	TOTAL_DAMAGE	TEAM_ID
0	DEPLOYMENT	0	1	Atlas	Atlas	BipedMek	SNIPER	30	7	5	0.00	0.00	0	0	0	0	0	1.00	1.00	1	24	21	1
0	DEPLOYMENT	1	2	LRM Carrier	LRM Carrier	Tank	MISSILE_BOAT	2	14	1	0.00	0.00	0	0	0	0	0	1.00	1.00	1	28	60	2
0	DEPLOYMENT	1	3	LRM Carrier	LRM Carrier	Tank	MISSILE_BOAT	-1	-1	0	0.00	0.00	0	0	0	0	0	1.00	1.00	0	28	60	2
0	DEPLOYMENT	1	4	J. Edgar Light Hover Tank	J. Edgar Light Hover Tank	Tank	SCOUT	-1	-1	0	0.00	0.00	0	0	0	0	0	1.00	1.00	0	22	45	2
0	DEPLOYMENT	1	5	J. Edgar Light Hover Tank	J. Edgar Light Hover Tank	Tank	SCOUT	-1	-1	0	0.00	0.00	0	0	0	0	0	1.00	1.00	0	22	45	2
ROUND	PHASE	PLAYER_ID	ENTITY_ID	CHASSIS	MODEL	TYPE	ROLE	X	Y	FACING	MP	HEAT	PRONE	AIRBORNE	OFF_BOARD	CRIPPLED	DESTROYED	ARMOR_P	INTERNAL_P	DONE	MAX_RANGE	TOTAL_DAMAGE	TEAM_ID
0	DEPLOYMENT	0	1	Atlas	Atlas	BipedMek	SNIPER	30	7	5	0.00	0.00	0	0	0	0	0	1.00	1.00	1	24	21	1
0	DEPLOYMENT	1	2	LRM Carrier	LRM Carrier	Tank	MISSILE_BOAT	2	14	1	0.00	0.00	0	0	0	0	0	1.00	1.00	1	28	60	2
0	DEPLOYMENT	1	3	LRM Carrier	LRM Carrier	Tank	MISSILE_BOAT	2	14	1	0.00	0.00	0	0	0	0	0	1.00	1.00	1	28	60	2
0	DEPLOYMENT	1	4	J. Edgar Light Hover Tank	J. Edgar Light Hover Tank	Tank	SCOUT	-1	-1	0	0.00	0.00	0	0	0	0	0	1.00	1.00	0	22	45	2
0	DEPLOYMENT	1	5	J. Edgar Light Hover Tank	J. Edgar Light Hover Tank	Tank	SCOUT	-1	-1	0	0.00	0.00	0	0	0	0	0	1.00	1.00	0	22	45	2
ROUND	PHASE	PLAYER_ID	ENTITY_ID	CHASSIS	MODEL	TYPE	ROLE	X	Y	FACING	MP	HEAT	PRONE	AIRBORNE	OFF_BOARD	CRIPPLED	DESTROYED	ARMOR_P	INTERNAL_P	DONE	MAX_RANGE	TOTAL_DAMAGE	TEAM_ID
0	DEPLOYMENT	0	1	Atlas	Atlas	BipedMek	SNIPER	30	7	5	0.00	0.00	0	0	0	0	0	1.00	1.00	1	24	21	1
0	DEPLOYMENT	1	2	LRM Carrier	LRM Carrier	Tank	MISSILE_BOAT	2	14	1	0.00	0.00	0	0	0	0	0	1.00	1.00	1	28	60	2
0	DEPLOYMENT	1	3	LRM Carrier	LRM Carrier	Tank	MISSILE_BOAT	2	14	1	0.00	0.00	0	0	0	0	0	1.00	1.00	1	28	60	2
0	DEPLOYMENT	1	4	J. Edgar Light Hover Tank	J. Edgar Light Hover Tank	Tank	SCOUT	2	2	2	0.00	0.00	0	0	0	0	0	1.00	1.00	1	22	45	2
0	DEPLOYMENT	1	5	J. Edgar Light Hover Tank	J. Edgar Light Hover Tank	Tank	SCOUT	-1	-1	0	0.00	0.00	0	0	0	0	0	1.00	1.00	0	22	45	2
ROUND	PHASE	PLAYER_ID	ENTITY_ID	CHASSIS	MODEL	TYPE	ROLE	X	Y	FACING	MP	HEAT	PRONE	AIRBORNE	OFF_BOARD	CRIPPLED	DESTROYED	ARMOR_P	INTERNAL_P	DONE	MAX_RANGE	TOTAL_DAMAGE	TEAM_ID
0	DEPLOYMENT	0	1	Atlas	Atlas	BipedMek	SNIPER	30	7	5	0.00	0.00	0	0	0	0	0	1.00	1.00	1	24	21	1
0	DEPLOYMENT	1	2	LRM Carrier	LRM Carrier	Tank	MISSILE_BOAT	2	14	1	0.00	0.00	0	0	0	0	0	1.00	1.00	1	28	60	2
0	DEPLOYMENT	1	3	LRM Carrier	LRM Carrier	Tank	MISSILE_BOAT	2	14	1	0.00	0.00	0	0	0	0	0	1.00	1.00	1	28	60	2
0	DEPLOYMENT	1	4	J. Edgar Light Hover Tank	J. Edgar Light Hover Tank	Tank	SCOUT	2	2	2	0.00	0.00	0	0	0	0	0	1.00	1.00	1	22	45	2
0	DEPLOYMENT	1	5	J. Edgar Light Hover Tank	J. Edgar Light Hover Tank	Tank	SCOUT	2	9	1	0.00	0.00	0	0	0	0	0	1.00	1.00	1	22	45	2
ROUND	PHASE	PLAYER_ID	ENTITY_ID	CHASSIS	MODEL	TYPE	ROLE	X	Y	FACING	MP	HEAT	PRONE	AIRBORNE	OFF_BOARD	CRIPPLED	DESTROYED	ARMOR_P	INTERNAL_P	DONE	MAX_RANGE	TOTAL_DAMAGE	TEAM_ID
1	TARGETING	0	1	Atlas	Atlas	BipedMek	SNIPER	30	7	5	0.00	0.00	0	0	0	0	0	1.00	1.00	1	24	21	1
1	TARGETING	1	2	LRM Carrier	LRM Carrier	Tank	MISSILE_BOAT	2	14	1	0.00	0.00	0	0	0	0	0	1.00	1.00	1	28	60	2
1	TARGETING	1	3	LRM Carrier	LRM Carrier	Tank	MISSILE_BOAT	2	14	1	0.00	0.00	0	0	0	0	0	1.00	1.00	1	28	60	2
1	TARGETING	1	4	J. Edgar Light Hover Tank	J. Edgar Light Hover Tank	Tank	SCOUT	2	2	2	0.00	0.00	0	0	0	0	0	1.00	1.00	1	22	45	2
1	TARGETING	1	5	J. Edgar Light Hover Tank	J. Edgar Light Hover Tank	Tank	SCOUT	2	9	1	0.00	0.00	0	0	0	0	0	1.00	1.00	1	22	45	2
PLAYER_ID	ENTITY_ID	CHASSIS	MODEL	FACING	FROM_X	FROM_Y	TO_X	TO_Y	HEXES_MOVED	DISTANCE	MP_USED	MAX_MP	MP_P	HEAT_P	ARMOR_P	INTERNAL_P	JUMPING	PRONE	LEGAL	STEPS	TEAM_ID	CHANCE_OF_FAILURE	IS_BOT
1	3	LRM Carrier	(3055 Upgrade)	1	3	13	5	12	3	0	3	4	0.75	0.00	1.00	1.00	0	0	1	FORWARDS FORWARDS FORWARDS	2	0.00	1
ROUND	PHASE	PLAYER_ID	ENTITY_ID	CHASSIS	MODEL	TYPE	ROLE	X	Y	FACING	MP	HEAT	PRONE	AIRBORNE	OFF_BOARD	CRIPPLED	DESTROYED	ARMOR_P	INTERNAL_P	DONE	MAX_RANGE	TOTAL_DAMAGE	TEAM_ID
1	MOVEMENT	0	1	Atlas	Atlas	BipedMek	SNIPER	30	7	5	0.00	0.00	0	0	0	0	0	1.00	1.00	0	24	21	1
1	MOVEMENT	1	2	LRM Carrier	LRM Carrier	Tank	MISSILE_BOAT	2	14	1	0.00	0.00	0	0	0	0	0	1.00	1.00	0	28	60	2
1	MOVEMENT	1	3	LRM Carrier	LRM Carrier	Tank	MISSILE_BOAT	5	12	1	0.00	0.00	0	0	0	0	0	1.00	1.00	1	28	60	2
1	MOVEMENT	1	4	J. Edgar Light Hover Tank	J. Edgar Light Hover Tank	Tank	SCOUT	2	2	2	0.00	0.00	0	0	0	0	0	1.00	1.00	0	22	45	2
1	MOVEMENT	1	5	J. Edgar Light Hover Tank	J. Edgar Light Hover Tank	Tank	SCOUT	2	9	1	0.00	0.00	0	0	0	0	0	1.00	1.00	0	22	45	2
PLAYER_ID	ENTITY_ID	CHASSIS	MODEL	FACING	FROM_X	FROM_Y	TO_X	TO_Y	HEXES_MOVED	DISTANCE	MP_USED	MAX_MP	MP_P	HEAT_P	ARMOR_P	INTERNAL_P	JUMPING	PRONE	LEGAL	STEPS	TEAM_ID	CHANCE_OF_FAILURE	IS_BOT
1	2	LRM Carrier	(3055 Upgrade)	1	3	13	5	12	3	0	3	4	0.75	0.00	1.00	1.00	0	0	1	FORWARDS FORWARDS FORWARDS	2	0.00	1
ROUND	PHASE	PLAYER_ID	ENTITY_ID	CHASSIS	MODEL	TYPE	ROLE	X	Y	FACING	MP	HEAT	PRONE	AIRBORNE	OFF_BOARD	CRIPPLED	DESTROYED	ARMOR_P	INTERNAL_P	DONE	MAX_RANGE	TOTAL_DAMAGE	TEAM_ID
1	MOVEMENT	0	1	Atlas	Atlas	BipedMek	SNIPER	30	7	5	0.00	0.00	0	0	0	0	0	1.00	1.00	0	24	21	1
1	MOVEMENT	1	2	LRM Carrier	LRM Carrier	Tank	MISSILE_BOAT	5	12	1	0.00	0.00	0	0	0	0	0	1.00	1.00	1	28	60	2
1	MOVEMENT	1	3	LRM Carrier	LRM Carrier	Tank	MISSILE_BOAT	5	12	1	0.00	0.00	0	0	0	0	0	1.00	1.00	1	28	60	2
1	MOVEMENT	1	4	J. Edgar Light Hover Tank	J. Edgar Light Hover Tank	Tank	SCOUT	2	2	2	0.00	0.00	0	0	0	0	0	1.00	1.00	0	22	45	2
1	MOVEMENT	1	5	J. Edgar Light Hover Tank	J. Edgar Light Hover Tank	Tank	SCOUT	2	9	1	0.00	0.00	0	0	0	0	0	1.00	1.00	0	22	45	2
PLAYER_ID	ENTITY_ID	CHASSIS	MODEL	FACING	FROM_X	FROM_Y	TO_X	TO_Y	HEXES_MOVED	DISTANCE	MP_USED	MAX_MP	MP_P	HEAT_P	ARMOR_P	INTERNAL_P	JUMPING	PRONE	LEGAL	STEPS	TEAM_ID	CHANCE_OF_FAILURE	IS_BOT
1	5	J. Edgar Light Hover Tank	(LAC)	1	2	9	11	13	9	0	11	16	0.69	0.00	1.00	1.00	0	0	1	TURN_RIGHT FORWARDS FORWARDS FORWARDS FORWARDS FORWARDS FORWARDS FORWARDS FORWARDS FORWARDS TURN_LEFT	2	0.00	1
ROUND	PHASE	PLAYER_ID	ENTITY_ID	CHASSIS	MODEL	TYPE	ROLE	X	Y	FACING	MP	HEAT	PRONE	AIRBORNE	OFF_BOARD	CRIPPLED	DESTROYED	ARMOR_P	INTERNAL_P	DONE	MAX_RANGE	TOTAL_DAMAGE	TEAM_ID
1	MOVEMENT	0	1	Atlas	Atlas	BipedMek	SNIPER	30	7	5	0.00	0.00	0	0	0	0	0	1.00	1.00	0	24	21	1
1	MOVEMENT	1	2	LRM Carrier	LRM Carrier	Tank	MISSILE_BOAT	5	12	1	0.00	0.00	0	0	0	0	0	1.00	1.00	1	28	60	2
1	MOVEMENT	1	3	LRM Carrier	LRM Carrier	Tank	MISSILE_BOAT	5	12	1	0.00	0.00	0	0	0	0	0	1.00	1.00	1	28	60	2
1	MOVEMENT	1	4	J. Edgar Light Hover Tank	J. Edgar Light Hover Tank	Tank	SCOUT	2	2	2	0.00	0.00	0	0	0	0	0	1.00	1.00	0	22	45	2
1	MOVEMENT	1	5	J. Edgar Light Hover Tank	J. Edgar Light Hover Tank	Tank	SCOUT	11	13	1	0.00	0.00	0	0	0	0	0	1.00	1.00	1	22	45	2
PLAYER_ID	ENTITY_ID	CHASSIS	MODEL	FACING	FROM_X	FROM_Y	TO_X	TO_Y	HEXES_MOVED	DISTANCE	MP_USED	MAX_MP	MP_P	HEAT_P	ARMOR_P	INTERNAL_P	JUMPING	PRONE	LEGAL	STEPS	TEAM_ID	CHANCE_OF_FAILURE	IS_BOT
1	4	J. Edgar Light Hover Tank	(LAC)	2	3	2	8	5	6	0	10	16	0.62	0.00	1.00	1.00	0	0	1	FORWARDS FORWARDS FORWARDS FORWARDS FORWARDS FORWARDS	2	0.00	1
ROUND	PHASE	PLAYER_ID	ENTITY_ID	CHASSIS	MODEL	TYPE	ROLE	X	Y	FACING	MP	HEAT	PRONE	AIRBORNE	OFF_BOARD	CRIPPLED	DESTROYED	ARMOR_P	INTERNAL_P	DONE	MAX_RANGE	TOTAL_DAMAGE	TEAM_ID
1	MOVEMENT	0	1	Atlas	Atlas	BipedMek	SNIPER	30	7	5	0.00	0.00	0	0	0	0	0	1.00	1.00	0	24	21	1
1	MOVEMENT	1	2	LRM Carrier	LRM Carrier	Tank	MISSILE_BOAT	5	12	1	0.00	0.00	0	0	0	0	0	1.00	1.00	1	28	60	2
1	MOVEMENT	1	3	LRM Carrier	LRM Carrier	Tank	MISSILE_BOAT	5	12	1	0.00	0.00	0	0	0	0	0	1.00	1.00	1	28	60	2
1	MOVEMENT	1	4	J. Edgar Light Hover Tank	J. Edgar Light Hover Tank	Tank	SCOUT	8	5	2	0.00	0.00	0	0	0	0	0	1.00	1.00	1	22	45	2
1	MOVEMENT	1	5	J. Edgar Light Hover Tank	J. Edgar Light Hover Tank	Tank	SCOUT	11	13	1	0.00	0.00	0	0	0	0	0	1.00	1.00	1	22	45	2
PLAYER_ID	ENTITY_ID	CHASSIS	MODEL	FACING	FROM_X	FROM_Y	TO_X	TO_Y	HEXES_MOVED	DISTANCE	MP_USED	MAX_MP	MP_P	HEAT_P	ARMOR_P	INTERNAL_P	JUMPING	PRONE	LEGAL	STEPS	TEAM_ID	CHANCE_OF_FAILURE	IS_BOT
0	1	Atlas	AS7-00 (Jurn)	5	29	6	27	5	3	0	5	6	0.83	0.00	1.00	1.00	0	0	1	FORWARDS FORWARDS FORWARDS	1	0.00	0
ROUND	PHASE	PLAYER_ID	ENTITY_ID	CHASSIS	MODEL	TYPE	ROLE	X	Y	FACING	MP	HEAT	PRONE	AIRBORNE	OFF_BOARD	CRIPPLED	DESTROYED	ARMOR_P	INTERNAL_P	DONE	MAX_RANGE	TOTAL_DAMAGE	TEAM_ID
1	MOVEMENT	0	1	Atlas	Atlas	BipedMek	SNIPER	27	5	5	0.00	0.00	0	0	0	0	0	1.00	1.00	1	24	21	1
1	MOVEMENT	1	2	LRM Carrier	LRM Carrier	Tank	MISSILE_BOAT	5	12	1	0.00	0.00	0	0	0	0	0	1.00	1.00	1	28	60	2
1	MOVEMENT	1	3	LRM Carrier	LRM Carrier	Tank	MISSILE_BOAT	5	12	1	0.00	0.00	0	0	0	0	0	1.00	1.00	1	28	60	2
1	MOVEMENT	1	4	J. Edgar Light Hover Tank	J. Edgar Light Hover Tank	Tank	SCOUT	8	5	2	0.00	0.00	0	0	0	0	0	1.00	1.00	1	22	45	2
1	MOVEMENT	1	5	J. Edgar Light Hover Tank	J. Edgar Light Hover Tank	Tank	SCOUT	11	13	1	0.00	0.00	0	0	0	0	0	1.00	1.00	1	22	45	2
ROUND	PHASE	PLAYER_ID	ENTITY_ID	CHASSIS	MODEL	TYPE	ROLE	X	Y	FACING	MP	HEAT	PRONE	AIRBORNE	OFF_BOARD	CRIPPLED	DESTROYED	ARMOR_P	INTERNAL_P	DONE	MAX_RANGE	TOTAL_DAMAGE	TEAM_ID
1	OFFBOARD	0	1	Atlas	Atlas	BipedMek	SNIPER	27	5	5	0.00	0.00	0	0	0	0	0	1.00	1.00	1	24	21	1
1	OFFBOARD	1	2	LRM Carrier	LRM Carrier	Tank	MISSILE_BOAT	5	12	1	0.00	0.00	0	0	0	0	0	1.00	1.00	1	28	60	2
1	OFFBOARD	1	3	LRM Carrier	LRM Carrier	Tank	MISSILE_BOAT	5	12	1	0.00	0.00	0	0	0	0	0	1.00	1.00	1	28	60	2
1	OFFBOARD	1	4	J. Edgar Light Hover Tank	J. Edgar Light Hover Tank	Tank	SCOUT	8	5	2	0.00	0.00	0	0	0	0	0	1.00	1.00	1	22	45	2
1	OFFBOARD	1	5	J. Edgar Light Hover Tank	J. Edgar Light Hover Tank	Tank	SCOUT	11	13	1	0.00	0.00	0	0	0	0	0	1.00	1.00	1	22	45	2
ROUND	PHASE	PLAYER_ID	ENTITY_ID	CHASSIS	MODEL	TYPE	ROLE	X	Y	FACING	MP	HEAT	PRONE	AIRBORNE	OFF_BOARD	CRIPPLED	DESTROYED	ARMOR_P	INTERNAL_P	DONE	MAX_RANGE	TOTAL_DAMAGE	TEAM_ID
1	FIRING	0	1	Atlas	Atlas	BipedMek	SNIPER	27	5	5	0.00	0.00	0	0	0	0	0	1.00	1.00	1	24	21	1
1	FIRING	1	2	LRM Carrier	LRM Carrier	Tank	MISSILE_BOAT	5	12	1	0.00	0.00	0	0	0	0	0	1.00	1.00	1	28	60	2
1	FIRING	1	3	LRM Carrier	LRM Carrier	Tank	MISSILE_BOAT	5	12	1	0.00	0.00	0	0	0	0	0	1.00	1.00	1	28	60	2
1	FIRING	1	4	J. Edgar Light Hover Tank	J. Edgar Light Hover Tank	Tank	SCOUT	8	5	2	0.00	0.00	0	0	0	0	0	1.00	1.00	1	22	45	2
1	FIRING	1	5	J. Edgar Light Hover Tank	J. Edgar Light Hover Tank	Tank	SCOUT	11	13	1	0.00	0.00	0	0	0	0	0	1.00	1.00	1	22	45	2
ROUND	PHASE	PLAYER_ID	ENTITY_ID	CHASSIS	MODEL	TYPE	ROLE	X	Y	FACING	MP	HEAT	PRONE	AIRBORNE	OFF_BOARD	CRIPPLED	DESTROYED	ARMOR_P	INTERNAL_P	DONE	MAX_RANGE	TOTAL_DAMAGE	TEAM_ID
2	TARGETING	0	1	Atlas	Atlas	BipedMek	SNIPER	27	5	5	5.00	0.00	0	0	0	0	0	1.00	1.00	1	24	21	1
2	TARGETING	1	2	LRM Carrier	LRM Carrier	Tank	MISSILE_BOAT	5	12	1	3.00	0.00	0	0	0	0	0	1.00	1.00	1	28	60	2
2	TARGETING	1	3	LRM Carrier	LRM Carrier	Tank	MISSILE_BOAT	5	12	1	3.00	0.00	0	0	0	0	0	1.00	1.00	1	28	60	2
2	TARGETING	1	4	J. Edgar Light Hover Tank	J. Edgar Light Hover Tank	Tank	SCOUT	8	5	2	10.00	0.00	0	0	0	0	0	1.00	1.00	1	22	45	2
2	TARGETING	1	5	J. Edgar Light Hover Tank	J. Edgar Light Hover Tank	Tank	SCOUT	11	13	1	11.00	0.00	0	0	0	0	0	1.00	1.00	1	22	45	2
PLAYER_ID	ENTITY_ID	CHASSIS	MODEL	FACING	FROM_X	FROM_Y	TO_X	TO_Y	HEXES_MOVED	DISTANCE	MP_USED	MAX_MP	MP_P	HEAT_P	ARMOR_P	INTERNAL_P	JUMPING	PRONE	LEGAL	STEPS	TEAM_ID	CHANCE_OF_FAILURE	IS_BOT
1	3	LRM Carrier	(3055 Upgrade)	1	6	12	8	11	3	0	3	4	0.75	0.00	1.00	1.00	0	0	1	FORWARDS FORWARDS FORWARDS	2	0.00	1
ROUND	PHASE	PLAYER_ID	ENTITY_ID	CHASSIS	MODEL	TYPE	ROLE	X	Y	FACING	MP	HEAT	PRONE	AIRBORNE	OFF_BOARD	CRIPPLED	DESTROYED	ARMOR_P	INTERNAL_P	DONE	MAX_RANGE	TOTAL_DAMAGE	TEAM_ID
2	MOVEMENT	0	1	Atlas	Atlas	BipedMek	SNIPER	27	5	5	5.00	0.00	0	0	0	0	0	1.00	1.00	0	24	21	1
2	MOVEMENT	1	2	LRM Carrier	LRM Carrier	Tank	MISSILE_BOAT	5	12	1	3.00	0.00	0	0	0	0	0	1.00	1.00	0	28	60	2
2	MOVEMENT	1	3	LRM Carrier	LRM Carrier	Tank	MISSILE_BOAT	8	11	1	3.00	0.00	0	0	0	0	0	1.00	1.00	1	28	60	2
2	MOVEMENT	1	4	J. Edgar Light Hover Tank	J. Edgar Light Hover Tank	Tank	SCOUT	8	5	2	10.00	0.00	0	0	0	0	0	1.00	1.00	0	22	45	2
2	MOVEMENT	1	5	J. Edgar Light Hover Tank	J. Edgar Light Hover Tank	Tank	SCOUT	11	13	1	11.00	0.00	0	0	0	0	0	1.00	1.00	0	22	45	2
PLAYER_ID	ENTITY_ID	CHASSIS	MODEL	FACING	FROM_X	FROM_Y	TO_X	TO_Y	HEXES_MOVED	DISTANCE	MP_USED	MAX_MP	MP_P	HEAT_P	ARMOR_P	INTERNAL_P	JUMPING	PRONE	LEGAL	STEPS	TEAM_ID	CHANCE_OF_FAILURE	IS_BOT
1	2	LRM Carrier	(3055 Upgrade)	1	6	12	8	11	3	0	3	4	0.75	0.00	1.00	1.00	0	0	1	FORWARDS FORWARDS FORWARDS	2	0.00	1
ROUND	PHASE	PLAYER_ID	ENTITY_ID	CHASSIS	MODEL	TYPE	ROLE	X	Y	FACING	MP	HEAT	PRONE	AIRBORNE	OFF_BOARD	CRIPPLED	DESTROYED	ARMOR_P	INTERNAL_P	DONE	MAX_RANGE	TOTAL_DAMAGE	TEAM_ID
2	MOVEMENT	0	1	Atlas	Atlas	BipedMek	SNIPER	27	5	5	5.00	0.00	0	0	0	0	0	1.00	1.00	0	24	21	1
2	MOVEMENT	1	2	LRM Carrier	LRM Carrier	Tank	MISSILE_BOAT	8	11	1	3.00	0.00	0	0	0	0	0	1.00	1.00	1	28	60	2
2	MOVEMENT	1	3	LRM Carrier	LRM Carrier	Tank	MISSILE_BOAT	8	11	1	3.00	0.00	0	0	0	0	0	1.00	1.00	1	28	60	2
2	MOVEMENT	1	4	J. Edgar Light Hover Tank	J. Edgar Light Hover Tank	Tank	SCOUT	8	5	2	10.00	0.00	0	0	0	0	0	1.00	1.00	0	22	45	2
2	MOVEMENT	1	5	J. Edgar Light Hover Tank	J. Edgar Light Hover Tank	Tank	SCOUT	11	13	1	11.00	0.00	0	0	0	0	0	1.00	1.00	0	22	45	2
PLAYER_ID	ENTITY_ID	CHASSIS	MODEL	FACING	FROM_X	FROM_Y	TO_X	TO_Y	HEXES_MOVED	DISTANCE	MP_USED	MAX_MP	MP_P	HEAT_P	ARMOR_P	INTERNAL_P	JUMPING	PRONE	LEGAL	STEPS	TEAM_ID	CHANCE_OF_FAILURE	IS_BOT
1	4	J. Edgar Light Hover Tank	(LAC)	1	9	5	17	9	9	0	12	16	0.75	0.00	1.00	1.00	0	0	1	FORWARDS FORWARDS FORWARDS FORWARDS FORWARDS FORWARDS FORWARDS FORWARDS FORWARDS TURN_LEFT	2	0.00	1
ROUND	PHASE	PLAYER_ID	ENTITY_ID	CHASSIS	MODEL	TYPE	ROLE	X	Y	FACING	MP	HEAT	PRONE	AIRBORNE	OFF_BOARD	CRIPPLED	DESTROYED	ARMOR_P	INTERNAL_P	DONE	MAX_RANGE	TOTAL_DAMAGE	TEAM_ID
2	MOVEMENT	0	1	Atlas	Atlas	BipedMek	SNIPER	27	5	5	5.00	0.00	0	0	0	0	0	1.00	1.00	0	24	21	1
2	MOVEMENT	1	2	LRM Carrier	LRM Carrier	Tank	MISSILE_BOAT	8	11	1	3.00	0.00	0	0	0	0	0	1.00	1.00	1	28	60	2
2	MOVEMENT	1	3	LRM Carrier	LRM Carrier	Tank	MISSILE_BOAT	8	11	1	3.00	0.00	0	0	0	0	0	1.00	1.00	1	28	60	2
2	MOVEMENT	1	4	J. Edgar Light Hover Tank	J. Edgar Light Hover Tank	Tank	SCOUT	17	9	1	10.00	0.00	0	0	0	0	0	1.00	1.00	1	22	45	2
2	MOVEMENT	1	5	J. Edgar Light Hover Tank	J. Edgar Light Hover Tank	Tank	SCOUT	11	13	1	11.00	0.00	0	0	0	0	0	1.00	1.00	0	22	45	2
PLAYER_ID	ENTITY_ID	CHASSIS	MODEL	FACING	FROM_X	FROM_Y	TO_X	TO_Y	HEXES_MOVED	DISTANCE	MP_USED	MAX_MP	MP_P	HEAT_P	ARMOR_P	INTERNAL_P	JUMPING	PRONE	LEGAL	STEPS	TEAM_ID	CHANCE_OF_FAILURE	IS_BOT
1	5	J. Edgar Light Hover Tank	(LAC)	1	12	13	19	9	8	0	12	16	0.75	0.00	1.00	1.00	0	0	1	FORWARDS FORWARDS FORWARDS FORWARDS FORWARDS FORWARDS FORWARDS FORWARDS	2	0.00	1
ROUND	PHASE	PLAYER_ID	ENTITY_ID	CHASSIS	MODEL	TYPE	ROLE	X	Y	FACING	MP	HEAT	PRONE	AIRBORNE	OFF_BOARD	CRIPPLED	DESTROYED	ARMOR_P	INTERNAL_P	DONE	MAX_RANGE	TOTAL_DAMAGE	TEAM_ID
2	MOVEMENT	0	1	Atlas	Atlas	BipedMek	SNIPER	27	5	5	5.00	0.00	0	0	0	0	0	1.00	1.00	0	24	21	1
2	MOVEMENT	1	2	LRM Carrier	LRM Carrier	Tank	MISSILE_BOAT	8	11	1	3.00	0.00	0	0	0	0	0	1.00	1.00	1	28	60	2
2	MOVEMENT	1	3	LRM Carrier	LRM Carrier	Tank	MISSILE_BOAT	8	11	1	3.00	0.00	0	0	0	0	0	1.00	1.00	1	28	60	2
2	MOVEMENT	1	4	J. Edgar Light Hover Tank	J. Edgar Light Hover Tank	Tank	SCOUT	17	9	1	10.00	0.00	0	0	0	0	0	1.00	1.00	1	22	45	2
2	MOVEMENT	1	5	J. Edgar Light Hover Tank	J. Edgar Light Hover Tank	Tank	SCOUT	19	9	1	11.00	0.00	0	0	0	0	0	1.00	1.00	1	22	45	2
PLAYER_ID	ENTITY_ID	CHASSIS	MODEL	FACING	FROM_X	FROM_Y	TO_X	TO_Y	HEXES_MOVED	DISTANCE	MP_USED	MAX_MP	MP_P	HEAT_P	ARMOR_P	INTERNAL_P	JUMPING	PRONE	LEGAL	STEPS	TEAM_ID	CHANCE_OF_FAILURE	IS_BOT
0	1	Atlas	AS7-00 (Jurn)	5	-1	-1	27	5	0	0	0	5	0.00	0.00	1.00	1.00	0	0	1		1	0.00	0
ROUND	PHASE	PLAYER_ID	ENTITY_ID	CHASSIS	MODEL	TYPE	ROLE	X	Y	FACING	MP	HEAT	PRONE	AIRBORNE	OFF_BOARD	CRIPPLED	DESTROYED	ARMOR_P	INTERNAL_P	DONE	MAX_RANGE	TOTAL_DAMAGE	TEAM_ID
2	MOVEMENT	0	1	Atlas	Atlas	BipedMek	SNIPER	27	5	5	5.00	0.00	0	0	0	0	0	1.00	1.00	1	24	21	1
2	MOVEMENT	1	2	LRM Carrier	LRM Carrier	Tank	MISSILE_BOAT	8	11	1	3.00	0.00	0	0	0	0	0	1.00	1.00	1	28	60	2
2	MOVEMENT	1	3	LRM Carrier	LRM Carrier	Tank	MISSILE_BOAT	8	11	1	3.00	0.00	0	0	0	0	0	1.00	1.00	1	28	60	2
2	MOVEMENT	1	4	J. Edgar Light Hover Tank	J. Edgar Light Hover Tank	Tank	SCOUT	17	9	1	10.00	0.00	0	0	0	0	0	1.00	1.00	1	22	45	2
2	MOVEMENT	1	5	J. Edgar Light Hover Tank	J. Edgar Light Hover Tank	Tank	SCOUT	19	9	1	11.00	0.00	0	0	0	0	0	1.00	1.00	1	22	45	2
ROUND	PHASE	PLAYER_ID	ENTITY_ID	CHASSIS	MODEL	TYPE	ROLE	X	Y	FACING	MP	HEAT	PRONE	AIRBORNE	OFF_BOARD	CRIPPLED	DESTROYED	ARMOR_P	INTERNAL_P	DONE	MAX_RANGE	TOTAL_DAMAGE	TEAM_ID
2	OFFBOARD	0	1	Atlas	Atlas	BipedMek	SNIPER	27	5	5	5.00	0.00	0	0	0	0	0	1.00	1.00	1	24	21	1
2	OFFBOARD	1	2	LRM Carrier	LRM Carrier	Tank	MISSILE_BOAT	8	11	1	3.00	0.00	0	0	0	0	0	1.00	1.00	1	28	60	2
2	OFFBOARD	1	3	LRM Carrier	LRM Carrier	Tank	MISSILE_BOAT	8	11	1	3.00	0.00	0	0	0	0	0	1.00	1.00	1	28	60	2
2	OFFBOARD	1	4	J. Edgar Light Hover Tank	J. Edgar Light Hover Tank	Tank	SCOUT	17	9	1	10.00	0.00	0	0	0	0	0	1.00	1.00	1	22	45	2
2	OFFBOARD	1	5	J. Edgar Light Hover Tank	J. Edgar Light Hover Tank	Tank	SCOUT	19	9	1	11.00	0.00	0	0	0	0	0	1.00	1.00	1	22	45	2
ROUND	PLAYER_ID	ENTITY_ID	TYPE	ROLE	X	Y	FACING	TARGET_PLAYER_ID	TARGET_ID	TARGET_TYPE	TARGET_ROLE	TARGET_X	TARGET_Y	TARGET_FACING	AIMING_LOC	AIMING_MODE	WEAPON_ID	AMMO_ID	ATA	ATG	GTG	GTA	TO_HIT	TURNS_TO_HIT	SPOTTER_ID
2	1	5	Tank	SCOUT	19	9	1	0	1	BipedMek	SNIPER	27	5	5	-1	NONE	0	9	0	0	1	0	9.00	0	-1
2	1	5	Tank	SCOUT	19	9	1	0	1	BipedMek	SNIPER	27	5	5	-1	NONE	1	2	0	0	1	0	9.00	0	-1
2	1	5	Tank	SCOUT	19	9	1	0	1	BipedMek	SNIPER	27	5	5	-1	NONE	3	2	0	0	1	0	9.00	0	-1
2	1	5	Tank	SCOUT	19	9	1	0	1	BipedMek	SNIPER	27	5	5	-1	NONE	5	2	0	0	1	0	9.00	0	-1
2	1	5	Tank	SCOUT	19	9	1	0	1	BipedMek	SNIPER	27	5	5	-1	NONE	7	2	0	0	1	0	9.00	0	-1
ROUND	PLAYER_ID	ENTITY_ID	TYPE	ROLE	X	Y	FACING	TARGET_PLAYER_ID	TARGET_ID	TARGET_TYPE	TARGET_ROLE	TARGET_X	TARGET_Y	TARGET_FACING	AIMING_LOC	AIMING_MODE	WEAPON_ID	AMMO_ID	ATA	ATG	GTG	GTA	TO_HIT	TURNS_TO_HIT	SPOTTER_ID
2	1	4	Tank	SCOUT	17	9	1	0	1	BipedMek	SNIPER	27	5	5	-1	NONE	0	9	0	0	1	0	9.00	0	-1
2	1	4	Tank	SCOUT	17	9	1	0	1	BipedMek	SNIPER	27	5	5	-1	NONE	1	2	0	0	1	0	9.00	0	-1
2	1	4	Tank	SCOUT	17	9	1	0	1	BipedMek	SNIPER	27	5	5	-1	NONE	3	2	0	0	1	0	9.00	0	-1
2	1	4	Tank	SCOUT	17	9	1	0	1	BipedMek	SNIPER	27	5	5	-1	NONE	5	2	0	0	1	0	9.00	0	-1
2	1	4	Tank	SCOUT	17	9	1	0	1	BipedMek	SNIPER	27	5	5	-1	NONE	7	2	0	0	1	0	9.00	0	-1
ROUND	PLAYER_ID	ENTITY_ID	TYPE	ROLE	X	Y	FACING	TARGET_PLAYER_ID	TARGET_ID	TARGET_TYPE	TARGET_ROLE	TARGET_X	TARGET_Y	TARGET_FACING	AIMING_LOC	AIMING_MODE	WEAPON_ID	AMMO_ID	ATA	ATG	GTG	GTA	TO_HIT	TURNS_TO_HIT	SPOTTER_ID
2	1	2	Tank	MISSILE_BOAT	8	11	1	0	1	BipedMek	SNIPER	27	5	5	-1	NONE	0	6	0	0	1	0	10.00	0	-1
2	1	2	Tank	MISSILE_BOAT	8	11	1	0	1	BipedMek	SNIPER	27	5	5	-1	NONE	2	6	0	0	1	0	10.00	0	-1
2	1	2	Tank	MISSILE_BOAT	8	11	1	0	1	BipedMek	SNIPER	27	5	5	-1	NONE	4	6	0	0	1	0	10.00	0	-1
ROUND	PLAYER_ID	ENTITY_ID	TYPE	ROLE	X	Y	FACING	TARGET_PLAYER_ID	TARGET_ID	TARGET_TYPE	TARGET_ROLE	TARGET_X	TARGET_Y	TARGET_FACING	AIMING_LOC	AIMING_MODE	WEAPON_ID	AMMO_ID	ATA	ATG	GTG	GTA	TO_HIT	TURNS_TO_HIT	SPOTTER_ID
2	1	3	Tank	MISSILE_BOAT	8	11	1	0	1	BipedMek	SNIPER	27	5	5	-1	NONE	0	6	0	0	1	0	10.00	0	-1
2	1	3	Tank	MISSILE_BOAT	8	11	1	0	1	BipedMek	SNIPER	27	5	5	-1	NONE	2	6	0	0	1	0	10.00	0	-1
2	1	3	Tank	MISSILE_BOAT	8	11	1	0	1	BipedMek	SNIPER	27	5	5	-1	NONE	4	6	0	0	1	0	10.00	0	-1
2	0	1	BipedMek	SNIPER	27	5	5	1	5	Tank	SCOUT	19	9	1	-1	NONE	17	-1	0	0	1	0	7.00	0	-1
2	0	1	BipedMek	SNIPER	27	5	5	1	5	Tank	SCOUT	19	9	1	-1	NONE	16	13	0	0	1	0	9.00	0	-1
2	0	1	BipedMek	SNIPER	27	5	5	1	5	Tank	SCOUT	19	9	1	-1	NONE	6	-1	0	0	1	0	9.00	0	-1
2	0	1	BipedMek	SNIPER	27	5	5	1	5	Tank	SCOUT	19	9	1	-1	NONE	9	-1	0	0	1	0	9.00	0	-1
ROUND	PHASE	PLAYER_ID	ENTITY_ID	CHASSIS	MODEL	TYPE	ROLE	X	Y	FACING	MP	HEAT	PRONE	AIRBORNE	OFF_BOARD	CRIPPLED	DESTROYED	ARMOR_P	INTERNAL_P	DONE	MAX_RANGE	TOTAL_DAMAGE	TEAM_ID
2	FIRING	0	1	Atlas	Atlas	BipedMek	SNIPER	27	5	5	5.00	0.00	0	0	0	0	0	0.97	1.00	1	24	21	1
2	FIRING	1	2	LRM Carrier	LRM Carrier	Tank	MISSILE_BOAT	8	11	1	3.00	0.00	0	0	0	0	0	1.00	1.00	1	0	60	2
2	FIRING	1	3	LRM Carrier	LRM Carrier	Tank	MISSILE_BOAT	8	11	1	3.00	0.00	0	0	0	0	0	1.00	1.00	1	0	60	2
2	FIRING	1	4	J. Edgar Light Hover Tank	J. Edgar Light Hover Tank	Tank	SCOUT	17	9	1	10.00	0.00	0	0	0	0	0	1.00	1.00	1	0	5	2
2	FIRING	1	5	J. Edgar Light Hover Tank	J. Edgar Light Hover Tank	Tank	SCOUT	19	9	1	11.00	0.00	0	0	0	0	0	0.78	1.00	1	0	5	2
ROUND	PHASE	PLAYER_ID	ENTITY_ID	CHASSIS	MODEL	TYPE	ROLE	X	Y	FACING	MP	HEAT	PRONE	AIRBORNE	OFF_BOARD	CRIPPLED	DESTROYED	ARMOR_P	INTERNAL_P	DONE	MAX_RANGE	TOTAL_DAMAGE	TEAM_ID
3	TARGETING	0	1	Atlas	Atlas	BipedMek	SNIPER	27	5	5	0.00	0.00	0	0	0	0	0	0.97	1.00	1	24	21	1
3	TARGETING	1	2	LRM Carrier	LRM Carrier	Tank	MISSILE_BOAT	8	11	1	3.00	0.00	0	0	0	0	0	1.00	1.00	1	28	60	2
3	TARGETING	1	3	LRM Carrier	LRM Carrier	Tank	MISSILE_BOAT	8	11	1	3.00	0.00	0	0	0	0	0	1.00	1.00	1	28	60	2
3	TARGETING	1	4	J. Edgar Light Hover Tank	J. Edgar Light Hover Tank	Tank	SCOUT	17	9	1	12.00	0.00	0	0	0	0	0	1.00	1.00	1	20	5	2
3	TARGETING	1	5	J. Edgar Light Hover Tank	J. Edgar Light Hover Tank	Tank	SCOUT	19	9	1	12.00	0.00	0	0	0	0	0	0.78	1.00	1	20	5	2
PLAYER_ID	ENTITY_ID	CHASSIS	MODEL	FACING	FROM_X	FROM_Y	TO_X	TO_Y	HEXES_MOVED	DISTANCE	MP_USED	MAX_MP	MP_P	HEAT_P	ARMOR_P	INTERNAL_P	JUMPING	PRONE	LEGAL	STEPS	TEAM_ID	CHANCE_OF_FAILURE	IS_BOT
1	3	LRM Carrier	(3055 Upgrade)	1	9	10	9	10	1	0	1	4	0.25	0.00	1.00	1.00	0	0	1	FORWARDS	2	0.00	1
ROUND	PHASE	PLAYER_ID	ENTITY_ID	CHASSIS	MODEL	TYPE	ROLE	X	Y	FACING	MP	HEAT	PRONE	AIRBORNE	OFF_BOARD	CRIPPLED	DESTROYED	ARMOR_P	INTERNAL_P	DONE	MAX_RANGE	TOTAL_DAMAGE	TEAM_ID
3	MOVEMENT	0	1	Atlas	Atlas	BipedMek	SNIPER	27	5	5	0.00	0.00	0	0	0	0	0	0.97	1.00	0	24	21	1
3	MOVEMENT	1	2	LRM Carrier	LRM Carrier	Tank	MISSILE_BOAT	8	11	1	3.00	0.00	0	0	0	0	0	1.00	1.00	0	28	60	2
3	MOVEMENT	1	3	LRM Carrier	LRM Carrier	Tank	MISSILE_BOAT	9	10	1	3.00	0.00	0	0	0	0	0	1.00	1.00	1	28	60	2
3	MOVEMENT	1	4	J. Edgar Light Hover Tank	J. Edgar Light Hover Tank	Tank	SCOUT	17	9	1	12.00	0.00	0	0	0	0	0	1.00	1.00	0	20	5	2
3	MOVEMENT	1	5	J. Edgar Light Hover Tank	J. Edgar Light Hover Tank	Tank	SCOUT	19	9	1	12.00	0.00	0	0	0	0	0	0.78	1.00	0	20	5	2
PLAYER_ID	ENTITY_ID	CHASSIS	MODEL	FACING	FROM_X	FROM_Y	TO_X	TO_Y	HEXES_MOVED	DISTANCE	MP_USED	MAX_MP	MP_P	HEAT_P	ARMOR_P	INTERNAL_P	JUMPING	PRONE	LEGAL	STEPS	TEAM_ID	CHANCE_OF_FAILURE	IS_BOT
1	2	LRM Carrier	(3055 Upgrade)	1	9	10	9	10	1	0	1	4	0.25	0.00	1.00	1.00	0	0	1	FORWARDS	2	0.00	1
ROUND	PHASE	PLAYER_ID	ENTITY_ID	CHASSIS	MODEL	TYPE	ROLE	X	Y	FACING	MP	HEAT	PRONE	AIRBORNE	OFF_BOARD	CRIPPLED	DESTROYED	ARMOR_P	INTERNAL_P	DONE	MAX_RANGE	TOTAL_DAMAGE	TEAM_ID
3	MOVEMENT	0	1	Atlas	Atlas	BipedMek	SNIPER	27	5	5	0.00	0.00	0	0	0	0	0	0.97	1.00	0	24	21	1
3	MOVEMENT	1	2	LRM Carrier	LRM Carrier	Tank	MISSILE_BOAT	9	10	1	3.00	0.00	0	0	0	0	0	1.00	1.00	1	28	60	2
3	MOVEMENT	1	3	LRM Carrier	LRM Carrier	Tank	MISSILE_BOAT	9	10	1	3.00	0.00	0	0	0	0	0	1.00	1.00	1	28	60	2
3	MOVEMENT	1	4	J. Edgar Light Hover Tank	J. Edgar Light Hover Tank	Tank	SCOUT	17	9	1	12.00	0.00	0	0	0	0	0	1.00	1.00	0	20	5	2
3	MOVEMENT	1	5	J. Edgar Light Hover Tank	J. Edgar Light Hover Tank	Tank	SCOUT	19	9	1	12.00	0.00	0	0	0	0	0	0.78	1.00	0	20	5	2
PLAYER_ID	ENTITY_ID	CHASSIS	MODEL	FACING	FROM_X	FROM_Y	TO_X	TO_Y	HEXES_MOVED	DISTANCE	MP_USED	MAX_MP	MP_P	HEAT_P	ARMOR_P	INTERNAL_P	JUMPING	PRONE	LEGAL	STEPS	TEAM_ID	CHANCE_OF_FAILURE	IS_BOT
1	4	J. Edgar Light Hover Tank	(LAC)	0	17	9	20	12	4	0	12	16	0.75	0.00	1.00	1.00	0	0	1	TURN_RIGHT LATERAL_RIGHT FORWARDS FORWARDS FORWARDS TURN_LEFT TURN_LEFT	2	0.00	1
ROUND	PHASE	PLAYER_ID	ENTITY_ID	CHASSIS	MODEL	TYPE	ROLE	X	Y	FACING	MP	HEAT	PRONE	AIRBORNE	OFF_BOARD	CRIPPLED	DESTROYED	ARMOR_P	INTERNAL_P	DONE	MAX_RANGE	TOTAL_DAMAGE	TEAM_ID
3	MOVEMENT	0	1	Atlas	Atlas	BipedMek	SNIPER	27	5	5	0.00	0.00	0	0	0	0	0	0.97	1.00	0	24	21	1
3	MOVEMENT	1	2	LRM Carrier	LRM Carrier	Tank	MISSILE_BOAT	9	10	1	3.00	0.00	0	0	0	0	0	1.00	1.00	1	28	60	2
3	MOVEMENT	1	3	LRM Carrier	LRM Carrier	Tank	MISSILE_BOAT	9	10	1	3.00	0.00	0	0	0	0	0	1.00	1.00	1	28	60	2
3	MOVEMENT	1	4	J. Edgar Light Hover Tank	J. Edgar Light Hover Tank	Tank	SCOUT	20	12	0	12.00	0.00	0	0	0	0	0	1.00	1.00	1	20	5	2
3	MOVEMENT	1	5	J. Edgar Light Hover Tank	J. Edgar Light Hover Tank	Tank	SCOUT	19	9	1	12.00	0.00	0	0	0	0	0	0.78	1.00	0	20	5	2
PLAYER_ID	ENTITY_ID	CHASSIS	MODEL	FACING	FROM_X	FROM_Y	TO_X	TO_Y	HEXES_MOVED	DISTANCE	MP_USED	MAX_MP	MP_P	HEAT_P	ARMOR_P	INTERNAL_P	JUMPING	PRONE	LEGAL	STEPS	TEAM_ID	CHANCE_OF_FAILURE	IS_BOT
1	5	J. Edgar Light Hover Tank	(LAC)	1	19	9	19	1	8	0	12	16	0.75	0.00	0.78	1.00	0	0	1	TURN_LEFT FORWARDS FORWARDS FORWARDS FORWARDS FORWARDS FORWARDS FORWARDS FORWARDS TURN_RIGHT	2	0.00	1
ROUND	PHASE	PLAYER_ID	ENTITY_ID	CHASSIS	MODEL	TYPE	ROLE	X	Y	FACING	MP	HEAT	PRONE	AIRBORNE	OFF_BOARD	CRIPPLED	DESTROYED	ARMOR_P	INTERNAL_P	DONE	MAX_RANGE	TOTAL_DAMAGE	TEAM_ID
3	MOVEMENT	0	1	Atlas	Atlas	BipedMek	SNIPER	27	5	5	0.00	0.00	0	0	0	0	0	0.97	1.00	0	24	21	1
3	MOVEMENT	1	2	LRM Carrier	LRM Carrier	Tank	MISSILE_BOAT	9	10	1	3.00	0.00	0	0	0	0	0	1.00	1.00	1	28	60	2
3	MOVEMENT	1	3	LRM Carrier	LRM Carrier	Tank	MISSILE_BOAT	9	10	1	3.00	0.00	0	0	0	0	0	1.00	1.00	1	28	60	2
3	MOVEMENT	1	4	J. Edgar Light Hover Tank	J. Edgar Light Hover Tank	Tank	SCOUT	20	12	0	12.00	0.00	0	0	0	0	0	1.00	1.00	1	20	5	2
3	MOVEMENT	1	5	J. Edgar Light Hover Tank	J. Edgar Light Hover Tank	Tank	SCOUT	19	1	1	12.00	0.00	0	0	0	0	0	0.78	1.00	1	20	5	2
PLAYER_ID	ENTITY_ID	CHASSIS	MODEL	FACING	FROM_X	FROM_Y	TO_X	TO_Y	HEXES_MOVED	DISTANCE	MP_USED	MAX_MP	MP_P	HEAT_P	ARMOR_P	INTERNAL_P	JUMPING	PRONE	LEGAL	STEPS	TEAM_ID	CHANCE_OF_FAILURE	IS_BOT
0	1	Atlas	AS7-00 (Jurn)	5	26	5	24	4	3	0	3	6	0.50	0.00	0.97	1.00	0	0	1	FORWARDS FORWARDS FORWARDS	1	0.00	0
ROUND	PHASE	PLAYER_ID	ENTITY_ID	CHASSIS	MODEL	TYPE	ROLE	X	Y	FACING	MP	HEAT	PRONE	AIRBORNE	OFF_BOARD	CRIPPLED	DESTROYED	ARMOR_P	INTERNAL_P	DONE	MAX_RANGE	TOTAL_DAMAGE	TEAM_ID
3	MOVEMENT	0	1	Atlas	Atlas	BipedMek	SNIPER	24	4	5	0.00	0.00	0	0	0	0	0	0.97	1.00	1	24	21	1
3	MOVEMENT	1	2	LRM Carrier	LRM Carrier	Tank	MISSILE_BOAT	9	10	1	3.00	0.00	0	0	0	0	0	1.00	1.00	1	28	60	2
3	MOVEMENT	1	3	LRM Carrier	LRM Carrier	Tank	MISSILE_BOAT	9	10	1	3.00	0.00	0	0	0	0	0	1.00	1.00	1	28	60	2
3	MOVEMENT	1	4	J. Edgar Light Hover Tank	J. Edgar Light Hover Tank	Tank	SCOUT	20	12	0	12.00	0.00	0	0	0	0	0	1.00	1.00	1	20	5	2
3	MOVEMENT	1	5	J. Edgar Light Hover Tank	J. Edgar Light Hover Tank	Tank	SCOUT	19	1	1	12.00	0.00	0	0	0	0	0	0.78	1.00	1	20	5	2
ROUND	PHASE	PLAYER_ID	ENTITY_ID	CHASSIS	MODEL	TYPE	ROLE	X	Y	FACING	MP	HEAT	PRONE	AIRBORNE	OFF_BOARD	CRIPPLED	DESTROYED	ARMOR_P	INTERNAL_P	DONE	MAX_RANGE	TOTAL_DAMAGE	TEAM_ID
3	OFFBOARD	0	1	Atlas	Atlas	BipedMek	SNIPER	24	4	5	0.00	0.00	0	0	0	0	0	0.97	1.00	1	24	21	1
3	OFFBOARD	1	2	LRM Carrier	LRM Carrier	Tank	MISSILE_BOAT	9	10	1	3.00	0.00	0	0	0	0	0	1.00	1.00	1	28	60	2
3	OFFBOARD	1	3	LRM Carrier	LRM Carrier	Tank	MISSILE_BOAT	9	10	1	3.00	0.00	0	0	0	0	0	1.00	1.00	1	28	60	2
3	OFFBOARD	1	4	J. Edgar Light Hover Tank	J. Edgar Light Hover Tank	Tank	SCOUT	20	12	0	12.00	0.00	0	0	0	0	0	1.00	1.00	1	20	5	2
3	OFFBOARD	1	5	J. Edgar Light Hover Tank	J. Edgar Light Hover Tank	Tank	SCOUT	19	1	1	12.00	0.00	0	0	0	0	0	0.78	1.00	1	20	5	2
ROUND	PLAYER_ID	ENTITY_ID	TYPE	ROLE	X	Y	FACING	TARGET_PLAYER_ID	TARGET_ID	TARGET_TYPE	TARGET_ROLE	TARGET_X	TARGET_Y	TARGET_FACING	AIMING_LOC	AIMING_MODE	WEAPON_ID	AMMO_ID	ATA	ATG	GTG	GTA	TO_HIT	TURNS_TO_HIT	SPOTTER_ID
3	1	4	Tank	SCOUT	20	12	0	0	1	BipedMek	SNIPER	24	4	5	-1	NONE	0	9	0	0	1	0	10.00	0	-1
ROUND	PLAYER_ID	ENTITY_ID	TYPE	ROLE	X	Y	FACING	TARGET_PLAYER_ID	TARGET_ID	TARGET_TYPE	TARGET_ROLE	TARGET_X	TARGET_Y	TARGET_FACING	AIMING_LOC	AIMING_MODE	WEAPON_ID	AMMO_ID	ATA	ATG	GTG	GTA	TO_HIT	TURNS_TO_HIT	SPOTTER_ID
3	1	2	Tank	MISSILE_BOAT	9	10	1	0	1	BipedMek	SNIPER	24	4	5	-1	NONE	0	6	0	0	1	0	10.00	0	-1
3	1	2	Tank	MISSILE_BOAT	9	10	1	0	1	BipedMek	SNIPER	24	4	5	-1	NONE	2	6	0	0	1	0	10.00	0	-1
3	1	2	Tank	MISSILE_BOAT	9	10	1	0	1	BipedMek	SNIPER	24	4	5	-1	NONE	4	6	0	0	1	0	10.00	0	-1
ROUND	PLAYER_ID	ENTITY_ID	TYPE	ROLE	X	Y	FACING	TARGET_PLAYER_ID	TARGET_ID	TARGET_TYPE	TARGET_ROLE	TARGET_X	TARGET_Y	TARGET_FACING	AIMING_LOC	AIMING_MODE	WEAPON_ID	AMMO_ID	ATA	ATG	GTG	GTA	TO_HIT	TURNS_TO_HIT	SPOTTER_ID
3	1	3	Tank	MISSILE_BOAT	9	10	1	0	1	BipedMek	SNIPER	24	4	5	-1	NONE	0	6	0	0	1	0	10.00	0	-1
3	1	3	Tank	MISSILE_BOAT	9	10	1	0	1	BipedMek	SNIPER	24	4	5	-1	NONE	2	6	0	0	1	0	10.00	0	-1
3	1	3	Tank	MISSILE_BOAT	9	10	1	0	1	BipedMek	SNIPER	24	4	5	-1	NONE	4	6	0	0	1	0	10.00	0	-1
3	0	1	BipedMek	SNIPER	24	4	5	1	2	Tank	MISSILE_BOAT	9	10	1	-1	NONE	17	-1	0	0	1	0	9.00	0	-1
3	0	1	BipedMek	SNIPER	24	4	5	1	2	Tank	MISSILE_BOAT	9	10	1	-1	NONE	16	13	0	0	1	0	9.00	0	-1
3	0	1	BipedMek	SNIPER	24	4	5	1	2	Tank	MISSILE_BOAT	9	10	1	-1	NONE	10	11	0	0	1	0	9.00	0	-1
3	0	1	BipedMek	SNIPER	24	4	5	1	2	Tank	MISSILE_BOAT	9	10	1	-1	NONE	6	-1	0	0	1	0	9.00	0	-1
3	0	1	BipedMek	SNIPER	24	4	5	1	2	Tank	MISSILE_BOAT	9	10	1	-1	NONE	9	-1	0	0	1	0	9.00	0	-1
ROUND	PHASE	PLAYER_ID	ENTITY_ID	CHASSIS	MODEL	TYPE	ROLE	X	Y	FACING	MP	HEAT	PRONE	AIRBORNE	OFF_BOARD	CRIPPLED	DESTROYED	ARMOR_P	INTERNAL_P	DONE	MAX_RANGE	TOTAL_DAMAGE	TEAM_ID
3	FIRING	0	1	Atlas	Atlas	BipedMek	SNIPER	24	4	5	0.00	0.00	0	0	0	0	0	0.93	1.00	1	0	21	1
3	FIRING	1	2	LRM Carrier	LRM Carrier	Tank	MISSILE_BOAT	9	10	1	3.00	0.00	0	0	0	0	0	0.91	1.00	1	0	60	2
3	FIRING	1	3	LRM Carrier	LRM Carrier	Tank	MISSILE_BOAT	9	10	1	3.00	0.00	0	0	0	0	0	1.00	1.00	1	0	60	2
3	FIRING	1	4	J. Edgar Light Hover Tank	J. Edgar Light Hover Tank	Tank	SCOUT	20	12	0	12.00	0.00	0	0	0	0	0	1.00	1.00	1	0	5	2
3	FIRING	1	5	J. Edgar Light Hover Tank	J. Edgar Light Hover Tank	Tank	SCOUT	19	1	1	12.00	0.00	0	0	0	0	0	0.78	1.00	1	20	5	2
ROUND	PHASE	PLAYER_ID	ENTITY_ID	CHASSIS	MODEL	TYPE	ROLE	X	Y	FACING	MP	HEAT	PRONE	AIRBORNE	OFF_BOARD	CRIPPLED	DESTROYED	ARMOR_P	INTERNAL_P	DONE	MAX_RANGE	TOTAL_DAMAGE	TEAM_ID
4	TARGETING	0	1	Atlas	Atlas	BipedMek	SNIPER	24	4	5	3.00	3.00	0	0	0	0	0	0.93	1.00	1	24	21	1
4	TARGETING	1	2	LRM Carrier	LRM Carrier	Tank	MISSILE_BOAT	9	10	1	1.00	0.00	0	0	0	0	0	0.91	1.00	1	28	60	2
4	TARGETING	1	3	LRM Carrier	LRM Carrier	Tank	MISSILE_BOAT	9	10	1	1.00	0.00	0	0	0	0	0	1.00	1.00	1	28	60	2
4	TARGETING	1	4	J. Edgar Light Hover Tank	J. Edgar Light Hover Tank	Tank	SCOUT	20	12	0	12.00	0.00	0	0	0	0	0	1.00	1.00	1	20	5	2
4	TARGETING	1	5	J. Edgar Light Hover Tank	J. Edgar Light Hover Tank	Tank	SCOUT	19	1	1	12.00	0.00	0	0	0	0	0	0.78	1.00	1	20	5	2
PLAYER_ID	ENTITY_ID	CHASSIS	MODEL	FACING	FROM_X	FROM_Y	TO_X	TO_Y	HEXES_MOVED	DISTANCE	MP_USED	MAX_MP	MP_P	HEAT_P	ARMOR_P	INTERNAL_P	JUMPING	PRONE	LEGAL	STEPS	TEAM_ID	CHANCE_OF_FAILURE	IS_BOT
1	3	LRM Carrier	(3055 Upgrade)	1	9	10	10	11	1	0	3	4	0.75	0.00	1.00	1.00	0	0	1	TURN_RIGHT FORWARDS TURN_LEFT	2	0.00	1
ROUND	PHASE	PLAYER_ID	ENTITY_ID	CHASSIS	MODEL	TYPE	ROLE	X	Y	FACING	MP	HEAT	PRONE	AIRBORNE	OFF_BOARD	CRIPPLED	DESTROYED	ARMOR_P	INTERNAL_P	DONE	MAX_RANGE	TOTAL_DAMAGE	TEAM_ID
4	MOVEMENT	0	1	Atlas	Atlas	BipedMek	SNIPER	24	4	5	3.00	3.00	0	0	0	0	0	0.93	1.00	0	24	21	1
4	MOVEMENT	1	2	LRM Carrier	LRM Carrier	Tank	MISSILE_BOAT	9	10	1	1.00	0.00	0	0	0	0	0	0.91	1.00	0	28	60	2
4	MOVEMENT	1	3	LRM Carrier	LRM Carrier	Tank	MISSILE_BOAT	10	11	1	1.00	0.00	0	0	0	0	0	1.00	1.00	1	28	60	2
4	MOVEMENT	1	4	J. Edgar Light Hover Tank	J. Edgar Light Hover Tank	Tank	SCOUT	20	12	0	12.00	0.00	0	0	0	0	0	1.00	1.00	0	20	5	2
4	MOVEMENT	1	5	J. Edgar Light Hover Tank	J. Edgar Light Hover Tank	Tank	SCOUT	19	1	1	12.00	0.00	0	0	0	0	0	0.78	1.00	0	20	5	2
PLAYER_ID	ENTITY_ID	CHASSIS	MODEL	FACING	FROM_X	FROM_Y	TO_X	TO_Y	HEXES_MOVED	DISTANCE	MP_USED	MAX_MP	MP_P	HEAT_P	ARMOR_P	INTERNAL_P	JUMPING	PRONE	LEGAL	STEPS	TEAM_ID	CHANCE_OF_FAILURE	IS_BOT
1	2	LRM Carrier	(3055 Upgrade)	1	9	10	10	11	1	0	3	4	0.75	0.00	0.91	1.00	0	0	1	TURN_RIGHT FORWARDS TURN_LEFT	2	0.00	1
ROUND	PHASE	PLAYER_ID	ENTITY_ID	CHASSIS	MODEL	TYPE	ROLE	X	Y	FACING	MP	HEAT	PRONE	AIRBORNE	OFF_BOARD	CRIPPLED	DESTROYED	ARMOR_P	INTERNAL_P	DONE	MAX_RANGE	TOTAL_DAMAGE	TEAM_ID
4	MOVEMENT	0	1	Atlas	Atlas	BipedMek	SNIPER	24	4	5	3.00	3.00	0	0	0	0	0	0.93	1.00	0	24	21	1
4	MOVEMENT	1	2	LRM Carrier	LRM Carrier	Tank	MISSILE_BOAT	10	11	1	1.00	0.00	0	0	0	0	0	0.91	1.00	1	28	60	2
4	MOVEMENT	1	3	LRM Carrier	LRM Carrier	Tank	MISSILE_BOAT	10	11	1	1.00	0.00	0	0	0	0	0	1.00	1.00	1	28	60	2
4	MOVEMENT	1	4	J. Edgar Light Hover Tank	J. Edgar Light Hover Tank	Tank	SCOUT	20	12	0	12.00	0.00	0	0	0	0	0	1.00	1.00	0	20	5	2
4	MOVEMENT	1	5	J. Edgar Light Hover Tank	J. Edgar Light Hover Tank	Tank	SCOUT	19	1	1	12.00	0.00	0	0	0	0	0	0.78	1.00	0	20	5	2
PLAYER_ID	ENTITY_ID	CHASSIS	MODEL	FACING	FROM_X	FROM_Y	TO_X	TO_Y	HEXES_MOVED	DISTANCE	MP_USED	MAX_MP	MP_P	HEAT_P	ARMOR_P	INTERNAL_P	JUMPING	PRONE	LEGAL	STEPS	TEAM_ID	CHANCE_OF_FAILURE	IS_BOT
1	4	J. Edgar Light Hover Tank	(LAC)	1	20	12	15	9	5	0	12	16	0.75	0.00	1.00	1.00	0	0	1	TURN_LEFT FORWARDS FORWARDS FORWARDS FORWARDS FORWARDS TURN_RIGHT TURN_RIGHT	2	0.00	1
ROUND	PHASE	PLAYER_ID	ENTITY_ID	CHASSIS	MODEL	TYPE	ROLE	X	Y	FACING	MP	HEAT	PRONE	AIRBORNE	OFF_BOARD	CRIPPLED	DESTROYED	ARMOR_P	INTERNAL_P	DONE	MAX_RANGE	TOTAL_DAMAGE	TEAM_ID
4	MOVEMENT	0	1	Atlas	Atlas	BipedMek	SNIPER	24	4	5	3.00	3.00	0	0	0	0	0	0.93	1.00	0	24	21	1
4	MOVEMENT	1	2	LRM Carrier	LRM Carrier	Tank	MISSILE_BOAT	10	11	1	1.00	0.00	0	0	0	0	0	0.91	1.00	1	28	60	2
4	MOVEMENT	1	3	LRM Carrier	LRM Carrier	Tank	MISSILE_BOAT	10	11	1	1.00	0.00	0	0	0	0	0	1.00	1.00	1	28	60	2
4	MOVEMENT	1	4	J. Edgar Light Hover Tank	J. Edgar Light Hover Tank	Tank	SCOUT	15	9	1	12.00	0.00	0	0	0	0	0	1.00	1.00	1	20	5	2
4	MOVEMENT	1	5	J. Edgar Light Hover Tank	J. Edgar Light Hover Tank	Tank	SCOUT	19	1	1	12.00	0.00	0	0	0	0	0	0.78	1.00	0	20	5	2
PLAYER_ID	ENTITY_ID	CHASSIS	MODEL	FACING	FROM_X	FROM_Y	TO_X	TO_Y	HEXES_MOVED	DISTANCE	MP_USED	MAX_MP	MP_P	HEAT_P	ARMOR_P	INTERNAL_P	JUMPING	PRONE	LEGAL	STEPS	TEAM_ID	CHANCE_OF_FAILURE	IS_BOT
1	5	J. Edgar Light Hover Tank	(LAC)	1	19	1	19	6	5	0	11	16	0.69	0.00	0.78	1.00	0	0	1	TURN_RIGHT TURN_RIGHT FORWARDS FORWARDS FORWARDS FORWARDS FORWARDS TURN_LEFT TURN_LEFT	2	0.00	1
ROUND	PHASE	PLAYER_ID	ENTITY_ID	CHASSIS	MODEL	TYPE	ROLE	X	Y	FACING	MP	HEAT	PRONE	AIRBORNE	OFF_BOARD	CRIPPLED	DESTROYED	ARMOR_P	INTERNAL_P	DONE	MAX_RANGE	TOTAL_DAMAGE	TEAM_ID
4	MOVEMENT	0	1	Atlas	Atlas	BipedMek	SNIPER	24	4	5	3.00	3.00	0	0	0	0	0	0.93	1.00	0	24	21	1
4	MOVEMENT	1	2	LRM Carrier	LRM Carrier	Tank	MISSILE_BOAT	10	11	1	1.00	0.00	0	0	0	0	0	0.91	1.00	1	28	60	2
4	MOVEMENT	1	3	LRM Carrier	LRM Carrier	Tank	MISSILE_BOAT	10	11	1	1.00	0.00	0	0	0	0	0	1.00	1.00	1	28	60	2
4	MOVEMENT	1	4	J. Edgar Light Hover Tank	J. Edgar Light Hover Tank	Tank	SCOUT	15	9	1	12.00	0.00	0	0	0	0	0	1.00	1.00	1	20	5	2
4	MOVEMENT	1	5	J. Edgar Light Hover Tank	J. Edgar Light Hover Tank	Tank	SCOUT	19	6	1	12.00	0.00	0	0	0	0	0	0.78	1.00	1	20	5	2
PLAYER_ID	ENTITY_ID	CHASSIS	MODEL	FACING	FROM_X	FROM_Y	TO_X	TO_Y	HEXES_MOVED	DISTANCE	MP_USED	MAX_MP	MP_P	HEAT_P	ARMOR_P	INTERNAL_P	JUMPING	PRONE	LEGAL	STEPS	TEAM_ID	CHANCE_OF_FAILURE	IS_BOT
0	1	Atlas	AS7-00 (Jurn)	5	-1	-1	24	4	0	0	0	5	0.00	0.09	0.93	1.00	0	0	1		1	0.00	0
ROUND	PHASE	PLAYER_ID	ENTITY_ID	CHASSIS	MODEL	TYPE	ROLE	X	Y	FACING	MP	HEAT	PRONE	AIRBORNE	OFF_BOARD	CRIPPLED	DESTROYED	ARMOR_P	INTERNAL_P	DONE	MAX_RANGE	TOTAL_DAMAGE	TEAM_ID
4	MOVEMENT	0	1	Atlas	Atlas	BipedMek	SNIPER	24	4	5	3.00	3.00	0	0	0	0	0	0.93	1.00	1	24	21	1
4	MOVEMENT	1	2	LRM Carrier	LRM Carrier	Tank	MISSILE_BOAT	10	11	1	1.00	0.00	0	0	0	0	0	0.91	1.00	1	28	60	2
4	MOVEMENT	1	3	LRM Carrier	LRM Carrier	Tank	MISSILE_BOAT	10	11	1	1.00	0.00	0	0	0	0	0	1.00	1.00	1	28	60	2
4	MOVEMENT	1	4	J. Edgar Light Hover Tank	J. Edgar Light Hover Tank	Tank	SCOUT	15	9	1	12.00	0.00	0	0	0	0	0	1.00	1.00	1	20	5	2
4	MOVEMENT	1	5	J. Edgar Light Hover Tank	J. Edgar Light Hover Tank	Tank	SCOUT	19	6	1	12.00	0.00	0	0	0	0	0	0.78	1.00	1	20	5	2
ROUND	PHASE	PLAYER_ID	ENTITY_ID	CHASSIS	MODEL	TYPE	ROLE	X	Y	FACING	MP	HEAT	PRONE	AIRBORNE	OFF_BOARD	CRIPPLED	DESTROYED	ARMOR_P	INTERNAL_P	DONE	MAX_RANGE	TOTAL_DAMAGE	TEAM_ID
4	OFFBOARD	0	1	Atlas	Atlas	BipedMek	SNIPER	24	4	5	3.00	3.00	0	0	0	0	0	0.93	1.00	1	24	21	1
4	OFFBOARD	1	2	LRM Carrier	LRM Carrier	Tank	MISSILE_BOAT	10	11	1	1.00	0.00	0	0	0	0	0	0.91	1.00	1	28	60	2
4	OFFBOARD	1	3	LRM Carrier	LRM Carrier	Tank	MISSILE_BOAT	10	11	1	1.00	0.00	0	0	0	0	0	1.00	1.00	1	28	60	2
4	OFFBOARD	1	4	J. Edgar Light Hover Tank	J. Edgar Light Hover Tank	Tank	SCOUT	15	9	1	12.00	0.00	0	0	0	0	0	1.00	1.00	1	20	5	2
4	OFFBOARD	1	5	J. Edgar Light Hover Tank	J. Edgar Light Hover Tank	Tank	SCOUT	19	6	1	12.00	0.00	0	0	0	0	0	0.78	1.00	1	20	5	2
ROUND	PLAYER_ID	ENTITY_ID	TYPE	ROLE	X	Y	FACING	TARGET_PLAYER_ID	TARGET_ID	TARGET_TYPE	TARGET_ROLE	TARGET_X	TARGET_Y	TARGET_FACING	AIMING_LOC	AIMING_MODE	WEAPON_ID	AMMO_ID	ATA	ATG	GTG	GTA	TO_HIT	TURNS_TO_HIT	SPOTTER_ID
4	1	5	Tank	SCOUT	19	6	1	0	1	BipedMek	SNIPER	24	4	5	-1	NONE	0	9	0	0	1	0	7.00	0	-1
ROUND	PLAYER_ID	ENTITY_ID	TYPE	ROLE	X	Y	FACING	TARGET_PLAYER_ID	TARGET_ID	TARGET_TYPE	TARGET_ROLE	TARGET_X	TARGET_Y	TARGET_FACING	AIMING_LOC	AIMING_MODE	WEAPON_ID	AMMO_ID	ATA	ATG	GTG	GTA	TO_HIT	TURNS_TO_HIT	SPOTTER_ID
4	1	4	Tank	SCOUT	15	9	1	0	1	BipedMek	SNIPER	24	4	5	-1	NONE	0	9	0	0	1	0	9.00	0	-1
ROUND	PLAYER_ID	ENTITY_ID	TYPE	ROLE	X	Y	FACING	TARGET_PLAYER_ID	TARGET_ID	TARGET_TYPE	TARGET_ROLE	TARGET_X	TARGET_Y	TARGET_FACING	AIMING_LOC	AIMING_MODE	WEAPON_ID	AMMO_ID	ATA	ATG	GTG	GTA	TO_HIT	TURNS_TO_HIT	SPOTTER_ID
4	1	2	Tank	MISSILE_BOAT	10	11	1	0	1	BipedMek	SNIPER	24	4	5	-1	NONE	0	7	0	0	1	0	8.00	0	-1
4	1	2	Tank	MISSILE_BOAT	10	11	1	0	1	BipedMek	SNIPER	24	4	5	-1	NONE	2	7	0	0	1	0	8.00	0	-1
4	1	2	Tank	MISSILE_BOAT	10	11	1	0	1	BipedMek	SNIPER	24	4	5	-1	NONE	4	7	0	0	1	0	8.00	0	-1
ROUND	PLAYER_ID	ENTITY_ID	TYPE	ROLE	X	Y	FACING	TARGET_PLAYER_ID	TARGET_ID	TARGET_TYPE	TARGET_ROLE	TARGET_X	TARGET_Y	TARGET_FACING	AIMING_LOC	AIMING_MODE	WEAPON_ID	AMMO_ID	ATA	ATG	GTG	GTA	TO_HIT	TURNS_TO_HIT	SPOTTER_ID
4	1	3	Tank	MISSILE_BOAT	10	11	1	0	1	BipedMek	SNIPER	24	4	5	-1	NONE	0	7	0	0	1	0	8.00	0	-1
4	1	3	Tank	MISSILE_BOAT	10	11	1	0	1	BipedMek	SNIPER	24	4	5	-1	NONE	2	7	0	0	1	0	8.00	0	-1
4	1	3	Tank	MISSILE_BOAT	10	11	1	0	1	BipedMek	SNIPER	24	4	5	-1	NONE	4	7	0	0	1	0	8.00	0	-1
4	0	1	BipedMek	SNIPER	24	4	5	1	5	Tank	SCOUT	19	6	1	-1	NONE	17	-1	0	0	1	0	6.00	0	-1
4	0	1	BipedMek	SNIPER	24	4	5	1	5	Tank	SCOUT	19	6	1	-1	NONE	16	13	0	0	1	0	6.00	0	-1
4	0	1	BipedMek	SNIPER	24	4	5	1	5	Tank	SCOUT	19	6	1	-1	NONE	6	-1	0	0	1	0	6.00	0	-1
4	0	1	BipedMek	SNIPER	24	4	5	1	5	Tank	SCOUT	19	6	1	-1	NONE	9	-1	0	0	1	0	6.00	0	-1
ROUND	PHASE	PLAYER_ID	ENTITY_ID	CHASSIS	MODEL	TYPE	ROLE	X	Y	FACING	MP	HEAT	PRONE	AIRBORNE	OFF_BOARD	CRIPPLED	DESTROYED	ARMOR_P	INTERNAL_P	DONE	MAX_RANGE	TOTAL_DAMAGE	TEAM_ID
4	FIRING	0	1	Atlas	Atlas	BipedMek	SNIPER	24	4	5	3.00	3.00	0	0	0	0	0	0.88	1.00	1	24	21	1
4	FIRING	1	2	LRM Carrier	LRM Carrier	Tank	MISSILE_BOAT	10	11	1	1.00	0.00	0	0	0	0	0	0.91	1.00	1	0	60	2
4	FIRING	1	3	LRM Carrier	LRM Carrier	Tank	MISSILE_BOAT	10	11	1	1.00	0.00	0	0	0	0	0	1.00	1.00	1	0	60	2
4	FIRING	1	4	J. Edgar Light Hover Tank	J. Edgar Light Hover Tank	Tank	SCOUT	15	9	1	12.00	0.00	0	0	0	0	0	1.00	1.00	1	0	5	2
4	FIRING	1	5	J. Edgar Light Hover Tank	J. Edgar Light Hover Tank	Tank	SCOUT	19	6	1	12.00	0.00	0	0	0	1	0	0.48	0.80	1	0	5	2
ROUND	PHASE	PLAYER_ID	ENTITY_ID	CHASSIS	MODEL	TYPE	ROLE	X	Y	FACING	MP	HEAT	PRONE	AIRBORNE	OFF_BOARD	CRIPPLED	DESTROYED	ARMOR_P	INTERNAL_P	DONE	MAX_RANGE	TOTAL_DAMAGE	TEAM_ID
5	TARGETING	0	1	Atlas	Atlas	BipedMek	SNIPER	24	4	5	0.00	0.00	0	0	0	0	0	0.88	1.00	1	24	21	1
5	TARGETING	1	2	LRM Carrier	LRM Carrier	Tank	MISSILE_BOAT	10	11	1	3.00	0.00	0	0	0	0	0	0.91	1.00	1	28	60	2
5	TARGETING	1	3	LRM Carrier	LRM Carrier	Tank	MISSILE_BOAT	10	11	1	3.00	0.00	0	0	0	0	0	1.00	1.00	1	28	60	2
5	TARGETING	1	4	J. Edgar Light Hover Tank	J. Edgar Light Hover Tank	Tank	SCOUT	15	9	1	12.00	0.00	0	0	0	0	0	1.00	1.00	1	20	5	2
PLAYER_ID	ENTITY_ID	CHASSIS	MODEL	FACING	FROM_X	FROM_Y	TO_X	TO_Y	HEXES_MOVED	DISTANCE	MP_USED	MAX_MP	MP_P	HEAT_P	ARMOR_P	INTERNAL_P	JUMPING	PRONE	LEGAL	STEPS	TEAM_ID	CHANCE_OF_FAILURE	IS_BOT
0	1	Atlas	AS7-00 (Jurn)	4	25	4	25	4	1	0	2	3	0.67	0.00	0.88	1.00	0	0	1	BACKWARDS TURN_LEFT	1	0.00	0
ROUND	PHASE	PLAYER_ID	ENTITY_ID	CHASSIS	MODEL	TYPE	ROLE	X	Y	FACING	MP	HEAT	PRONE	AIRBORNE	OFF_BOARD	CRIPPLED	DESTROYED	ARMOR_P	INTERNAL_P	DONE	MAX_RANGE	TOTAL_DAMAGE	TEAM_ID
5	MOVEMENT	0	1	Atlas	Atlas	BipedMek	SNIPER	25	4	4	0.00	0.00	0	0	0	0	0	0.88	1.00	1	24	21	1
5	MOVEMENT	1	2	LRM Carrier	LRM Carrier	Tank	MISSILE_BOAT	10	11	1	3.00	0.00	0	0	0	0	0	0.91	1.00	0	28	60	2
5	MOVEMENT	1	3	LRM Carrier	LRM Carrier	Tank	MISSILE_BOAT	10	11	1	3.00	0.00	0	0	0	0	0	1.00	1.00	0	28	60	2
5	MOVEMENT	1	4	J. Edgar Light Hover Tank	J. Edgar Light Hover Tank	Tank	SCOUT	15	9	1	12.00	0.00	0	0	0	0	0	1.00	1.00	0	20	5	2
PLAYER_ID	ENTITY_ID	CHASSIS	MODEL	FACING	FROM_X	FROM_Y	TO_X	TO_Y	HEXES_MOVED	DISTANCE	MP_USED	MAX_MP	MP_P	HEAT_P	ARMOR_P	INTERNAL_P	JUMPING	PRONE	LEGAL	STEPS	TEAM_ID	CHANCE_OF_FAILURE	IS_BOT
1	3	LRM Carrier	(3055 Upgrade)	2	11	10	11	10	1	0	2	4	0.50	0.00	1.00	1.00	0	0	1	FORWARDS TURN_RIGHT	2	0.00	1
ROUND	PHASE	PLAYER_ID	ENTITY_ID	CHASSIS	MODEL	TYPE	ROLE	X	Y	FACING	MP	HEAT	PRONE	AIRBORNE	OFF_BOARD	CRIPPLED	DESTROYED	ARMOR_P	INTERNAL_P	DONE	MAX_RANGE	TOTAL_DAMAGE	TEAM_ID
5	MOVEMENT	0	1	Atlas	Atlas	BipedMek	SNIPER	25	4	4	0.00	0.00	0	0	0	0	0	0.88	1.00	1	24	21	1
5	MOVEMENT	1	2	LRM Carrier	LRM Carrier	Tank	MISSILE_BOAT	10	11	1	3.00	0.00	0	0	0	0	0	0.91	1.00	0	28	60	2
5	MOVEMENT	1	3	LRM Carrier	LRM Carrier	Tank	MISSILE_BOAT	11	10	2	3.00	0.00	0	0	0	0	0	1.00	1.00	1	28	60	2
5	MOVEMENT	1	4	J. Edgar Light Hover Tank	J. Edgar Light Hover Tank	Tank	SCOUT	15	9	1	12.00	0.00	0	0	0	0	0	1.00	1.00	0	20	5	2
PLAYER_ID	ENTITY_ID	CHASSIS	MODEL	FACING	FROM_X	FROM_Y	TO_X	TO_Y	HEXES_MOVED	DISTANCE	MP_USED	MAX_MP	MP_P	HEAT_P	ARMOR_P	INTERNAL_P	JUMPING	PRONE	LEGAL	STEPS	TEAM_ID	CHANCE_OF_FAILURE	IS_BOT
1	2	LRM Carrier	(3055 Upgrade)	2	11	10	11	10	1	0	2	4	0.50	0.00	0.91	1.00	0	0	1	FORWARDS TURN_RIGHT	2	0.00	1
ROUND	PHASE	PLAYER_ID	ENTITY_ID	CHASSIS	MODEL	TYPE	ROLE	X	Y	FACING	MP	HEAT	PRONE	AIRBORNE	OFF_BOARD	CRIPPLED	DESTROYED	ARMOR_P	INTERNAL_P	DONE	MAX_RANGE	TOTAL_DAMAGE	TEAM_ID
5	MOVEMENT	0	1	Atlas	Atlas	BipedMek	SNIPER	25	4	4	0.00	0.00	0	0	0	0	0	0.88	1.00	1	24	21	1
5	MOVEMENT	1	2	LRM Carrier	LRM Carrier	Tank	MISSILE_BOAT	11	10	2	3.00	0.00	0	0	0	0	0	0.91	1.00	1	28	60	2
5	MOVEMENT	1	3	LRM Carrier	LRM Carrier	Tank	MISSILE_BOAT	11	10	2	3.00	0.00	0	0	0	0	0	1.00	1.00	1	28	60	2
5	MOVEMENT	1	4	J. Edgar Light Hover Tank	J. Edgar Light Hover Tank	Tank	SCOUT	15	9	1	12.00	0.00	0	0	0	0	0	1.00	1.00	0	20	5	2
PLAYER_ID	ENTITY_ID	CHASSIS	MODEL	FACING	FROM_X	FROM_Y	TO_X	TO_Y	HEXES_MOVED	DISTANCE	MP_USED	MAX_MP	MP_P	HEAT_P	ARMOR_P	INTERNAL_P	JUMPING	PRONE	LEGAL	STEPS	TEAM_ID	CHANCE_OF_FAILURE	IS_BOT
1	4	J. Edgar Light Hover Tank	(LAC)	1	16	9	23	5	8	0	11	16	0.69	0.00	1.00	1.00	0	0	1	FORWARDS FORWARDS FORWARDS FORWARDS FORWARDS FORWARDS FORWARDS FORWARDS	2	0.00	1
ROUND	PHASE	PLAYER_ID	ENTITY_ID	CHASSIS	MODEL	TYPE	ROLE	X	Y	FACING	MP	HEAT	PRONE	AIRBORNE	OFF_BOARD	CRIPPLED	DESTROYED	ARMOR_P	INTERNAL_P	DONE	MAX_RANGE	TOTAL_DAMAGE	TEAM_ID
5	MOVEMENT	0	1	Atlas	Atlas	BipedMek	SNIPER	25	4	4	0.00	0.00	0	0	0	0	0	0.88	1.00	1	24	21	1
5	MOVEMENT	1	2	LRM Carrier	LRM Carrier	Tank	MISSILE_BOAT	11	10	2	3.00	0.00	0	0	0	0	0	0.91	1.00	1	28	60	2
5	MOVEMENT	1	3	LRM Carrier	LRM Carrier	Tank	MISSILE_BOAT	11	10	2	3.00	0.00	0	0	0	0	0	1.00	1.00	1	28	60	2
5	MOVEMENT	1	4	J. Edgar Light Hover Tank	J. Edgar Light Hover Tank	Tank	SCOUT	23	5	1	12.00	0.00	0	0	0	0	0	1.00	1.00	1	20	5	2
ROUND	PHASE	PLAYER_ID	ENTITY_ID	CHASSIS	MODEL	TYPE	ROLE	X	Y	FACING	MP	HEAT	PRONE	AIRBORNE	OFF_BOARD	CRIPPLED	DESTROYED	ARMOR_P	INTERNAL_P	DONE	MAX_RANGE	TOTAL_DAMAGE	TEAM_ID
5	OFFBOARD	0	1	Atlas	Atlas	BipedMek	SNIPER	25	4	4	0.00	0.00	0	0	0	0	0	0.88	1.00	1	24	21	1
5	OFFBOARD	1	2	LRM Carrier	LRM Carrier	Tank	MISSILE_BOAT	11	10	2	3.00	0.00	0	0	0	0	0	0.91	1.00	1	28	60	2
5	OFFBOARD	1	3	LRM Carrier	LRM Carrier	Tank	MISSILE_BOAT	11	10	2	3.00	0.00	0	0	0	0	0	1.00	1.00	1	28	60	2
5	OFFBOARD	1	4	J. Edgar Light Hover Tank	J. Edgar Light Hover Tank	Tank	SCOUT	23	5	1	12.00	0.00	0	0	0	0	0	1.00	1.00	1	20	5	2
ROUND	PLAYER_ID	ENTITY_ID	TYPE	ROLE	X	Y	FACING	TARGET_PLAYER_ID	TARGET_ID	TARGET_TYPE	TARGET_ROLE	TARGET_X	TARGET_Y	TARGET_FACING	AIMING_LOC	AIMING_MODE	WEAPON_ID	AMMO_ID	ATA	ATG	GTG	GTA	TO_HIT	TURNS_TO_HIT	SPOTTER_ID
5	0	1	BipedMek	SNIPER	25	4	4	1	4	Tank	SCOUT	23	5	1	-1	NONE	17	-1	0	0	1	0	8.00	0	-1
5	0	1	BipedMek	SNIPER	25	4	4	1	4	Tank	SCOUT	23	5	1	-1	NONE	16	13	0	0	1	0	8.00	0	-1
5	0	1	BipedMek	SNIPER	25	4	4	1	2	Tank	MISSILE_BOAT	11	10	2	-1	NONE	6	-1	0	0	1	0	10.00	0	-1
5	0	1	BipedMek	SNIPER	25	4	4	1	2	Tank	MISSILE_BOAT	11	10	2	-1	NONE	9	-1	0	0	1	0	10.00	0	-1
ROUND	PLAYER_ID	ENTITY_ID	TYPE	ROLE	X	Y	FACING	TARGET_PLAYER_ID	TARGET_ID	TARGET_TYPE	TARGET_ROLE	TARGET_X	TARGET_Y	TARGET_FACING	AIMING_LOC	AIMING_MODE	WEAPON_ID	AMMO_ID	ATA	ATG	GTG	GTA	TO_HIT	TURNS_TO_HIT	SPOTTER_ID
5	1	4	Tank	SCOUT	23	5	1	0	1	BipedMek	SNIPER	25	4	4	-1	NONE	0	9	0	0	1	0	9.00	0	-1
ROUND	PLAYER_ID	ENTITY_ID	TYPE	ROLE	X	Y	FACING	TARGET_PLAYER_ID	TARGET_ID	TARGET_TYPE	TARGET_ROLE	TARGET_X	TARGET_Y	TARGET_FACING	AIMING_LOC	AIMING_MODE	WEAPON_ID	AMMO_ID	ATA	ATG	GTG	GTA	TO_HIT	TURNS_TO_HIT	SPOTTER_ID
5	1	2	Tank	MISSILE_BOAT	11	10	2	0	1	BipedMek	SNIPER	25	4	4	-1	NONE	0	7	0	0	1	0	9.00	0	-1
5	1	2	Tank	MISSILE_BOAT	11	10	2	0	1	BipedMek	SNIPER	25	4	4	-1	NONE	2	7	0	0	1	0	9.00	0	-1
5	1	2	Tank	MISSILE_BOAT	11	10	2	0	1	BipedMek	SNIPER	25	4	4	-1	NONE	4	7	0	0	1	0	9.00	0	-1
ROUND	PLAYER_ID	ENTITY_ID	TYPE	ROLE	X	Y	FACING	TARGET_PLAYER_ID	TARGET_ID	TARGET_TYPE	TARGET_ROLE	TARGET_X	TARGET_Y	TARGET_FACING	AIMING_LOC	AIMING_MODE	WEAPON_ID	AMMO_ID	ATA	ATG	GTG	GTA	TO_HIT	TURNS_TO_HIT	SPOTTER_ID
5	1	3	Tank	MISSILE_BOAT	11	10	2	0	1	BipedMek	SNIPER	25	4	4	-1	NONE	0	7	0	0	1	0	9.00	0	-1
5	1	3	Tank	MISSILE_BOAT	11	10	2	0	1	BipedMek	SNIPER	25	4	4	-1	NONE	2	7	0	0	1	0	9.00	0	-1
5	1	3	Tank	MISSILE_BOAT	11	10	2	0	1	BipedMek	SNIPER	25	4	4	-1	NONE	4	7	0	0	1	0	9.00	0	-1
ROUND	PHASE	PLAYER_ID	ENTITY_ID	CHASSIS	MODEL	TYPE	ROLE	X	Y	FACING	MP	HEAT	PRONE	AIRBORNE	OFF_BOARD	CRIPPLED	DESTROYED	ARMOR_P	INTERNAL_P	DONE	MAX_RANGE	TOTAL_DAMAGE	TEAM_ID
5	FIRING	0	1	Atlas	Atlas	BipedMek	SNIPER	25	4	4	0.00	0.00	0	0	0	0	0	0.74	1.00	1	24	21	1
5	FIRING	1	2	LRM Carrier	LRM Carrier	Tank	MISSILE_BOAT	11	10	2	3.00	0.00	0	0	0	0	0	0.91	1.00	1	0	60	2
5	FIRING	1	3	LRM Carrier	LRM Carrier	Tank	MISSILE_BOAT	11	10	2	3.00	0.00	0	0	0	0	0	1.00	1.00	1	0	60	2
5	FIRING	1	4	J. Edgar Light Hover Tank	J. Edgar Light Hover Tank	Tank	SCOUT	23	5	1	12.00	0.00	0	0	0	0	0	0.78	1.00	1	0	5	2
ROUND	PHASE	PLAYER_ID	ENTITY_ID	CHASSIS	MODEL	TYPE	ROLE	X	Y	FACING	MP	HEAT	PRONE	AIRBORNE	OFF_BOARD	CRIPPLED	DESTROYED	ARMOR_P	INTERNAL_P	DONE	MAX_RANGE	TOTAL_DAMAGE	TEAM_ID
6	TARGETING	0	1	Atlas	Atlas	BipedMek	SNIPER	25	4	4	2.00	0.00	0	0	0	0	0	0.74	1.00	1	24	21	1
6	TARGETING	1	2	LRM Carrier	LRM Carrier	Tank	MISSILE_BOAT	11	10	2	2.00	0.00	0	0	0	0	0	0.91	1.00	1	28	60	2
6	TARGETING	1	3	LRM Carrier	LRM Carrier	Tank	MISSILE_BOAT	11	10	2	2.00	0.00	0	0	0	0	0	1.00	1.00	1	28	60	2
6	TARGETING	1	4	J. Edgar Light Hover Tank	J. Edgar Light Hover Tank	Tank	SCOUT	23	5	1	11.00	0.00	0	0	0	0	0	0.78	1.00	1	20	5	2
PLAYER_ID	ENTITY_ID	CHASSIS	MODEL	FACING	FROM_X	FROM_Y	TO_X	TO_Y	HEXES_MOVED	DISTANCE	MP_USED	MAX_MP	MP_P	HEAT_P	ARMOR_P	INTERNAL_P	JUMPING	PRONE	LEGAL	STEPS	TEAM_ID	CHANCE_OF_FAILURE	IS_BOT
1	3	LRM Carrier	(3055 Upgrade)	1	12	11	12	11	1	0	2	4	0.50	0.00	1.00	1.00	0	0	1	FORWARDS TURN_LEFT	2	0.00	1
ROUND	PHASE	PLAYER_ID	ENTITY_ID	CHASSIS	MODEL	TYPE	ROLE	X	Y	FACING	MP	HEAT	PRONE	AIRBORNE	OFF_BOARD	CRIPPLED	DESTROYED	ARMOR_P	INTERNAL_P	DONE	MAX_RANGE	TOTAL_DAMAGE	TEAM_ID
6	MOVEMENT	0	1	Atlas	Atlas	BipedMek	SNIPER	25	4	4	2.00	0.00	0	0	0	0	0	0.74	1.00	0	24	21	1
6	MOVEMENT	1	2	LRM Carrier	LRM Carrier	Tank	MISSILE_BOAT	11	10	2	2.00	0.00	0	0	0	0	0	0.91	1.00	0	28	60	2
6	MOVEMENT	1	3	LRM Carrier	LRM Carrier	Tank	MISSILE_BOAT	12	11	1	2.00	0.00	0	0	0	0	0	1.00	1.00	1	28	60	2
6	MOVEMENT	1	4	J. Edgar Light Hover Tank	J. Edgar Light Hover Tank	Tank	SCOUT	23	5	1	11.00	0.00	0	0	0	0	0	0.78	1.00	0	20	5	2
PLAYER_ID	ENTITY_ID	CHASSIS	MODEL	FACING	FROM_X	FROM_Y	TO_X	TO_Y	HEXES_MOVED	DISTANCE	MP_USED	MAX_MP	MP_P	HEAT_P	ARMOR_P	INTERNAL_P	JUMPING	PRONE	LEGAL	STEPS	TEAM_ID	CHANCE_OF_FAILURE	IS_BOT
1	2	LRM Carrier	(3055 Upgrade)	1	12	11	12	11	1	0	2	4	0.50	0.00	0.91	1.00	0	0	1	FORWARDS TURN_LEFT	2	0.00	1
ROUND	PHASE	PLAYER_ID	ENTITY_ID	CHASSIS	MODEL	TYPE	ROLE	X	Y	FACING	MP	HEAT	PRONE	AIRBORNE	OFF_BOARD	CRIPPLED	DESTROYED	ARMOR_P	INTERNAL_P	DONE	MAX_RANGE	TOTAL_DAMAGE	TEAM_ID
6	MOVEMENT	0	1	Atlas	Atlas	BipedMek	SNIPER	25	4	4	2.00	0.00	0	0	0	0	0	0.74	1.00	0	24	21	1
6	MOVEMENT	1	2	LRM Carrier	LRM Carrier	Tank	MISSILE_BOAT	12	11	1	2.00	0.00	0	0	0	0	0	0.91	1.00	1	28	60	2
6	MOVEMENT	1	3	LRM Carrier	LRM Carrier	Tank	MISSILE_BOAT	12	11	1	2.00	0.00	0	0	0	0	0	1.00	1.00	1	28	60	2
6	MOVEMENT	1	4	J. Edgar Light Hover Tank	J. Edgar Light Hover Tank	Tank	SCOUT	23	5	1	11.00	0.00	0	0	0	0	0	0.78	1.00	0	20	5	2
PLAYER_ID	ENTITY_ID	CHASSIS	MODEL	FACING	FROM_X	FROM_Y	TO_X	TO_Y	HEXES_MOVED	DISTANCE	MP_USED	MAX_MP	MP_P	HEAT_P	ARMOR_P	INTERNAL_P	JUMPING	PRONE	LEGAL	STEPS	TEAM_ID	CHANCE_OF_FAILURE	IS_BOT
1	4	J. Edgar Light Hover Tank	(LAC)	2	23	5	23	0	5	0	11	16	0.69	0.00	0.78	1.00	0	0	1	TURN_LEFT FORWARDS FORWARDS FORWARDS FORWARDS FORWARDS TURN_RIGHT TURN_RIGHT	2	0.00	1
ROUND	PHASE	PLAYER_ID	ENTITY_ID	CHASSIS	MODEL	TYPE	ROLE	X	Y	FACING	MP	HEAT	PRONE	AIRBORNE	OFF_BOARD	CRIPPLED	DESTROYED	ARMOR_P	INTERNAL_P	DONE	MAX_RANGE	TOTAL_DAMAGE	TEAM_ID
6	MOVEMENT	0	1	Atlas	Atlas	BipedMek	SNIPER	25	4	4	2.00	0.00	0	0	0	0	0	0.74	1.00	0	24	21	1
6	MOVEMENT	1	2	LRM Carrier	LRM Carrier	Tank	MISSILE_BOAT	12	11	1	2.00	0.00	0	0	0	0	0	0.91	1.00	1	28	60	2
6	MOVEMENT	1	3	LRM Carrier	LRM Carrier	Tank	MISSILE_BOAT	12	11	1	2.00	0.00	0	0	0	0	0	1.00	1.00	1	28	60	2
6	MOVEMENT	1	4	J. Edgar Light Hover Tank	J. Edgar Light Hover Tank	Tank	SCOUT	23	0	2	11.00	0.00	0	0	0	0	0	0.78	1.00	1	20	5	2
PLAYER_ID	ENTITY_ID	CHASSIS	MODEL	FACING	FROM_X	FROM_Y	TO_X	TO_Y	HEXES_MOVED	DISTANCE	MP_USED	MAX_MP	MP_P	HEAT_P	ARMOR_P	INTERNAL_P	JUMPING	PRONE	LEGAL	STEPS	TEAM_ID	CHANCE_OF_FAILURE	IS_BOT
0	1	Atlas	AS7-00 (Jurn)	4	24	5	20	7	5	0	5	6	0.83	0.00	0.74	1.00	0	0	1	FORWARDS FORWARDS FORWARDS FORWARDS FORWARDS	1	0.00	0
ROUND	PHASE	PLAYER_ID	ENTITY_ID	CHASSIS	MODEL	TYPE	ROLE	X	Y	FACING	MP	HEAT	PRONE	AIRBORNE	OFF_BOARD	CRIPPLED	DESTROYED	ARMOR_P	INTERNAL_P	DONE	MAX_RANGE	TOTAL_DAMAGE	TEAM_ID
6	MOVEMENT	0	1	Atlas	Atlas	BipedMek	SNIPER	20	7	4	2.00	0.00	0	0	0	0	0	0.74	1.00	1	24	21	1
6	MOVEMENT	1	2	LRM Carrier	LRM Carrier	Tank	MISSILE_BOAT	12	11	1	2.00	0.00	0	0	0	0	0	0.91	1.00	1	28	60	2
6	MOVEMENT	1	3	LRM Carrier	LRM Carrier	Tank	MISSILE_BOAT	12	11	1	2.00	0.00	0	0	0	0	0	1.00	1.00	1	28	60	2
6	MOVEMENT	1	4	J. Edgar Light Hover Tank	J. Edgar Light Hover Tank	Tank	SCOUT	23	0	2	11.00	0.00	0	0	0	0	0	0.78	1.00	1	20	5	2
ROUND	PHASE	PLAYER_ID	ENTITY_ID	CHASSIS	MODEL	TYPE	ROLE	X	Y	FACING	MP	HEAT	PRONE	AIRBORNE	OFF_BOARD	CRIPPLED	DESTROYED	ARMOR_P	INTERNAL_P	DONE	MAX_RANGE	TOTAL_DAMAGE	TEAM_ID
6	OFFBOARD	0	1	Atlas	Atlas	BipedMek	SNIPER	20	7	4	2.00	0.00	0	0	0	0	0	0.74	1.00	1	24	21	1
6	OFFBOARD	1	2	LRM Carrier	LRM Carrier	Tank	MISSILE_BOAT	12	11	1	2.00	0.00	0	0	0	0	0	0.91	1.00	1	28	60	2
6	OFFBOARD	1	3	LRM Carrier	LRM Carrier	Tank	MISSILE_BOAT	12	11	1	2.00	0.00	0	0	0	0	0	1.00	1.00	1	28	60	2
6	OFFBOARD	1	4	J. Edgar Light Hover Tank	J. Edgar Light Hover Tank	Tank	SCOUT	23	0	2	11.00	0.00	0	0	0	0	0	0.78	1.00	1	20	5	2
6	1	4	Tank	SCOUT	23	0	2	0	1	BipedMek	SNIPER	20	7	4	-1	NONE	0	9	0	0	1	0	2147483647.00	0	-1
ROUND	PLAYER_ID	ENTITY_ID	TYPE	ROLE	X	Y	FACING	TARGET_PLAYER_ID	TARGET_ID	TARGET_TYPE	TARGET_ROLE	TARGET_X	TARGET_Y	TARGET_FACING	AIMING_LOC	AIMING_MODE	WEAPON_ID	AMMO_ID	ATA	ATG	GTG	GTA	TO_HIT	TURNS_TO_HIT	SPOTTER_ID
6	1	2	Tank	MISSILE_BOAT	12	11	1	0	1	BipedMek	SNIPER	20	7	4	-1	NONE	0	8	0	0	1	0	9.00	0	-1
6	1	2	Tank	MISSILE_BOAT	12	11	1	0	1	BipedMek	SNIPER	20	7	4	-1	NONE	2	8	0	0	1	0	9.00	0	-1
6	1	2	Tank	MISSILE_BOAT	12	11	1	0	1	BipedMek	SNIPER	20	7	4	-1	NONE	4	8	0	0	1	0	9.00	0	-1
ROUND	PLAYER_ID	ENTITY_ID	TYPE	ROLE	X	Y	FACING	TARGET_PLAYER_ID	TARGET_ID	TARGET_TYPE	TARGET_ROLE	TARGET_X	TARGET_Y	TARGET_FACING	AIMING_LOC	AIMING_MODE	WEAPON_ID	AMMO_ID	ATA	ATG	GTG	GTA	TO_HIT	TURNS_TO_HIT	SPOTTER_ID
6	1	3	Tank	MISSILE_BOAT	12	11	1	0	1	BipedMek	SNIPER	20	7	4	-1	NONE	0	8	0	0	1	0	9.00	0	-1
6	1	3	Tank	MISSILE_BOAT	12	11	1	0	1	BipedMek	SNIPER	20	7	4	-1	NONE	2	8	0	0	1	0	9.00	0	-1
6	1	3	Tank	MISSILE_BOAT	12	11	1	0	1	BipedMek	SNIPER	20	7	4	-1	NONE	4	8	0	0	1	0	9.00	0	-1
ROUND	PLAYER_ID	ENTITY_ID	TYPE	ROLE	X	Y	FACING	TARGET_PLAYER_ID	TARGET_ID	TARGET_TYPE	TARGET_ROLE	TARGET_X	TARGET_Y	TARGET_FACING	AIMING_LOC	AIMING_MODE	WEAPON_ID	AMMO_ID	ATA	ATG	GTG	GTA	TO_HIT	TURNS_TO_HIT	SPOTTER_ID
6	0	1	BipedMek	SNIPER	20	7	4	1	2	Tank	MISSILE_BOAT	12	11	1	-1	NONE	17	-1	0	0	1	0	6.00	0	-1
6	0	1	BipedMek	SNIPER	20	7	4	1	2	Tank	MISSILE_BOAT	12	11	1	-1	NONE	16	13	0	0	1	0	8.00	0	-1
6	0	1	BipedMek	SNIPER	20	7	4	1	2	Tank	MISSILE_BOAT	12	11	1	-1	NONE	10	11	0	0	1	0	8.00	0	-1
6	0	1	BipedMek	SNIPER	20	7	4	1	2	Tank	MISSILE_BOAT	12	11	1	-1	NONE	6	-1	0	0	1	0	8.00	0	-1
6	0	1	BipedMek	SNIPER	20	7	4	1	2	Tank	MISSILE_BOAT	12	11	1	-1	NONE	9	-1	0	0	1	0	8.00	0	-1
ROUND	PHASE	PLAYER_ID	ENTITY_ID	CHASSIS	MODEL	TYPE	ROLE	X	Y	FACING	MP	HEAT	PRONE	AIRBORNE	OFF_BOARD	CRIPPLED	DESTROYED	ARMOR_P	INTERNAL_P	DONE	MAX_RANGE	TOTAL_DAMAGE	TEAM_ID
6	FIRING	0	1	Atlas	Atlas	BipedMek	SNIPER	20	7	4	2.00	0.00	0	0	0	0	0	0.60	1.00	1	0	21	1
6	FIRING	1	2	LRM Carrier	LRM Carrier	Tank	MISSILE_BOAT	12	11	1	2.00	0.00	0	0	0	1	0	0.74	0.75	1	0	60	2
6	FIRING	1	3	LRM Carrier	LRM Carrier	Tank	MISSILE_BOAT	12	11	1	2.00	0.00	0	0	0	0	0	1.00	1.00	1	0	60	2
6	FIRING	1	4	J. Edgar Light Hover Tank	J. Edgar Light Hover Tank	Tank	SCOUT	23	0	2	11.00	0.00	0	0	0	0	0	0.78	1.00	1	0	5	2
ROUND	PHASE	PLAYER_ID	ENTITY_ID	CHASSIS	MODEL	TYPE	ROLE	X	Y	FACING	MP	HEAT	PRONE	AIRBORNE	OFF_BOARD	CRIPPLED	DESTROYED	ARMOR_P	INTERNAL_P	DONE	MAX_RANGE	TOTAL_DAMAGE	TEAM_ID
7	TARGETING	0	1	Atlas	Atlas	BipedMek	SNIPER	20	7	2	5.00	4.00	1	0	0	0	0	0.58	0.97	1	24	21	1
7	TARGETING	1	3	LRM Carrier	LRM Carrier	Tank	MISSILE_BOAT	12	11	1	2.00	0.00	0	0	0	0	0	1.00	1.00	1	28	60	2
7	TARGETING	1	4	J. Edgar Light Hover Tank	J. Edgar Light Hover Tank	Tank	SCOUT	23	0	2	11.00	0.00	0	0	0	0	0	0.78	1.00	1	20	5	2
PLAYER_ID	ENTITY_ID	CHASSIS	MODEL	FACING	FROM_X	FROM_Y	TO_X	TO_Y	HEXES_MOVED	DISTANCE	MP_USED	MAX_MP	MP_P	HEAT_P	ARMOR_P	INTERNAL_P	JUMPING	PRONE	LEGAL	STEPS	TEAM_ID	CHANCE_OF_FAILURE	IS_BOT
0	1	Atlas	AS7-00 (Jurn)	4	20	7	19	7	1	0	3	6	0.50	0.12	0.58	0.97	0	0	1	GET_UP TURN_RIGHT TURN_RIGHT FORWARDS	1	0.00	0
ROUND	PHASE	PLAYER_ID	ENTITY_ID	CHASSIS	MODEL	TYPE	ROLE	X	Y	FACING	MP	HEAT	PRONE	AIRBORNE	OFF_BOARD	CRIPPLED	DESTROYED	ARMOR_P	INTERNAL_P	DONE	MAX_RANGE	TOTAL_DAMAGE	TEAM_ID
7	MOVEMENT	0	1	Atlas	Atlas	BipedMek	SNIPER	19	7	4	5.00	4.00	0	0	0	0	0	0.58	0.97	1	24	21	1
7	MOVEMENT	1	3	LRM Carrier	LRM Carrier	Tank	MISSILE_BOAT	12	11	1	2.00	0.00	0	0	0	0	0	1.00	1.00	0	28	60	2
7	MOVEMENT	1	4	J. Edgar Light Hover Tank	J. Edgar Light Hover Tank	Tank	SCOUT	23	0	2	11.00	0.00	0	0	0	0	0	0.78	1.00	0	20	5	2
PLAYER_ID	ENTITY_ID	CHASSIS	MODEL	FACING	FROM_X	FROM_Y	TO_X	TO_Y	HEXES_MOVED	DISTANCE	MP_USED	MAX_MP	MP_P	HEAT_P	ARMOR_P	INTERNAL_P	JUMPING	PRONE	LEGAL	STEPS	TEAM_ID	CHANCE_OF_FAILURE	IS_BOT
1	3	LRM Carrier	(3055 Upgrade)	1	-1	-1	12	11	0	0	0	3	0.00	0.00	1.00	1.00	0	0	1		2	0.00	1
ROUND	PHASE	PLAYER_ID	ENTITY_ID	CHASSIS	MODEL	TYPE	ROLE	X	Y	FACING	MP	HEAT	PRONE	AIRBORNE	OFF_BOARD	CRIPPLED	DESTROYED	ARMOR_P	INTERNAL_P	DONE	MAX_RANGE	TOTAL_DAMAGE	TEAM_ID
7	MOVEMENT	0	1	Atlas	Atlas	BipedMek	SNIPER	19	7	4	5.00	4.00	0	0	0	0	0	0.58	0.97	1	24	21	1
7	MOVEMENT	1	3	LRM Carrier	LRM Carrier	Tank	MISSILE_BOAT	12	11	1	2.00	0.00	0	0	0	0	0	1.00	1.00	1	28	60	2
7	MOVEMENT	1	4	J. Edgar Light Hover Tank	J. Edgar Light Hover Tank	Tank	SCOUT	23	0	2	11.00	0.00	0	0	0	0	0	0.78	1.00	0	20	5	2
PLAYER_ID	ENTITY_ID	CHASSIS	MODEL	FACING	FROM_X	FROM_Y	TO_X	TO_Y	HEXES_MOVED	DISTANCE	MP_USED	MAX_MP	MP_P	HEAT_P	ARMOR_P	INTERNAL_P	JUMPING	PRONE	LEGAL	STEPS	TEAM_ID	CHANCE_OF_FAILURE	IS_BOT
1	4	J. Edgar Light Hover Tank	(LAC)	3	23	0	17	2	6	0	12	16	0.75	0.00	0.78	1.00	0	0	1	TURN_RIGHT TURN_RIGHT LATERAL_RIGHT FORWARDS FORWARDS FORWARDS FORWARDS FORWARDS TURN_LEFT	2	0.00	1
ROUND	PHASE	PLAYER_ID	ENTITY_ID	CHASSIS	MODEL	TYPE	ROLE	X	Y	FACING	MP	HEAT	PRONE	AIRBORNE	OFF_BOARD	CRIPPLED	DESTROYED	ARMOR_P	INTERNAL_P	DONE	MAX_RANGE	TOTAL_DAMAGE	TEAM_ID
7	MOVEMENT	0	1	Atlas	Atlas	BipedMek	SNIPER	19	7	4	5.00	4.00	0	0	0	0	0	0.58	0.97	1	24	21	1
7	MOVEMENT	1	3	LRM Carrier	LRM Carrier	Tank	MISSILE_BOAT	12	11	1	2.00	0.00	0	0	0	0	0	1.00	1.00	1	28	60	2
7	MOVEMENT	1	4	J. Edgar Light Hover Tank	J. Edgar Light Hover Tank	Tank	SCOUT	17	2	3	11.00	0.00	0	0	0	0	0	0.78	1.00	1	20	5	2
ROUND	PHASE	PLAYER_ID	ENTITY_ID	CHASSIS	MODEL	TYPE	ROLE	X	Y	FACING	MP	HEAT	PRONE	AIRBORNE	OFF_BOARD	CRIPPLED	DESTROYED	ARMOR_P	INTERNAL_P	DONE	MAX_RANGE	TOTAL_DAMAGE	TEAM_ID
7	OFFBOARD	0	1	Atlas	Atlas	BipedMek	SNIPER	19	7	4	5.00	4.00	0	0	0	0	0	0.58	0.97	1	24	21	1
7	OFFBOARD	1	3	LRM Carrier	LRM Carrier	Tank	MISSILE_BOAT	12	11	1	2.00	0.00	0	0	0	0	0	1.00	1.00	1	28	60	2
7	OFFBOARD	1	4	J. Edgar Light Hover Tank	J. Edgar Light Hover Tank	Tank	SCOUT	17	2	3	11.00	0.00	0	0	0	0	0	0.78	1.00	1	20	5	2
ROUND	PLAYER_ID	ENTITY_ID	TYPE	ROLE	X	Y	FACING	TARGET_PLAYER_ID	TARGET_ID	TARGET_TYPE	TARGET_ROLE	TARGET_X	TARGET_Y	TARGET_FACING	AIMING_LOC	AIMING_MODE	WEAPON_ID	AMMO_ID	ATA	ATG	GTG	GTA	TO_HIT	TURNS_TO_HIT	SPOTTER_ID
7	0	1	BipedMek	SNIPER	19	7	4	1	3	Tank	MISSILE_BOAT	12	11	1	-1	NONE	17	-1	0	0	1	0	5.00	0	-1
7	0	1	BipedMek	SNIPER	19	7	4	1	3	Tank	MISSILE_BOAT	12	11	1	-1	NONE	16	13	0	0	1	0	7.00	0	-1
7	0	1	BipedMek	SNIPER	19	7	4	1	3	Tank	MISSILE_BOAT	12	11	1	-1	NONE	10	11	0	0	1	0	7.00	0	-1
ROUND	PLAYER_ID	ENTITY_ID	TYPE	ROLE	X	Y	FACING	TARGET_PLAYER_ID	TARGET_ID	TARGET_TYPE	TARGET_ROLE	TARGET_X	TARGET_Y	TARGET_FACING	AIMING_LOC	AIMING_MODE	WEAPON_ID	AMMO_ID	ATA	ATG	GTG	GTA	TO_HIT	TURNS_TO_HIT	SPOTTER_ID
7	1	4	Tank	SCOUT	17	2	3	0	1	BipedMek	SNIPER	19	7	4	-1	NONE	0	9	0	0	1	0	9.00	0	-1
ROUND	PLAYER_ID	ENTITY_ID	TYPE	ROLE	X	Y	FACING	TARGET_PLAYER_ID	TARGET_ID	TARGET_TYPE	TARGET_ROLE	TARGET_X	TARGET_Y	TARGET_FACING	AIMING_LOC	AIMING_MODE	WEAPON_ID	AMMO_ID	ATA	ATG	GTG	GTA	TO_HIT	TURNS_TO_HIT	SPOTTER_ID
7	1	3	Tank	MISSILE_BOAT	12	11	1	0	1	BipedMek	SNIPER	19	7	4	-1	NONE	0	8	0	0	1	0	4.00	0	-1
7	1	3	Tank	MISSILE_BOAT	12	11	1	0	1	BipedMek	SNIPER	19	7	4	-1	NONE	2	8	0	0	1	0	4.00	0	-1
7	1	3	Tank	MISSILE_BOAT	12	11	1	0	1	BipedMek	SNIPER	19	7	4	-1	NONE	4	8	0	0	1	0	4.00	0	-1
ROUND	PHASE	PLAYER_ID	ENTITY_ID	CHASSIS	MODEL	TYPE	ROLE	X	Y	FACING	MP	HEAT	PRONE	AIRBORNE	OFF_BOARD	CRIPPLED	DESTROYED	ARMOR_P	INTERNAL_P	DONE	MAX_RANGE	TOTAL_DAMAGE	TEAM_ID
7	FIRING	0	1	Atlas	Atlas	BipedMek	SNIPER	19	7	4	5.00	4.00	0	0	0	0	0	0.46	0.92	1	24	21	1
7	FIRING	1	3	LRM Carrier	LRM Carrier	Tank	MISSILE_BOAT	12	11	1	2.00	0.00	0	0	0	1	0	0.74	0.75	1	0	60	2
7	FIRING	1	4	J. Edgar Light Hover Tank	J. Edgar Light Hover Tank	Tank	SCOUT	17	2	3	11.00	0.00	0	0	0	0	0	0.78	1.00	1	0	5	2
ROUND	PHASE	PLAYER_ID	ENTITY_ID	CHASSIS	MODEL	TYPE	ROLE	X	Y	FACING	MP	HEAT	PRONE	AIRBORNE	OFF_BOARD	CRIPPLED	DESTROYED	ARMOR_P	INTERNAL_P	DONE	MAX_RANGE	TOTAL_DAMAGE	TEAM_ID
8	TARGETING	0	1	Atlas	Atlas	BipedMek	SNIPER	19	7	1	3.00	0.00	1	0	0	0	0	0.44	0.89	1	24	21	1
8	TARGETING	1	4	J. Edgar Light Hover Tank	J. Edgar Light Hover Tank	Tank	SCOUT	17	2	3	12.00	0.00	0	0	0	0	0	0.78	1.00	1	20	5	2
PLAYER_ID	ENTITY_ID	CHASSIS	MODEL	FACING	FROM_X	FROM_Y	TO_X	TO_Y	HEXES_MOVED	DISTANCE	MP_USED	MAX_MP	MP_P	HEAT_P	ARMOR_P	INTERNAL_P	JUMPING	PRONE	LEGAL	STEPS	TEAM_ID	CHANCE_OF_FAILURE	IS_BOT
0	1	Atlas	AS7-00 (Jurn)	0	19	7	20	7	1	0	4	6	0.67	0.00	0.44	0.89	0	0	1	GET_UP FORWARDS TURN_LEFT	1	0.00	0
ROUND	PHASE	PLAYER_ID	ENTITY_ID	CHASSIS	MODEL	TYPE	ROLE	X	Y	FACING	MP	HEAT	PRONE	AIRBORNE	OFF_BOARD	CRIPPLED	DESTROYED	ARMOR_P	INTERNAL_P	DONE	MAX_RANGE	TOTAL_DAMAGE	TEAM_ID
8	MOVEMENT	0	1	Atlas	Atlas	BipedMek	SNIPER	20	7	0	3.00	0.00	0	0	0	0	0	0.44	0.89	1	24	21	1
8	MOVEMENT	1	4	J. Edgar Light Hover Tank	J. Edgar Light Hover Tank	Tank	SCOUT	17	2	3	12.00	0.00	0	0	0	0	0	0.78	1.00	0	20	5	2
PLAYER_ID	ENTITY_ID	CHASSIS	MODEL	FACING	FROM_X	FROM_Y	TO_X	TO_Y	HEXES_MOVED	DISTANCE	MP_USED	MAX_MP	MP_P	HEAT_P	ARMOR_P	INTERNAL_P	JUMPING	PRONE	LEGAL	STEPS	TEAM_ID	CHANCE_OF_FAILURE	IS_BOT
1	4	J. Edgar Light Hover Tank	(LAC)	3	17	2	20	6	5	0	7	16	0.44	0.00	0.78	1.00	0	0	1	CLIMB_MODE_ON FORWARDS FORWARDS TURN_LEFT FORWARDS FORWARDS FORWARDS TURN_RIGHT	2	0.00	1
ROUND	PHASE	PLAYER_ID	ENTITY_ID	CHASSIS	MODEL	TYPE	ROLE	X	Y	FACING	MP	HEAT	PRONE	AIRBORNE	OFF_BOARD	CRIPPLED	DESTROYED	ARMOR_P	INTERNAL_P	DONE	MAX_RANGE	TOTAL_DAMAGE	TEAM_ID
8	MOVEMENT	0	1	Atlas	Atlas	BipedMek	SNIPER	20	7	0	3.00	0.00	0	0	0	0	0	0.44	0.89	1	24	21	1
8	MOVEMENT	1	4	J. Edgar Light Hover Tank	J. Edgar Light Hover Tank	Tank	SCOUT	20	6	3	12.00	0.00	0	0	0	0	0	0.78	1.00	1	20	5	2
ROUND	PHASE	PLAYER_ID	ENTITY_ID	CHASSIS	MODEL	TYPE	ROLE	X	Y	FACING	MP	HEAT	PRONE	AIRBORNE	OFF_BOARD	CRIPPLED	DESTROYED	ARMOR_P	INTERNAL_P	DONE	MAX_RANGE	TOTAL_DAMAGE	TEAM_ID
8	OFFBOARD	0	1	Atlas	Atlas	BipedMek	SNIPER	20	7	0	3.00	0.00	0	0	0	0	0	0.44	0.89	1	24	21	1
8	OFFBOARD	1	4	J. Edgar Light Hover Tank	J. Edgar Light Hover Tank	Tank	SCOUT	20	6	3	12.00	0.00	0	0	0	0	0	0.78	1.00	1	20	5	2
ROUND	PLAYER_ID	ENTITY_ID	TYPE	ROLE	X	Y	FACING	TARGET_PLAYER_ID	TARGET_ID	TARGET_TYPE	TARGET_ROLE	TARGET_X	TARGET_Y	TARGET_FACING	AIMING_LOC	AIMING_MODE	WEAPON_ID	AMMO_ID	ATA	ATG	GTG	GTA	TO_HIT	TURNS_TO_HIT	SPOTTER_ID
8	0	1	BipedMek	SNIPER	20	7	0	1	4	Tank	SCOUT	20	6	3	-1	NONE	17	-1	0	0	1	0	8.00	0	-1
8	0	1	BipedMek	SNIPER	20	7	0	1	4	Tank	SCOUT	20	6	3	-1	NONE	16	13	0	0	1	0	8.00	0	-1
ROUND	PLAYER_ID	ENTITY_ID	TYPE	ROLE	X	Y	FACING	TARGET_PLAYER_ID	TARGET_ID	TARGET_TYPE	TARGET_ROLE	TARGET_X	TARGET_Y	TARGET_FACING	AIMING_LOC	AIMING_MODE	WEAPON_ID	AMMO_ID	ATA	ATG	GTG	GTA	TO_HIT	TURNS_TO_HIT	SPOTTER_ID
8	1	4	Tank	SCOUT	20	6	3	0	1	BipedMek	SNIPER	20	7	0	-1	NONE	0	9	0	0	1	0	8.00	0	-1
ROUND	PHASE	PLAYER_ID	ENTITY_ID	CHASSIS	MODEL	TYPE	ROLE	X	Y	FACING	MP	HEAT	PRONE	AIRBORNE	OFF_BOARD	CRIPPLED	DESTROYED	ARMOR_P	INTERNAL_P	DONE	MAX_RANGE	TOTAL_DAMAGE	TEAM_ID
8	FIRING	0	1	Atlas	Atlas	BipedMek	SNIPER	20	7	0	3.00	0.00	0	0	0	0	0	0.44	0.89	1	24	21	1
8	FIRING	1	4	J. Edgar Light Hover Tank	J. Edgar Light Hover Tank	Tank	SCOUT	20	6	3	12.00	0.00	0	0	0	0	0	0.66	1.00	1	0	5	2
ROUND	PLAYER_ID	ENTITY_ID	TYPE	ROLE	X	Y	FACING	TARGET_PLAYER_ID	TARGET_ID	TARGET_TYPE	TARGET_ROLE	TARGET_X	TARGET_Y	TARGET_FACING	AIMING_LOC	AIMING_MODE	WEAPON_ID	AMMO_ID	ATA	ATG	GTG	GTA	TO_HIT	TURNS_TO_HIT	SPOTTER_ID
8	0	1	BipedMek	SNIPER	20	7	0	1	4	Tank	SCOUT	20	6	3	-1	NONE	-1	-1	0	0	0	0	0	0	-1
ROUND	PHASE	PLAYER_ID	ENTITY_ID	CHASSIS	MODEL	TYPE	ROLE	X	Y	FACING	MP	HEAT	PRONE	AIRBORNE	OFF_BOARD	CRIPPLED	DESTROYED	ARMOR_P	INTERNAL_P	DONE	MAX_RANGE	TOTAL_DAMAGE	TEAM_ID
9	TARGETING	0	1	Atlas	Atlas	BipedMek	SNIPER	20	7	0	4.00	0.00	0	0	0	0	0	0.44	0.89	1	24	21	1
ROUND	PHASE	PLAYER_ID	ENTITY_ID	CHASSIS	MODEL	TYPE	ROLE	X	Y	FACING	MP	HEAT	PRONE	AIRBORNE	OFF_BOARD	CRIPPLED	DESTROYED	ARMOR_P	INTERNAL_P	DONE	MAX_RANGE	TOTAL_DAMAGE	TEAM_ID
9	OFFBOARD	0	1	Atlas	Atlas	BipedMek	SNIPER	20	7	0	4.00	0.00	0	0	0	0	0	0.44	0.89	1	24	21	1
ROUND	PHASE	PLAYER_ID	ENTITY_ID	CHASSIS	MODEL	TYPE	ROLE	X	Y	FACING	MP	HEAT	PRONE	AIRBORNE	OFF_BOARD	CRIPPLED	DESTROYED	ARMOR_P	INTERNAL_P	DONE	MAX_RANGE	TOTAL_DAMAGE	TEAM_ID
9	FIRING	0	1	Atlas	Atlas	BipedMek	SNIPER	20	7	0	4.00	0.00	0	0	0	0	0	0.44	0.89	1	24	21	1
